/scratch/dandans/Deepreach_mpc/reachAvoidDocking/deepReachMPCReachAvoid/utils/controllers/hybrid_learning_controller.py:178: FutureWarning: You are using `torch.load` with `weights_only=False` (the current default value), which uses the default pickle module implicitly. It is possible to construct malicious pickle data which will execute arbitrary code during unpickling (See https://github.com/pytorch/pytorch/blob/main/SECURITY.md#untrusted-models for more details). In a future release, the default value for `weights_only` will be flipped to `True`. This limits the functions that could be executed during unpickling. Arbitrary objects will no longer be allowed to be loaded via this mode unless they are explicitly allowlisted by the user via `torch.serialization.add_safe_globals`. We recommend you start setting `weights_only=True` for any use case where you don't have full control of the loaded file. Please open an issue on GitHub for any issues related to this experimental feature.
  ckpt = torch.load(checkpoint_path, map_location=device)

Feasibility bounds (2/3 tMax budget): v_max=0.767 m/s  omega_max=0.3500 rad/s
  WARNING: SAMPLING_STATE_RANGE exceeds feasibility bounds

Building grid-based controller (for IC filtering & rollouts)...
  JAX backend: gpu  devices: [CudaDevice(id=0)]
Loading cached grid values  (fingerprint=b99a01192e663a9e) ...
  Cache loaded successfully.
  Converting value arrays to numpy ...
  Avoid checkpoint not found at 'runs/Docking6D_RA_avoid', skipping avoid-BRT filter.
  Grid-based BRAT filter ready — ICs will satisfy max(V_4D, V_2D) <= 0 at t=60.0s horizon

Sampling 500 initial conditions (seed=19, method=grid_brat) ...
  IC sampling stats:  checked=5000  rejected_geom=268  rejected_avoid_brt=0  rejected_brat=63  accepted=500
Sampled 500 valid ICs.

Initial conditions saved to ./outputs/4way_comparison/initial_conditions.npy

Building controller: brat
SingleBVPNet(
  (net): FCBlock(
    (net): Sequential(
      (0): Sequential(
        (0): BatchLinear(in_features=8, out_features=512, bias=True)
        (1): Sine()
      )
      (1): Sequential(
        (0): BatchLinear(in_features=512, out_features=512, bias=True)
        (1): Sine()
      )
      (2): Sequential(
        (0): BatchLinear(in_features=512, out_features=512, bias=True)
        (1): Sine()
      )
      (3): Sequential(
        (0): BatchLinear(in_features=512, out_features=512, bias=True)
        (1): Sine()
      )
      (4): Sequential(
        (0): BatchLinear(in_features=512, out_features=1, bias=True)
      )
    )
  )
)
Loaded model from runs/Docking6D_RA/training/checkpoints/model_final.pth
Dynamics: Docking6D, tMax: 10.0s, dt: 0.1s

Building controller: vanilla_brat
SingleBVPNet(
  (net): FCBlock(
    (net): Sequential(
      (0): Sequential(
        (0): BatchLinear(in_features=8, out_features=512, bias=True)
        (1): Sine()
      )
      (1): Sequential(
        (0): BatchLinear(in_features=512, out_features=512, bias=True)
        (1): Sine()
      )
      (2): Sequential(
        (0): BatchLinear(in_features=512, out_features=512, bias=True)
        (1): Sine()
      )
      (3): Sequential(
        (0): BatchLinear(in_features=512, out_features=512, bias=True)
        (1): Sine()
      )
      (4): Sequential(
        (0): BatchLinear(in_features=512, out_features=1, bias=True)
      )
    )
  )
)
Loaded model from runs/Docking6D_Vanilla/training/checkpoints/model_final.pth
Dynamics: Docking6D, tMax: 10.0s, dt: 0.1s

Building controller: hybrid_learning
SingleBVPNet(
  (net): FCBlock(
    (net): Sequential(
      (0): Sequential(
        (0): BatchLinear(in_features=5, out_features=256, bias=True)
        (1): Sine()
      )
      (1): Sequential(
        (0): BatchLinear(in_features=256, out_features=256, bias=True)
        (1): Sine()
      )
      (2): Sequential(
        (0): BatchLinear(in_features=256, out_features=256, bias=True)
        (1): Sine()
      )
      (3): Sequential(
        (0): BatchLinear(in_features=256, out_features=256, bias=True)
        (1): Sine()
      )
      (4): Sequential(
        (0): BatchLinear(in_features=256, out_features=1, bias=True)
      )
    )
  )
)
Loading cached grid values  (fingerprint=b99a01192e663a9e) ...
  Cache loaded successfully.

============================================================
Running 500 rollouts for Grid-Based HJ
============================================================
  [  1/500] DOCKED     t=  30.4s  θ_err=  -2.24°  effort=  861.1
  [  2/500] DOCKED     t=  32.5s  θ_err=  -0.11°  effort=  920.5
  [  3/500] DOCKED     t=  18.3s  θ_err=  -2.21°  effort=  518.3
  [  4/500] DOCKED     t=  36.8s  θ_err=  -2.20°  effort= 1042.3
  [  5/500] DOCKED     t=  31.3s  θ_err=  -1.28°  effort=  886.5
  [  6/500] DOCKED     t=  27.3s  θ_err=  -1.52°  effort=  773.2
  [  7/500] DOCKED     t=  21.1s  θ_err=  -0.76°  effort=  597.6
  [  8/500] DOCKED     t=  32.1s  θ_err=  +0.29°  effort=  909.2
  [  9/500] DOCKED     t=  39.1s  θ_err=  -0.53°  effort= 1107.5
  [ 10/500] DOCKED     t=  33.0s  θ_err=  -1.49°  effort=  934.7
  [ 11/500] DOCKED     t=  26.7s  θ_err=  -2.15°  effort=  756.3
  [ 12/500] DOCKED     t=  11.5s  θ_err=  +0.52°  effort=  325.7
  [ 13/500] DOCKED     t=  24.3s  θ_err=  -2.27°  effort=  688.3
  [ 14/500] DOCKED     t=  27.1s  θ_err=  -1.54°  effort=  767.6
  [ 15/500] DOCKED     t=  28.8s  θ_err=  -2.20°  effort=  815.7
  [ 16/500] DOCKED     t=  31.3s  θ_err=  +2.15°  effort=  886.5
  [ 17/500] DOCKED     t=  27.8s  θ_err=  -2.22°  effort=  787.4
  [ 18/500] DOCKED     t=  36.8s  θ_err=  +0.92°  effort= 1042.3
  [ 19/500] DOCKED     t=  21.9s  θ_err=  -1.38°  effort=  620.3
  [ 20/500] DOCKED     t=  19.7s  θ_err=  +1.53°  effort=  558.0
  [ 21/500] DOCKED     t=  25.9s  θ_err=  -2.19°  effort=  733.6
  [ 22/500] DOCKED     t=  21.0s  θ_err=  -2.23°  effort=  594.8
  [ 23/500] DOCKED     t=  34.8s  θ_err=  +1.25°  effort=  985.7
  [ 24/500] DOCKED     t=  26.2s  θ_err=  -2.22°  effort=  742.1
  [ 25/500] DOCKED     t=  13.1s  θ_err=  -1.91°  effort=  371.0
  [ 26/500] DOCKED     t=  24.4s  θ_err=  -1.52°  effort=  691.1
  [ 27/500] DOCKED     t=  30.2s  θ_err=  -1.57°  effort=  855.4
  [ 28/500] DOCKED     t=  29.3s  θ_err=  +2.27°  effort=  829.9
  [ 29/500] DOCKED     t=  28.6s  θ_err=  -0.73°  effort=  810.1
  [ 30/500] DOCKED     t=  27.9s  θ_err=  -2.27°  effort=  790.2
  [ 31/500] DOCKED     t=  29.2s  θ_err=  -2.19°  effort=  827.1
  [ 32/500] DOCKED     t=  23.9s  θ_err=  +0.98°  effort=  676.9
  [ 33/500] DOCKED     t=  26.6s  θ_err=  -2.29°  effort=  753.4
  [ 34/500] DOCKED     t=  27.9s  θ_err=  -2.19°  effort=  790.2
  [ 35/500] DOCKED     t=  27.1s  θ_err=  -1.85°  effort=  767.6
  [ 36/500] DOCKED     t=  22.9s  θ_err=  -1.57°  effort=  648.6
  [ 37/500] DOCKED     t=  30.3s  θ_err=  -2.17°  effort=  858.2
  [ 38/500] DOCKED     t=  22.0s  θ_err=  -2.23°  effort=  623.1
  [ 39/500] DOCKED     t=  20.8s  θ_err=  +1.23°  effort=  589.1
  [ 40/500] DOCKED     t=  20.5s  θ_err=  -2.22°  effort=  580.6
  [ 41/500] DOCKED     t=  34.5s  θ_err=  +2.26°  effort=  977.2
  [ 42/500] DOCKED     t=  24.5s  θ_err=  -2.28°  effort=  693.9
  [ 43/500] DOCKED     t=  19.1s  θ_err=  -1.20°  effort=  541.0
  [ 44/500] DOCKED     t=  29.5s  θ_err=  +1.20°  effort=  835.6
  [ 45/500] DOCKED     t=  25.2s  θ_err=  -2.16°  effort=  713.8
  [ 46/500] DOCKED     t=  24.4s  θ_err=  -1.15°  effort=  691.1
  [ 47/500] DOCKED     t=  14.4s  θ_err=  -0.06°  effort=  407.9
  [ 48/500] DOCKED     t=  29.3s  θ_err=  +0.55°  effort=  829.9
  [ 49/500] DOCKED     t=  23.8s  θ_err=  -0.54°  effort=  674.1
  [ 50/500] DOCKED     t=  30.7s  θ_err=  -0.65°  effort=  869.5
  [ 51/500] DOCKED     t=  37.7s  θ_err=  +2.28°  effort= 1067.8
  [ 52/500] DOCKED     t=  31.2s  θ_err=  -0.75°  effort=  883.7
  [ 53/500] DOCKED     t=  29.6s  θ_err=  -2.02°  effort=  838.4
  [ 54/500] DOCKED     t=  28.3s  θ_err=  -1.89°  effort=  801.6
  [ 55/500] DOCKED     t=  33.7s  θ_err=  +0.95°  effort=  954.5
  [ 56/500] DOCKED     t=  26.6s  θ_err=  -2.27°  effort=  753.4
  [ 57/500] DOCKED     t=  21.6s  θ_err=  -2.29°  effort=  611.8
  [ 58/500] DOCKED     t=  28.6s  θ_err=  -2.29°  effort=  810.1
  [ 59/500] DOCKED     t=  32.4s  θ_err=  +0.01°  effort=  917.7
  [ 60/500] DOCKED     t=  20.2s  θ_err=  -1.44°  effort=  572.1
  [ 61/500] DOCKED     t=  25.6s  θ_err=  -1.28°  effort=  725.1
  [ 62/500] DOCKED     t=  21.6s  θ_err=  -1.02°  effort=  611.8
  [ 63/500] DOCKED     t=  27.7s  θ_err=  +2.08°  effort=  784.6
  [ 64/500] DOCKED     t=  25.8s  θ_err=  -2.28°  effort=  730.8
  [ 65/500] DOCKED     t=  26.8s  θ_err=  -2.11°  effort=  759.1
  [ 66/500] DOCKED     t=  20.7s  θ_err=  -1.24°  effort=  586.3
  [ 67/500] DOCKED     t=  35.8s  θ_err=  -0.83°  effort= 1014.0
  [ 68/500] DOCKED     t=  18.7s  θ_err=  -2.28°  effort=  529.7
  [ 69/500] DOCKED     t=  24.5s  θ_err=  -1.45°  effort=  693.9
  [ 70/500] DOCKED     t=  22.8s  θ_err=  -1.63°  effort=  645.8
  [ 71/500] DOCKED     t=  34.0s  θ_err=  -2.29°  effort=  963.0
  [ 72/500] DOCKED     t=  25.6s  θ_err=  -2.27°  effort=  725.1
  [ 73/500] DOCKED     t=  26.4s  θ_err=  -1.95°  effort=  747.8
  [ 74/500] DOCKED     t=  25.9s  θ_err=  -1.57°  effort=  733.6
  [ 75/500] DOCKED     t=  12.6s  θ_err=  -1.85°  effort=  356.9
  [ 76/500] DOCKED     t=  30.6s  θ_err=  -1.63°  effort=  866.7
  [ 77/500] DOCKED     t=  29.9s  θ_err=  +2.27°  effort=  846.9
  [ 78/500] DOCKED     t=  26.2s  θ_err=  +2.03°  effort=  742.1
  [ 79/500] DOCKED     t=  23.3s  θ_err=  +2.28°  effort=  659.9
  [ 80/500] DOCKED     t=  27.2s  θ_err=  +2.26°  effort=  770.4
  [ 81/500] DOCKED     t=  20.7s  θ_err=  -1.68°  effort=  586.3
  [ 82/500] DOCKED     t=  34.6s  θ_err=  -0.00°  effort=  980.0
  [ 83/500] DOCKED     t=  30.3s  θ_err=  +2.05°  effort=  858.2
  [ 84/500] DOCKED     t=  39.4s  θ_err=  +0.58°  effort= 1116.0
  [ 85/500] DOCKED     t=  29.4s  θ_err=  +2.22°  effort=  832.7
  [ 86/500] DOCKED     t=  28.2s  θ_err=  -2.23°  effort=  798.7
  [ 87/500] DOCKED     t=  31.7s  θ_err=  -2.18°  effort=  897.9
  [ 88/500] DOCKED     t=  33.4s  θ_err=  -0.33°  effort=  946.0
  [ 89/500] DOCKED     t=  24.5s  θ_err=  -1.33°  effort=  693.9
  [ 90/500] DOCKED     t=  18.0s  θ_err=  +1.74°  effort=  509.8
  [ 91/500] DOCKED     t=  21.2s  θ_err=  -0.96°  effort=  600.5
  [ 92/500] DOCKED     t=  23.9s  θ_err=  -2.19°  effort=  676.9
  [ 93/500] DOCKED     t=  29.1s  θ_err=  -1.55°  effort=  824.2
  [ 94/500] DOCKED     t=  35.9s  θ_err=  -0.44°  effort= 1016.8
  [ 95/500] DOCKED     t=  35.2s  θ_err=  -1.37°  effort=  997.0
  [ 96/500] DOCKED     t=  29.0s  θ_err=  -1.15°  effort=  821.4
  [ 97/500] DOCKED     t=  20.5s  θ_err=  +1.11°  effort=  580.6
  [ 98/500] DOCKED     t=  30.0s  θ_err=  -0.45°  effort=  849.7
  [ 99/500] DOCKED     t=  33.7s  θ_err=  +0.06°  effort=  954.5
  [100/500] DOCKED     t=  38.5s  θ_err=  +2.28°  effort= 1090.5
  [101/500] DOCKED     t=  33.2s  θ_err=  -0.71°  effort=  940.4
  [102/500] DOCKED     t=  16.0s  θ_err=  +1.51°  effort=  453.2
  [103/500] DOCKED     t=  28.2s  θ_err=  -1.54°  effort=  798.7
  [104/500] DOCKED     t=  32.1s  θ_err=  -0.64°  effort=  909.2
  [105/500] DOCKED     t=  20.8s  θ_err=  -2.15°  effort=  589.1
  [106/500] DOCKED     t=  32.8s  θ_err=  +2.18°  effort=  929.0
  [107/500] DOCKED     t=  30.0s  θ_err=  -2.14°  effort=  849.7
  [108/500] DOCKED     t=  37.5s  θ_err=  -2.28°  effort= 1062.2
  [109/500] DOCKED     t=  33.7s  θ_err=  -1.01°  effort=  954.5
  [110/500] DOCKED     t=  25.8s  θ_err=  +0.54°  effort=  730.8
  [111/500] DOCKED     t=  21.5s  θ_err=  -2.22°  effort=  609.0
  [112/500] DOCKED     t=  33.6s  θ_err=  -2.29°  effort=  951.7
  [113/500] DOCKED     t=  35.2s  θ_err=  -1.15°  effort=  997.0
  [114/500] DOCKED     t=  27.2s  θ_err=  -0.60°  effort=  770.4
  [115/500] DOCKED     t=  26.1s  θ_err=  +2.26°  effort=  739.3
  [116/500] DOCKED     t=  20.2s  θ_err=  -2.27°  effort=  572.1
  [117/500] DOCKED     t=  28.6s  θ_err=  -2.25°  effort=  810.1
  [118/500] DOCKED     t=  27.3s  θ_err=  -2.28°  effort=  773.2
  [119/500] DOCKED     t=  20.4s  θ_err=  -1.86°  effort=  577.8
  [120/500] DOCKED     t=  29.9s  θ_err=  -1.97°  effort=  846.9
  [121/500] DOCKED     t=  21.5s  θ_err=  +2.29°  effort=  609.0
  [122/500] DOCKED     t=  27.2s  θ_err=  +2.19°  effort=  770.4
  [123/500] DOCKED     t=  37.9s  θ_err=  -2.26°  effort= 1073.5
  [124/500] DOCKED     t=  19.7s  θ_err=  -1.47°  effort=  558.0
  [125/500] DOCKED     t=  17.4s  θ_err=  -1.56°  effort=  492.8
  [126/500] DOCKED     t=  33.2s  θ_err=  -2.29°  effort=  940.4
  [127/500] DOCKED     t=  30.2s  θ_err=  -0.71°  effort=  855.4
  [128/500] DOCKED     t=  19.3s  θ_err=  -2.20°  effort=  546.7
  [129/500] DOCKED     t=  31.4s  θ_err=  -1.94°  effort=  889.4
  [130/500] DOCKED     t=  18.0s  θ_err=  -2.23°  effort=  509.8
  [131/500] DOCKED     t=  32.1s  θ_err=  +0.27°  effort=  909.2
  [132/500] DOCKED     t=  19.5s  θ_err=  +1.53°  effort=  552.3
  [133/500] DOCKED     t=  26.1s  θ_err=  -2.24°  effort=  739.3
  [134/500] DOCKED     t=  34.6s  θ_err=  -2.26°  effort=  980.0
  [135/500] DOCKED     t=  28.9s  θ_err=  -1.62°  effort=  818.6
  [136/500] DOCKED     t=  34.9s  θ_err=  -2.27°  effort=  988.5
  [137/500] DOCKED     t=  32.9s  θ_err=  -1.73°  effort=  931.9
  [138/500] DOCKED     t=  22.6s  θ_err=  -1.33°  effort=  640.1
  [139/500] DOCKED     t=  28.4s  θ_err=  +2.01°  effort=  804.4
  [140/500] DOCKED     t=  22.0s  θ_err=  -2.25°  effort=  623.1
  [141/500] DOCKED     t=  32.7s  θ_err=  +0.59°  effort=  926.2
  [142/500] DOCKED     t=  23.9s  θ_err=  -1.14°  effort=  676.9
  [143/500] DOCKED     t=  31.5s  θ_err=  +1.56°  effort=  892.2
  [144/500] DOCKED     t=  17.2s  θ_err=  -2.20°  effort=  487.2
  [145/500] DOCKED     t=  23.7s  θ_err=  -1.83°  effort=  671.3
  [146/500] DOCKED     t=  17.3s  θ_err=  -2.22°  effort=  490.0
  [147/500] DOCKED     t=  23.4s  θ_err=  -1.50°  effort=  662.8
  [148/500] DOCKED     t=  27.8s  θ_err=  +0.32°  effort=  787.4
  [149/500] DOCKED     t=  25.9s  θ_err=  -2.27°  effort=  733.6
  [150/500] DOCKED     t=  39.2s  θ_err=  -2.29°  effort= 1110.3
  [151/500] DOCKED     t=  25.7s  θ_err=  -1.84°  effort=  727.9
  [152/500] DOCKED     t=  15.2s  θ_err=  -2.10°  effort=  430.5
  [153/500] DOCKED     t=  39.6s  θ_err=  +1.50°  effort= 1121.6
  [154/500] DOCKED     t=  21.9s  θ_err=  +1.37°  effort=  620.3
  [155/500] DOCKED     t=   7.7s  θ_err=  +1.71°  effort=  218.1
  [156/500] DOCKED     t=  22.6s  θ_err=  -0.35°  effort=  640.1
  [157/500] DOCKED     t=  19.4s  θ_err=  +1.47°  effort=  549.5
  [158/500] DOCKED     t=  34.3s  θ_err=  -1.00°  effort=  971.5
  [159/500] DOCKED     t=  33.1s  θ_err=  +1.41°  effort=  937.5
  [160/500] DOCKED     t=  17.6s  θ_err=  -1.85°  effort=  498.5
  [161/500] DOCKED     t=  25.3s  θ_err=  +0.01°  effort=  716.6
  [162/500] DOCKED     t=  35.1s  θ_err=  -1.29°  effort=  994.2
  [163/500] DOCKED     t=  43.0s  θ_err=  +2.22°  effort= 1217.9
  [164/500] DOCKED     t=  27.2s  θ_err=  -2.10°  effort=  770.4
  [165/500] DOCKED     t=  17.0s  θ_err=  -1.08°  effort=  481.5
  [166/500] DOCKED     t=  27.0s  θ_err=  -2.14°  effort=  764.7
  [167/500] DOCKED     t=  22.7s  θ_err=  +1.44°  effort=  643.0
  [168/500] DOCKED     t=  19.6s  θ_err=  -2.22°  effort=  555.2
  [169/500] DOCKED     t=  30.5s  θ_err=  +1.41°  effort=  863.9
  [170/500] DOCKED     t=  32.3s  θ_err=  -1.90°  effort=  914.9
  [171/500] TIMEOUT    t=  60.0s  θ_err=  +2.28°  effort= 1699.4
  [172/500] DOCKED     t=  35.4s  θ_err=  -2.04°  effort= 1002.7
  [173/500] DOCKED     t=  37.0s  θ_err=  +0.13°  effort= 1048.0
  [174/500] DOCKED     t=  33.0s  θ_err=  -2.24°  effort=  934.7
  [175/500] DOCKED     t=  32.6s  θ_err=  -1.54°  effort=  923.4
  [176/500] DOCKED     t=  16.5s  θ_err=  -2.27°  effort=  467.3
  [177/500] DOCKED     t=  38.3s  θ_err=  -2.26°  effort= 1084.8
  [178/500] DOCKED     t=  20.0s  θ_err=  -1.36°  effort=  566.5
  [179/500] DOCKED     t=  34.1s  θ_err=  -0.40°  effort=  965.8
  [180/500] DOCKED     t=  25.7s  θ_err=  -1.41°  effort=  727.9
  [181/500] DOCKED     t=  28.9s  θ_err=  -2.28°  effort=  818.6
  [182/500] DOCKED     t=  17.7s  θ_err=  -1.46°  effort=  501.3
  [183/500] DOCKED     t=  41.1s  θ_err=  -2.25°  effort= 1164.1
  [184/500] DOCKED     t=  28.5s  θ_err=  -2.29°  effort=  807.2
  [185/500] DOCKED     t=  34.4s  θ_err=  -0.63°  effort=  974.3
  [186/500] DOCKED     t=  31.7s  θ_err=  -1.75°  effort=  897.9
  [187/500] DOCKED     t=  31.8s  θ_err=  +0.04°  effort=  900.7
  [188/500] DOCKED     t=  28.0s  θ_err=  +2.22°  effort=  793.1
  [189/500] DOCKED     t=  32.2s  θ_err=  +0.29°  effort=  912.0
  [190/500] DOCKED     t=  21.8s  θ_err=  -2.19°  effort=  617.5
  [191/500] DOCKED     t=  29.0s  θ_err=  -1.33°  effort=  821.4
  [192/500] DOCKED     t=  24.6s  θ_err=  -1.57°  effort=  696.8
  [193/500] DOCKED     t=  26.1s  θ_err=  +2.19°  effort=  739.3
  [194/500] DOCKED     t=  34.8s  θ_err=  -0.81°  effort=  985.7
  [195/500] DOCKED     t=  27.3s  θ_err=  -2.05°  effort=  773.2
  [196/500] DOCKED     t=  24.2s  θ_err=  -1.29°  effort=  685.4
  [197/500] DOCKED     t=  24.3s  θ_err=  -1.85°  effort=  688.3
  [198/500] DOCKED     t=  21.4s  θ_err=  -2.20°  effort=  606.1
  [199/500] DOCKED     t=  24.1s  θ_err=  -2.19°  effort=  682.6
  [200/500] DOCKED     t=  29.7s  θ_err=  -1.68°  effort=  841.2
  [201/500] DOCKED     t=  32.3s  θ_err=  -0.79°  effort=  914.9
  [202/500] DOCKED     t=  17.2s  θ_err=  -2.28°  effort=  487.2
  [203/500] DOCKED     t=  27.1s  θ_err=  -1.93°  effort=  767.6
  [204/500] DOCKED     t=  24.5s  θ_err=  -2.20°  effort=  693.9
  [205/500] DOCKED     t=  24.6s  θ_err=  -1.80°  effort=  696.8
  [206/500] DOCKED     t=  21.2s  θ_err=  -1.41°  effort=  600.5
  [207/500] DOCKED     t=  20.7s  θ_err=  -1.51°  effort=  586.3
  [208/500] DOCKED     t=  34.2s  θ_err=  -1.89°  effort=  968.7
  [209/500] DOCKED     t=  23.5s  θ_err=  -0.76°  effort=  665.6
  [210/500] DOCKED     t=  43.1s  θ_err=  -0.49°  effort= 1220.8
  [211/500] DOCKED     t=  19.9s  θ_err=  -0.81°  effort=  563.6
  [212/500] DOCKED     t=  21.6s  θ_err=  -0.88°  effort=  611.8
  [213/500] DOCKED     t=  32.6s  θ_err=  -0.51°  effort=  923.4
  [214/500] DOCKED     t=  30.7s  θ_err=  -2.27°  effort=  869.5
  [215/500] DOCKED     t=  33.1s  θ_err=  -2.27°  effort=  937.5
  [216/500] DOCKED     t=  29.5s  θ_err=  -1.86°  effort=  835.6
  [217/500] DOCKED     t=  33.3s  θ_err=  -1.26°  effort=  943.2
  [218/500] DOCKED     t=  24.9s  θ_err=  -1.23°  effort=  705.3
  [219/500] DOCKED     t=  29.2s  θ_err=  +2.27°  effort=  827.1
  [220/500] DOCKED     t=   8.3s  θ_err=  +2.21°  effort=  235.1
  [221/500] DOCKED     t=  38.9s  θ_err=  -0.61°  effort= 1101.8
  [222/500] DOCKED     t=  37.1s  θ_err=  +2.20°  effort= 1050.8
  [223/500] DOCKED     t=  21.5s  θ_err=  -2.29°  effort=  609.0
  [224/500] DOCKED     t=  27.5s  θ_err=  -0.80°  effort=  778.9
  [225/500] DOCKED     t=  20.5s  θ_err=  +2.27°  effort=  580.6
  [226/500] DOCKED     t=  22.0s  θ_err=  -1.28°  effort=  623.1
  [227/500] DOCKED     t=  29.8s  θ_err=  +1.37°  effort=  844.1
  [228/500] DOCKED     t=  24.2s  θ_err=  -0.71°  effort=  685.4
  [229/500] DOCKED     t=  25.0s  θ_err=  -2.28°  effort=  708.1
  [230/500] DOCKED     t=  31.9s  θ_err=  -1.59°  effort=  903.5
  [231/500] DOCKED     t=  22.7s  θ_err=  -1.81°  effort=  643.0
  [232/500] DOCKED     t=  31.3s  θ_err=  -1.65°  effort=  886.5
  [233/500] DOCKED     t=  20.1s  θ_err=  -1.12°  effort=  569.3
  [234/500] DOCKED     t=  14.3s  θ_err=  +1.17°  effort=  405.0
  [235/500] DOCKED     t=  19.8s  θ_err=  +1.27°  effort=  560.8
  [236/500] DOCKED     t=  31.5s  θ_err=  -2.22°  effort=  892.2
  [237/500] DOCKED     t=  37.0s  θ_err=  -1.18°  effort= 1048.0
  [238/500] DOCKED     t=  15.8s  θ_err=  -1.43°  effort=  447.5
  [239/500] DOCKED     t=  32.7s  θ_err=  -2.22°  effort=  926.2
  [240/500] DOCKED     t=  23.9s  θ_err=  -0.47°  effort=  676.9
  [241/500] DOCKED     t=  26.0s  θ_err=  -1.50°  effort=  736.4
  [242/500] DOCKED     t=  25.9s  θ_err=  -2.23°  effort=  733.6
  [243/500] DOCKED     t=  31.8s  θ_err=  -2.29°  effort=  900.7
  [244/500] DOCKED     t=  35.4s  θ_err=  +0.18°  effort= 1002.7
  [245/500] DOCKED     t=  42.7s  θ_err=  -1.51°  effort= 1209.4
  [246/500] DOCKED     t=  33.7s  θ_err=  -2.25°  effort=  954.5
  [247/500] DOCKED     t=  18.2s  θ_err=  -1.45°  effort=  515.5
  [248/500] DOCKED     t=  28.0s  θ_err=  -2.24°  effort=  793.1
  [249/500] DOCKED     t=  21.1s  θ_err=  +2.24°  effort=  597.6
  [250/500] DOCKED     t=  19.8s  θ_err=  -2.24°  effort=  560.8
  [251/500] DOCKED     t=  29.3s  θ_err=  -1.17°  effort=  829.9
  [252/500] DOCKED     t=  23.5s  θ_err=  +2.24°  effort=  665.6
  [253/500] DOCKED     t=  17.7s  θ_err=  +1.61°  effort=  501.3
  [254/500] DOCKED     t=  20.7s  θ_err=  -2.22°  effort=  586.3
  [255/500] DOCKED     t=  25.7s  θ_err=  -1.47°  effort=  727.9
  [256/500] DOCKED     t=  28.5s  θ_err=  -0.61°  effort=  807.2
  [257/500] DOCKED     t=  20.4s  θ_err=  -1.59°  effort=  577.8
  [258/500] DOCKED     t=  33.4s  θ_err=  -0.51°  effort=  946.0
  [259/500] DOCKED     t=  18.8s  θ_err=  -1.85°  effort=  532.5
  [260/500] DOCKED     t=  23.5s  θ_err=  +2.28°  effort=  665.6
  [261/500] DOCKED     t=  21.2s  θ_err=  -1.47°  effort=  600.5
  [262/500] DOCKED     t=  21.1s  θ_err=  -1.46°  effort=  597.6
  [263/500] DOCKED     t=  28.7s  θ_err=  -0.80°  effort=  812.9
  [264/500] DOCKED     t=  21.8s  θ_err=  -1.21°  effort=  617.5
  [265/500] DOCKED     t=  21.3s  θ_err=  -1.50°  effort=  603.3
  [266/500] DOCKED     t=  35.3s  θ_err=  -1.06°  effort=  999.8
  [267/500] DOCKED     t=  28.1s  θ_err=  -2.21°  effort=  795.9
  [268/500] DOCKED     t=  20.8s  θ_err=  -1.89°  effort=  589.1
  [269/500] DOCKED     t=  36.7s  θ_err=  +0.02°  effort= 1039.5
  [270/500] DOCKED     t=  39.9s  θ_err=  +1.87°  effort= 1130.1
  [271/500] DOCKED     t=  20.7s  θ_err=  +0.23°  effort=  586.3
  [272/500] DOCKED     t=  27.5s  θ_err=  -1.37°  effort=  778.9
  [273/500] DOCKED     t=  18.1s  θ_err=  -2.28°  effort=  512.7
  [274/500] DOCKED     t=  28.7s  θ_err=  +1.11°  effort=  812.9
  [275/500] DOCKED     t=  22.1s  θ_err=  +2.29°  effort=  626.0
  [276/500] DOCKED     t=  34.1s  θ_err=  -0.46°  effort=  965.8
  [277/500] DOCKED     t=  23.4s  θ_err=  +0.72°  effort=  662.8
  [278/500] DOCKED     t=  19.1s  θ_err=  +1.90°  effort=  541.0
  [279/500] DOCKED     t=  37.8s  θ_err=  -1.13°  effort= 1070.6
  [280/500] DOCKED     t=  23.7s  θ_err=  +0.62°  effort=  671.3
  [281/500] DOCKED     t=  26.1s  θ_err=  -1.72°  effort=  739.3
  [282/500] DOCKED     t=  34.1s  θ_err=  +2.20°  effort=  965.8
  [283/500] DOCKED     t=  34.0s  θ_err=  -0.48°  effort=  963.0
  [284/500] DOCKED     t=  23.5s  θ_err=  -1.87°  effort=  665.6
  [285/500] DOCKED     t=  36.8s  θ_err=  +1.51°  effort= 1042.3
  [286/500] DOCKED     t=  39.4s  θ_err=  +0.37°  effort= 1116.0
  [287/500] DOCKED     t=  29.0s  θ_err=  +0.07°  effort=  821.4
  [288/500] DOCKED     t=  23.1s  θ_err=  -2.26°  effort=  654.3
  [289/500] DOCKED     t=  21.3s  θ_err=  -1.80°  effort=  603.3
  [290/500] DOCKED     t=  26.9s  θ_err=  +1.43°  effort=  761.9
  [291/500] DOCKED     t=  14.5s  θ_err=  -2.20°  effort=  410.7
  [292/500] DOCKED     t=  20.8s  θ_err=  -2.25°  effort=  589.1
  [293/500] DOCKED     t=  28.3s  θ_err=  +1.37°  effort=  801.6
  [294/500] DOCKED     t=  29.7s  θ_err=  -2.22°  effort=  841.2
  [295/500] DOCKED     t=  27.3s  θ_err=  +2.27°  effort=  773.2
  [296/500] DOCKED     t=  17.2s  θ_err=  -2.20°  effort=  487.2
  [297/500] DOCKED     t=  36.8s  θ_err=  +0.07°  effort= 1042.3
  [298/500] DOCKED     t=  24.3s  θ_err=  -1.87°  effort=  688.3
  [299/500] DOCKED     t=  23.6s  θ_err=  -1.80°  effort=  668.4
  [300/500] DOCKED     t=  34.5s  θ_err=  +1.00°  effort=  977.2
  [301/500] DOCKED     t=  32.8s  θ_err=  -2.05°  effort=  929.0
  [302/500] DOCKED     t=  32.7s  θ_err=  +1.84°  effort=  926.2
  [303/500] DOCKED     t=  33.9s  θ_err=  -2.23°  effort=  960.2
  [304/500] DOCKED     t=  30.3s  θ_err=  -0.93°  effort=  858.2
  [305/500] DOCKED     t=  20.4s  θ_err=  -1.20°  effort=  577.8
  [306/500] DOCKED     t=  24.7s  θ_err=  -1.71°  effort=  699.6
  [307/500] DOCKED     t=  29.8s  θ_err=  -1.94°  effort=  844.1
  [308/500] DOCKED     t=  24.7s  θ_err=  -2.24°  effort=  699.6
  [309/500] DOCKED     t=  23.8s  θ_err=  +2.25°  effort=  674.1
  [310/500] DOCKED     t=  26.0s  θ_err=  +1.12°  effort=  736.4
  [311/500] DOCKED     t=  23.6s  θ_err=  -0.86°  effort=  668.4
  [312/500] DOCKED     t=  27.8s  θ_err=  -0.89°  effort=  787.4
  [313/500] DOCKED     t=  20.1s  θ_err=  +0.98°  effort=  569.3
  [314/500] DOCKED     t=  31.1s  θ_err=  -0.08°  effort=  880.9
  [315/500] DOCKED     t=  22.2s  θ_err=  -2.15°  effort=  628.8
  [316/500] DOCKED     t=  30.1s  θ_err=  +2.20°  effort=  852.6
  [317/500] DOCKED     t=  34.9s  θ_err=  -2.27°  effort=  988.5
  [318/500] DOCKED     t=  23.0s  θ_err=  -2.21°  effort=  651.5
  [319/500] DOCKED     t=  23.4s  θ_err=  +1.38°  effort=  662.8
  [320/500] DOCKED     t=  23.4s  θ_err=  -2.28°  effort=  662.8
  [321/500] DOCKED     t=  20.4s  θ_err=  -2.24°  effort=  577.8
  [322/500] DOCKED     t=  40.8s  θ_err=  -0.73°  effort= 1155.6
  [323/500] DOCKED     t=  21.4s  θ_err=  -2.25°  effort=  606.1
  [324/500] DOCKED     t=  33.6s  θ_err=  +0.37°  effort=  951.7
  [325/500] DOCKED     t=  26.0s  θ_err=  -1.31°  effort=  736.4
  [326/500] DOCKED     t=  24.6s  θ_err=  -2.26°  effort=  696.8
  [327/500] DOCKED     t=  23.3s  θ_err=  -0.45°  effort=  659.9
  [328/500] DOCKED     t=  19.6s  θ_err=  -2.02°  effort=  555.2
  [329/500] DOCKED     t=  33.4s  θ_err=  -1.60°  effort=  946.0
  [330/500] DOCKED     t=  30.1s  θ_err=  +2.25°  effort=  852.6
  [331/500] DOCKED     t=  36.9s  θ_err=  -2.24°  effort= 1045.2
  [332/500] DOCKED     t=  30.6s  θ_err=  -0.04°  effort=  866.7
  [333/500] DOCKED     t=  31.6s  θ_err=  -0.67°  effort=  895.0
  [334/500] DOCKED     t=  17.5s  θ_err=  -1.45°  effort=  495.7
  [335/500] DOCKED     t=  17.7s  θ_err=  +1.34°  effort=  501.3
  [336/500] DOCKED     t=  19.4s  θ_err=  +1.65°  effort=  549.5
  [337/500] DOCKED     t=  41.0s  θ_err=  +2.23°  effort= 1161.3
  [338/500] DOCKED     t=  23.2s  θ_err=  -1.78°  effort=  657.1
  [339/500] DOCKED     t=  39.9s  θ_err=  -1.12°  effort= 1130.1
  [340/500] DOCKED     t=  38.9s  θ_err=  +0.01°  effort= 1101.8
  [341/500] DOCKED     t=  21.0s  θ_err=  -1.38°  effort=  594.8
  [342/500] DOCKED     t=  16.5s  θ_err=  -2.28°  effort=  467.3
  [343/500] DOCKED     t=  21.1s  θ_err=  -2.25°  effort=  597.6
  [344/500] DOCKED     t=  34.0s  θ_err=  -0.51°  effort=  963.0
  [345/500] DOCKED     t=  21.7s  θ_err=  -1.82°  effort=  614.6
  [346/500] DOCKED     t=  26.8s  θ_err=  +0.63°  effort=  759.1
  [347/500] DOCKED     t=  19.9s  θ_err=  +1.83°  effort=  563.6
  [348/500] DOCKED     t=  26.6s  θ_err=  -1.69°  effort=  753.4
  [349/500] DOCKED     t=  37.9s  θ_err=  +0.47°  effort= 1073.5
  [350/500] DOCKED     t=  22.4s  θ_err=  -1.04°  effort=  634.5
  [351/500] DOCKED     t=  33.7s  θ_err=  +0.58°  effort=  954.5
  [352/500] DOCKED     t=  29.2s  θ_err=  -1.63°  effort=  827.1
  [353/500] DOCKED     t=  27.6s  θ_err=  -1.62°  effort=  781.7
  [354/500] DOCKED     t=  27.1s  θ_err=  +0.81°  effort=  767.6
  [355/500] DOCKED     t=  23.4s  θ_err=  +1.82°  effort=  662.8
  [356/500] DOCKED     t=  27.3s  θ_err=  +0.59°  effort=  773.2
  [357/500] DOCKED     t=  32.0s  θ_err=  -0.07°  effort=  906.4
  [358/500] DOCKED     t=  24.4s  θ_err=  +0.58°  effort=  691.1
  [359/500] DOCKED     t=  18.7s  θ_err=  +0.50°  effort=  529.7
  [360/500] DOCKED     t=  33.2s  θ_err=  -0.13°  effort=  940.4
  [361/500] DOCKED     t=  33.6s  θ_err=  -2.26°  effort=  951.7
  [362/500] DOCKED     t=  26.6s  θ_err=  -2.17°  effort=  753.4
  [363/500] DOCKED     t=  35.2s  θ_err=  -2.27°  effort=  997.0
  [364/500] DOCKED     t=  27.7s  θ_err=  +2.25°  effort=  784.6
  [365/500] DOCKED     t=  22.7s  θ_err=  -2.28°  effort=  643.0
  [366/500] DOCKED     t=  16.2s  θ_err=  -1.52°  effort=  458.8
  [367/500] DOCKED     t=  26.7s  θ_err=  -2.23°  effort=  756.3
  [368/500] DOCKED     t=  23.4s  θ_err=  -1.11°  effort=  662.8
  [369/500] DOCKED     t=  26.9s  θ_err=  +2.28°  effort=  761.9
  [370/500] DOCKED     t=  12.9s  θ_err=  -2.26°  effort=  365.4
  [371/500] DOCKED     t=  22.2s  θ_err=  -1.32°  effort=  628.8
  [372/500] DOCKED     t=  20.3s  θ_err=  +2.25°  effort=  575.0
  [373/500] DOCKED     t=  40.6s  θ_err=  +2.20°  effort= 1150.0
  [374/500] DOCKED     t=  32.1s  θ_err=  -1.73°  effort=  909.2
  [375/500] DOCKED     t=  31.2s  θ_err=  -2.27°  effort=  883.7
  [376/500] DOCKED     t=  27.8s  θ_err=  +0.15°  effort=  787.4
  [377/500] DOCKED     t=  25.5s  θ_err=  -1.19°  effort=  722.3
  [378/500] DOCKED     t=  26.5s  θ_err=  +0.19°  effort=  750.6
  [379/500] DOCKED     t=  29.9s  θ_err=  -2.13°  effort=  846.9
  [380/500] DOCKED     t=  32.7s  θ_err=  +2.09°  effort=  926.2
  [381/500] DOCKED     t=  35.2s  θ_err=  +2.25°  effort=  997.0
  [382/500] DOCKED     t=  20.8s  θ_err=  -0.55°  effort=  589.1
  [383/500] DOCKED     t=  25.5s  θ_err=  -2.28°  effort=  722.3
  [384/500] DOCKED     t=  15.6s  θ_err=  -2.27°  effort=  441.9
  [385/500] DOCKED     t=  36.0s  θ_err=  -1.96°  effort= 1019.7
  [386/500] DOCKED     t=  31.9s  θ_err=  +2.29°  effort=  903.5
  [387/500] DOCKED     t=  27.4s  θ_err=  +2.29°  effort=  776.1
  [388/500] DOCKED     t=  21.4s  θ_err=  -1.58°  effort=  606.1
  [389/500] DOCKED     t=  25.2s  θ_err=  -2.22°  effort=  713.8
  [390/500] DOCKED     t=  19.4s  θ_err=  -1.65°  effort=  549.5
  [391/500] DOCKED     t=  23.0s  θ_err=  -1.10°  effort=  651.5
  [392/500] DOCKED     t=  27.0s  θ_err=  -0.08°  effort=  764.7
  [393/500] DOCKED     t=  30.3s  θ_err=  -2.03°  effort=  858.2
  [394/500] DOCKED     t=  28.1s  θ_err=  -0.03°  effort=  795.9
  [395/500] DOCKED     t=  20.1s  θ_err=  -1.42°  effort=  569.3
  [396/500] DOCKED     t=  24.2s  θ_err=  +1.47°  effort=  685.4
  [397/500] DOCKED     t=  20.6s  θ_err=  -0.43°  effort=  583.5
  [398/500] DOCKED     t=  24.3s  θ_err=  +2.23°  effort=  688.3
  [399/500] DOCKED     t=  22.8s  θ_err=  -1.42°  effort=  645.8
  [400/500] DOCKED     t=  21.7s  θ_err=  -0.85°  effort=  614.6
  [401/500] DOCKED     t=  23.8s  θ_err=  -1.63°  effort=  674.1
  [402/500] DOCKED     t=  23.4s  θ_err=  -2.11°  effort=  662.8
  [403/500] DOCKED     t=  31.5s  θ_err=  -1.72°  effort=  892.2
  [404/500] DOCKED     t=  22.2s  θ_err=  -2.22°  effort=  628.8
  [405/500] DOCKED     t=  26.7s  θ_err=  -2.00°  effort=  756.3
  [406/500] DOCKED     t=  20.6s  θ_err=  +2.22°  effort=  583.5
  [407/500] DOCKED     t=  18.6s  θ_err=  +2.10°  effort=  526.8
  [408/500] DOCKED     t=  20.1s  θ_err=  -2.26°  effort=  569.3
  [409/500] DOCKED     t=  15.2s  θ_err=  +1.79°  effort=  430.5
  [410/500] DOCKED     t=  29.3s  θ_err=  -1.17°  effort=  829.9
  [411/500] DOCKED     t=  38.4s  θ_err=  -0.20°  effort= 1087.6
  [412/500] DOCKED     t=  20.5s  θ_err=  -1.25°  effort=  580.6
  [413/500] DOCKED     t=  32.9s  θ_err=  -1.56°  effort=  931.9
  [414/500] DOCKED     t=  14.0s  θ_err=  +1.69°  effort=  396.5
  [415/500] DOCKED     t=  30.0s  θ_err=  -2.28°  effort=  849.7
  [416/500] DOCKED     t=  31.4s  θ_err=  -2.20°  effort=  889.4
  [417/500] DOCKED     t=  23.9s  θ_err=  -2.12°  effort=  676.9
  [418/500] DOCKED     t=  17.4s  θ_err=  -2.19°  effort=  492.8
  [419/500] DOCKED     t=  22.4s  θ_err=  -2.28°  effort=  634.5
  [420/500] DOCKED     t=  31.7s  θ_err=  +2.21°  effort=  897.9
  [421/500] DOCKED     t=  27.3s  θ_err=  -2.21°  effort=  773.2
  [422/500] DOCKED     t=  28.2s  θ_err=  -1.84°  effort=  798.7
  [423/500] DOCKED     t=  29.3s  θ_err=  -2.24°  effort=  829.9
  [424/500] DOCKED     t=  28.5s  θ_err=  -1.07°  effort=  807.2
  [425/500] DOCKED     t=  17.3s  θ_err=  +1.95°  effort=  490.0
  [426/500] DOCKED     t=  34.5s  θ_err=  -1.74°  effort=  977.2
  [427/500] DOCKED     t=  28.9s  θ_err=  -0.07°  effort=  818.6
  [428/500] DOCKED     t=  32.7s  θ_err=  -1.69°  effort=  926.2
  [429/500] DOCKED     t=  22.8s  θ_err=  -1.56°  effort=  645.8
  [430/500] DOCKED     t=  37.3s  θ_err=  -2.27°  effort= 1056.5
  [431/500] DOCKED     t=  23.3s  θ_err=  -1.43°  effort=  659.9
  [432/500] DOCKED     t=  27.4s  θ_err=  -0.13°  effort=  776.1
  [433/500] DOCKED     t=  19.8s  θ_err=  -1.15°  effort=  560.8
  [434/500] DOCKED     t=  30.5s  θ_err=  -0.69°  effort=  863.9
  [435/500] DOCKED     t=  30.4s  θ_err=  +0.83°  effort=  861.1
  [436/500] DOCKED     t=  32.0s  θ_err=  -0.85°  effort=  906.4
  [437/500] DOCKED     t=  30.9s  θ_err=  -1.75°  effort=  875.2
  [438/500] DOCKED     t=  14.0s  θ_err=  -1.48°  effort=  396.5
  [439/500] DOCKED     t=  36.6s  θ_err=  +2.19°  effort= 1036.7
  [440/500] DOCKED     t=  27.5s  θ_err=  -2.23°  effort=  778.9
  [441/500] DOCKED     t=  32.6s  θ_err=  +0.39°  effort=  923.4
  [442/500] DOCKED     t=  26.1s  θ_err=  -1.38°  effort=  739.3
  [443/500] DOCKED     t=  27.2s  θ_err=  -0.84°  effort=  770.4
  [444/500] DOCKED     t=  23.4s  θ_err=  -2.14°  effort=  662.8
  [445/500] DOCKED     t=  26.0s  θ_err=  -0.53°  effort=  736.4
  [446/500] DOCKED     t=  12.6s  θ_err=  -1.67°  effort=  356.9
  [447/500] DOCKED     t=  38.2s  θ_err=  -2.29°  effort= 1082.0
  [448/500] DOCKED     t=  21.1s  θ_err=  -2.19°  effort=  597.6
  [449/500] DOCKED     t=  20.2s  θ_err=  -1.28°  effort=  572.1
  [450/500] DOCKED     t=  30.9s  θ_err=  -0.40°  effort=  875.2
  [451/500] DOCKED     t=  21.1s  θ_err=  -1.39°  effort=  597.6
  [452/500] DOCKED     t=  27.3s  θ_err=  -1.71°  effort=  773.2
  [453/500] DOCKED     t=  21.2s  θ_err=  -2.22°  effort=  600.5
  [454/500] DOCKED     t=  17.7s  θ_err=  +2.21°  effort=  501.3
  [455/500] DOCKED     t=  23.6s  θ_err=  +1.73°  effort=  668.4
  [456/500] DOCKED     t=  22.7s  θ_err=  +1.61°  effort=  643.0
  [457/500] DOCKED     t=  24.9s  θ_err=  -2.24°  effort=  705.3
  [458/500] DOCKED     t=  31.0s  θ_err=  -2.23°  effort=  878.0
  [459/500] DOCKED     t=  18.7s  θ_err=  -2.01°  effort=  529.7
  [460/500] DOCKED     t=  22.1s  θ_err=  +1.98°  effort=  626.0
  [461/500] DOCKED     t=  30.4s  θ_err=  -0.89°  effort=  861.1
  [462/500] DOCKED     t=  31.2s  θ_err=  +0.54°  effort=  883.7
  [463/500] DOCKED     t=  23.9s  θ_err=  -1.81°  effort=  676.9
  [464/500] DOCKED     t=  15.0s  θ_err=  +1.88°  effort=  424.9
  [465/500] DOCKED     t=  20.6s  θ_err=  -1.53°  effort=  583.5
  [466/500] DOCKED     t=  24.4s  θ_err=  -1.51°  effort=  691.1
  [467/500] DOCKED     t=  42.6s  θ_err=  +1.45°  effort= 1206.6
  [468/500] DOCKED     t=  28.8s  θ_err=  -2.25°  effort=  815.7
  [469/500] DOCKED     t=  32.5s  θ_err=  -2.23°  effort=  920.5
  [470/500] DOCKED     t=  34.8s  θ_err=  -1.84°  effort=  985.7
  [471/500] DOCKED     t=  28.0s  θ_err=  -1.44°  effort=  793.1
  [472/500] DOCKED     t=  31.1s  θ_err=  -1.70°  effort=  880.9
  [473/500] DOCKED     t=  22.1s  θ_err=  -1.30°  effort=  626.0
  [474/500] DOCKED     t=  21.6s  θ_err=  -1.60°  effort=  611.8
  [475/500] DOCKED     t=  26.2s  θ_err=  -1.64°  effort=  742.1
  [476/500] DOCKED     t=  32.9s  θ_err=  -0.56°  effort=  931.9
  [477/500] DOCKED     t=  39.0s  θ_err=  -2.21°  effort= 1104.6
  [478/500] DOCKED     t=  23.9s  θ_err=  -0.44°  effort=  676.9
  [479/500] DOCKED     t=  12.8s  θ_err=  +1.44°  effort=  362.5
  [480/500] DOCKED     t=  26.8s  θ_err=  -1.10°  effort=  759.1
  [481/500] DOCKED     t=  22.6s  θ_err=  -1.82°  effort=  640.1
  [482/500] DOCKED     t=  25.7s  θ_err=  -1.54°  effort=  727.9
  [483/500] DOCKED     t=  31.3s  θ_err=  -2.29°  effort=  886.5
  [484/500] DOCKED     t=  27.4s  θ_err=  -0.85°  effort=  776.1
  [485/500] DOCKED     t=  33.2s  θ_err=  -1.39°  effort=  940.4
  [486/500] DOCKED     t=  32.1s  θ_err=  -0.59°  effort=  909.2
  [487/500] DOCKED     t=  19.2s  θ_err=  +1.68°  effort=  543.8
  [488/500] DOCKED     t=  15.7s  θ_err=  -1.54°  effort=  444.7
  [489/500] DOCKED     t=  26.7s  θ_err=  -1.47°  effort=  756.3
  [490/500] DOCKED     t=  25.1s  θ_err=  -1.63°  effort=  710.9
  [491/500] DOCKED     t=  24.0s  θ_err=  +0.29°  effort=  679.8
  [492/500] DOCKED     t=  29.0s  θ_err=  -1.33°  effort=  821.4
  [493/500] DOCKED     t=  30.1s  θ_err=  -1.62°  effort=  852.6
  [494/500] DOCKED     t=  17.6s  θ_err=  -2.17°  effort=  498.5
  [495/500] DOCKED     t=  33.0s  θ_err=  -2.06°  effort=  934.7
  [496/500] DOCKED     t=  31.0s  θ_err=  -2.26°  effort=  878.0
  [497/500] DOCKED     t=  33.5s  θ_err=  -1.69°  effort=  948.9
  [498/500] DOCKED     t=  26.5s  θ_err=  -2.19°  effort=  750.6
  [499/500] DOCKED     t=  26.6s  θ_err=  -0.34°  effort=  753.4
  [500/500] DOCKED     t=  28.4s  θ_err=  -2.26°  effort=  804.4

Grid-Based HJ: dock=99.8%  fail=0.0%  timeout=0.2%  effort=760.3  time=5.54s

============================================================
Running 500 rollouts for BRAT
============================================================
Starting simulation from state: [-10.46412635   6.79249263  -0.37959304  -0.54280247  -1.05905248
  -0.41700043]
Initial V(x, tMax): 1.1998
Entered BRAT at t=16.70s, starting Phase 2
Docking successful at t=26.90s
  [  1/500] DOCKED     t=  26.9s  θ_err=  -0.12°  effort=  764.7
Starting simulation from state: [ 4.47140411  7.97143875  0.72411287  0.2034911  -1.78490682  0.04902743]
Initial V(x, tMax): 1.1983
Collision detected at t=19.50s
  [  2/500] COLLISION  t=  19.5s  θ_err=  -5.04°  effort=  555.2
Starting simulation from state: [ 1.18455891e+00 -6.91402210e+00 -5.79411235e-01 -5.11099427e-04
 -2.18586725e+00  3.26860806e-02]
Initial V(x, tMax): 0.8412
Entered BRAT at t=6.10s, starting Phase 2
Docking successful at t=16.40s
  [  3/500] DOCKED     t=  16.4s  θ_err=  +1.54°  effort=  467.3
Starting simulation from state: [-2.93782402  4.89651197 -0.19060927  0.66924007  1.7426912   0.1080343 ]
Initial V(x, tMax): 1.1914
Entered BRAT at t=23.50s, starting Phase 2
Docking successful at t=33.40s
  [  4/500] DOCKED     t=  33.4s  θ_err=  +0.71°  effort=  948.9
Starting simulation from state: [ 2.99603295  3.71767763 -0.34727474  0.37523422 -1.33938354  0.20937606]
Initial V(x, tMax): 1.1589
Collision detected at t=8.90s
  [  5/500] COLLISION  t=   8.9s  θ_err= -31.15°  effort=  254.9
Starting simulation from state: [-11.31554384   4.93632046   0.07825175   0.08073972  -0.96428906
  -0.32738704]
Initial V(x, tMax): 1.1874
Entered BRAT at t=14.70s, starting Phase 2
Docking successful at t=23.90s
  [  6/500] DOCKED     t=  23.9s  θ_err=  +0.16°  effort=  679.8
Starting simulation from state: [  1.09024858 -11.65400488   0.48833642   0.31660046  -2.86408181
  -0.42346344]
Initial V(x, tMax): 1.0587
Entered BRAT at t=8.20s, starting Phase 2
Docking successful at t=19.70s
  [  7/500] DOCKED     t=  19.7s  θ_err=  +0.70°  effort=  560.8
Starting simulation from state: [-12.73105873  12.85192538   0.14916585  -0.4803918   -0.85213563
   0.36383673]
Initial V(x, tMax): 1.1963
Entered BRAT at t=18.90s, starting Phase 2
Docking successful at t=28.80s
  [  8/500] DOCKED     t=  28.8s  θ_err=  +1.77°  effort=  818.6
Starting simulation from state: [-1.29335697 12.25561398 -0.54651033  0.32351172  2.64489586  0.43536442]
Initial V(x, tMax): 1.1991
Entered BRAT at t=26.70s, starting Phase 2
Docking successful at t=35.90s
  [  9/500] DOCKED     t=  35.9s  θ_err=  -0.47°  effort= 1019.7
Starting simulation from state: [11.34387563  4.49212517  0.65848895  0.0363416  -0.32093407 -0.46872241]
Initial V(x, tMax): 1.1985
Entered BRAT at t=21.10s, starting Phase 2
Docking successful at t=36.30s
  [ 10/500] DOCKED     t=  36.3s  θ_err=  -2.11°  effort= 1031.0
Starting simulation from state: [ 9.33671675 -8.25425136  0.34246417  0.70105242  2.50269164  0.3343715 ]
Initial V(x, tMax): 1.1979
Entered BRAT at t=18.20s, starting Phase 2
Docking successful at t=28.70s
  [ 11/500] DOCKED     t=  28.7s  θ_err=  -1.89°  effort=  815.7
Starting simulation from state: [ 2.3532029  -3.60205954 -0.50275395 -0.08968236  1.63480013 -0.05772617]
Initial V(x, tMax): 0.1020
Entered BRAT at t=0.90s, starting Phase 2
Docking successful at t=10.90s
  [ 12/500] DOCKED     t=  10.9s  θ_err=  +0.62°  effort=  311.6
Starting simulation from state: [-9.60639181 -8.26689902  0.746156   -0.34672215  2.37042727 -0.33603944]
Initial V(x, tMax): 1.1919
Entered BRAT at t=12.60s, starting Phase 2
Docking successful at t=23.80s
  [ 13/500] DOCKED     t=  23.8s  θ_err=  +0.65°  effort=  676.9
Starting simulation from state: [11.68528717 -2.59565797  0.22901907  0.31609901 -0.62236627  0.41182634]
Initial V(x, tMax): 1.1986
Entered BRAT at t=16.80s, starting Phase 2
Docking successful at t=30.80s
  [ 14/500] DOCKED     t=  30.8s  θ_err=  -2.04°  effort=  875.2
Starting simulation from state: [-11.59813474  -0.12469175  -0.37554204  -0.22729371   1.51353246
  -0.13884299]
Initial V(x, tMax): 1.1973
Entered BRAT at t=26.10s, starting Phase 2
Docking successful at t=37.30s
  [ 15/500] DOCKED     t=  37.3s  θ_err=  +0.93°  effort= 1059.3
Starting simulation from state: [ 3.39929463 12.33000212 -0.11674731 -0.65509537 -2.64781586 -0.29413378]
Initial V(x, tMax): 1.1051
Collision detected at t=15.10s
  [ 16/500] COLLISION  t=  15.1s  θ_err= +17.25°  effort=  430.5
Starting simulation from state: [-5.52444266 -3.08179014  0.50278102 -0.62688635  2.01586496  0.31665728]
Initial V(x, tMax): 1.1130
Entered BRAT at t=10.40s, starting Phase 2
Docking successful at t=21.20s
  [ 17/500] DOCKED     t=  21.2s  θ_err=  -2.15°  effort=  603.3
Starting simulation from state: [-4.33951181  4.56642583  0.72515367  0.68879895  1.06778905  0.39296165]
Initial V(x, tMax): 1.1917
Collision detected at t=22.90s
  [ 18/500] COLLISION  t=  22.9s  θ_err= +42.43°  effort=  651.5
Starting simulation from state: [-3.96349906  3.42330414 -0.46726021 -0.22757316  3.04594418  0.25163124]
Initial V(x, tMax): 1.1400
Entered BRAT at t=10.20s, starting Phase 2
Docking successful at t=20.30s
  [ 19/500] DOCKED     t=  20.3s  θ_err=  -2.02°  effort=  577.8
Starting simulation from state: [ 8.65956113 -9.30720536 -0.7275312   0.53591171  1.33169249  0.35654019]
Initial V(x, tMax): 0.8810
Entered BRAT at t=10.30s, starting Phase 2
Docking successful at t=21.60s
  [ 20/500] DOCKED     t=  21.6s  θ_err=  +1.18°  effort=  614.6
Starting simulation from state: [ 9.40171259  7.69090696 -0.03434384 -0.61022956 -1.17061576  0.14122249]
Initial V(x, tMax): 1.1525
Entered BRAT at t=13.70s, starting Phase 2
Docking successful at t=23.70s
  [ 21/500] DOCKED     t=  23.7s  θ_err=  -1.92°  effort=  674.1
Starting simulation from state: [ 2.18392862 -6.05628471 -0.66516992  0.61537817 -1.23587313 -0.1685707 ]
Initial V(x, tMax): 0.4511
Entered BRAT at t=5.40s, starting Phase 2
Docking successful at t=15.90s
  [ 22/500] DOCKED     t=  15.9s  θ_err=  -0.45°  effort=  453.2
Starting simulation from state: [-11.52615708 -12.23652317  -0.56080369  -0.60059828  -2.122581
  -0.34911861]
Initial V(x, tMax): 1.1990
Entered BRAT at t=21.20s, starting Phase 2
Docking successful at t=32.10s
  [ 23/500] DOCKED     t=  32.1s  θ_err=  +2.16°  effort=  912.0
Starting simulation from state: [-4.87784957  1.55481603 -0.22793413 -0.22587693  0.71443306 -0.42977036]
Initial V(x, tMax): 0.9961
Entered BRAT at t=8.00s, starting Phase 2
Docking successful at t=18.90s
  [ 24/500] DOCKED     t=  18.9s  θ_err=  -2.03°  effort=  538.2
Starting simulation from state: [ 2.53683499 -4.89064004 -0.37176982  0.03819886  0.36091986  0.0948565 ]
Initial V(x, tMax): 0.1887
Entered BRAT at t=2.30s, starting Phase 2
Docking successful at t=13.10s
  [ 25/500] DOCKED     t=  13.1s  θ_err=  -0.57°  effort=  373.9
Starting simulation from state: [  2.74395267 -11.04045453   0.08957694  -0.16852733  -1.83859558
  -0.1201088 ]
Initial V(x, tMax): 1.1935
Entered BRAT at t=12.20s, starting Phase 2
Docking successful at t=22.70s
  [ 26/500] DOCKED     t=  22.7s  θ_err=  +0.11°  effort=  645.8
Starting simulation from state: [-8.22597322 -0.35457768 -0.65921015 -0.6863713   1.04994231 -0.42992075]
Initial V(x, tMax): 1.1983
Entered BRAT at t=17.70s, starting Phase 2
Docking successful at t=28.40s
  [ 27/500] DOCKED     t=  28.4s  θ_err=  +0.22°  effort=  807.2
Starting simulation from state: [ 2.43658821  6.36455463  0.52049437  0.01815552 -2.35684976 -0.26628933]
Initial V(x, tMax): 1.1302
Collision detected at t=12.40s
  [ 28/500] COLLISION  t=  12.4s  θ_err= +49.73°  effort=  354.1
Starting simulation from state: [-5.90861163  8.65957708  0.38746236 -0.36054783  2.33343167 -0.25581165]
Initial V(x, tMax): 1.0943
Entered BRAT at t=15.70s, starting Phase 2
Docking successful at t=25.50s
  [ 29/500] DOCKED     t=  25.5s  θ_err=  +1.08°  effort=  725.1
Starting simulation from state: [-11.69148715   0.5398089   -0.03356482   0.59744055  -0.97906427
   0.34705151]
Initial V(x, tMax): 1.1964
Entered BRAT at t=16.10s, starting Phase 2
Docking successful at t=25.50s
  [ 30/500] DOCKED     t=  25.5s  θ_err=  -0.18°  effort=  725.1
Starting simulation from state: [-10.86717232 -10.23543138   0.42646937   0.54662583  -0.84900925
  -0.40166397]
Initial V(x, tMax): 0.9556
Entered BRAT at t=9.00s, starting Phase 2
Docking successful at t=20.10s
  [ 31/500] DOCKED     t=  20.1s  θ_err=  +2.07°  effort=  572.1
Starting simulation from state: [  9.32453443 -10.13726864  -0.57511076  -0.11249568  -2.96897465
  -0.37640097]
Initial V(x, tMax): 1.1866
Entered BRAT at t=11.10s, starting Phase 2
Docking successful at t=23.20s
  [ 32/500] DOCKED     t=  23.2s  θ_err=  +1.26°  effort=  659.9
Starting simulation from state: [-12.54410782  -2.29815778  -0.04131032  -0.62597741  -1.7856327
   0.25770279]
Initial V(x, tMax): 1.1990
Entered BRAT at t=15.00s, starting Phase 2
Docking successful at t=25.70s
  [ 33/500] DOCKED     t=  25.7s  θ_err=  -0.08°  effort=  730.8
Starting simulation from state: [-7.86851273 -1.43990996 -0.2498744  -0.41220644 -1.1605854  -0.35197098]
Initial V(x, tMax): 1.1859
Entered BRAT at t=11.00s, starting Phase 2
Docking successful at t=21.60s
  [ 34/500] DOCKED     t=  21.6s  θ_err=  +0.42°  effort=  614.6
Starting simulation from state: [ 4.26621045 -6.96469703  0.3694504  -0.66429581 -0.061205   -0.0158119 ]
Initial V(x, tMax): 1.1928
Entered BRAT at t=16.10s, starting Phase 2
Docking successful at t=27.10s
  [ 35/500] DOCKED     t=  27.1s  θ_err=  +1.24°  effort=  770.4
Starting simulation from state: [  2.48079327 -10.59680627   0.65878728   0.68035528   0.14939711
   0.15963871]
Initial V(x, tMax): 1.1668
Entered BRAT at t=11.70s, starting Phase 2
Docking successful at t=23.30s
  [ 36/500] DOCKED     t=  23.3s  θ_err=  -1.26°  effort=  662.8
Starting simulation from state: [  8.86801388 -10.62718472  -0.10531314  -0.59557012  -0.96564657
   0.19448345]
Initial V(x, tMax): 1.1991
Entered BRAT at t=18.80s, starting Phase 2
Docking successful at t=32.60s
  [ 37/500] DOCKED     t=  32.6s  θ_err=  +2.14°  effort=  926.2
Starting simulation from state: [-2.15266054 -9.0265656   0.36494781 -0.06337486 -2.33820697 -0.10169701]
Initial V(x, tMax): 1.1410
Entered BRAT at t=8.80s, starting Phase 2
Docking successful at t=19.60s
  [ 38/500] DOCKED     t=  19.6s  θ_err=  +1.82°  effort=  558.0
Starting simulation from state: [-7.69943995  2.52291597  0.66115628 -0.11616605  1.91343784  0.29757204]
Initial V(x, tMax): 0.9281
Entered BRAT at t=9.30s, starting Phase 2
Docking successful at t=20.20s
  [ 39/500] DOCKED     t=  20.2s  θ_err=  -0.43°  effort=  575.0
Starting simulation from state: [-5.55016047  2.64573628  0.08789435 -0.23522654  0.81698815 -0.13466676]
Initial V(x, tMax): 0.7159
Entered BRAT at t=8.60s, starting Phase 2
Docking successful at t=18.20s
  [ 40/500] DOCKED     t=  18.2s  θ_err=  +0.29°  effort=  518.3
Starting simulation from state: [10.31937559  6.04140844  0.17237983  0.5068192   1.12716968  0.22016694]
Initial V(x, tMax): 1.1973
Collision detected at t=20.10s
  [ 41/500] COLLISION  t=  20.1s  θ_err= +27.13°  effort=  572.1
Starting simulation from state: [ 7.14996063  5.83136924 -0.23143411 -0.40285489 -1.87871398  0.35583142]
Initial V(x, tMax): 0.8979
Entered BRAT at t=12.50s, starting Phase 2
Docking successful at t=22.50s
  [ 42/500] DOCKED     t=  22.5s  θ_err=  -1.86°  effort=  640.1
Starting simulation from state: [ 6.02528978  1.11386395 -0.44603728  0.04555591 -1.22565275  0.32279766]
Initial V(x, tMax): 0.6247
Entered BRAT at t=8.00s, starting Phase 2
Docking successful at t=18.60s
  [ 43/500] DOCKED     t=  18.6s  θ_err=  -1.63°  effort=  529.7
Starting simulation from state: [ 6.56381925  9.09756017 -0.16758549 -0.24285693 -3.07371431 -0.22749855]
Initial V(x, tMax): 1.1102
Collision detected at t=13.80s
  [ 44/500] COLLISION  t=  13.8s  θ_err= +48.93°  effort=  393.7
Starting simulation from state: [ 8.26008083e+00 -9.01595428e+00  3.25025928e-01  7.41405660e-01
 -2.42810075e+00  5.11923326e-03]
Initial V(x, tMax): 1.1964
Entered BRAT at t=12.50s, starting Phase 2
Docking successful at t=28.00s
  [ 45/500] DOCKED     t=  28.0s  θ_err=  -0.96°  effort=  795.9
Starting simulation from state: [ 2.66454927 -3.48136008  0.73684711 -0.59220422 -1.96320325 -0.06767416]
Initial V(x, tMax): 1.1751
Entered BRAT at t=12.00s, starting Phase 2
Docking successful at t=24.20s
  [ 46/500] DOCKED     t=  24.2s  θ_err=  -0.96°  effort=  688.3
Starting simulation from state: [-6.43575826 -0.52827926  0.57973686 -0.24616559  2.66019502 -0.31191427]
Initial V(x, tMax): 0.2963
Entered BRAT at t=3.00s, starting Phase 2
Docking successful at t=13.00s
  [ 47/500] DOCKED     t=  13.0s  θ_err=  +1.06°  effort=  371.0
Starting simulation from state: [ 7.65275067 -9.86061458 -0.71512255 -0.59823125  2.10858919  0.172139  ]
Initial V(x, tMax): 1.1974
Entered BRAT at t=19.70s, starting Phase 2
Docking successful at t=30.00s
  [ 48/500] DOCKED     t=  30.0s  θ_err=  +1.88°  effort=  852.6
Starting simulation from state: [ 4.48896748 -9.90139624  0.39862283 -0.09236824 -1.34897409  0.2964809 ]
Initial V(x, tMax): 1.1851
Entered BRAT at t=12.00s, starting Phase 2
Docking successful at t=23.40s
  [ 49/500] DOCKED     t=  23.4s  θ_err=  -2.12°  effort=  665.6
Starting simulation from state: [-0.53569371  6.12679921 -0.12801494 -0.58506548 -1.86788244 -0.49478229]
Initial V(x, tMax): 1.1116
Collision detected at t=7.10s
  [ 50/500] COLLISION  t=   7.1s  θ_err=  -7.95°  effort=  203.9
Starting simulation from state: [-7.03246572e+00  7.35068632e+00 -5.57496125e-01  5.79585825e-01
  1.65864706e+00 -4.66492199e-03]
Initial V(x, tMax): 1.1966
Entered BRAT at t=25.40s, starting Phase 2
Docking successful at t=35.10s
  [ 51/500] DOCKED     t=  35.1s  θ_err=  +1.35°  effort=  997.0
Starting simulation from state: [ 9.21644661 -8.8562323   0.6442122   0.19058946  2.25943871 -0.3656434 ]
Initial V(x, tMax): 1.1994
Entered BRAT at t=18.60s, starting Phase 2
Docking successful at t=30.00s
  [ 52/500] DOCKED     t=  30.0s  θ_err=  -1.70°  effort=  852.6
Starting simulation from state: [ 8.27991041  2.78593453  0.49546062  0.49607865 -0.69847611  0.42033237]
Initial V(x, tMax): 1.1978
Entered BRAT at t=20.10s, starting Phase 2
Docking successful at t=30.60s
  [ 53/500] DOCKED     t=  30.6s  θ_err=  -2.01°  effort=  869.5
Starting simulation from state: [-11.08071506  -7.0717113   -0.34995917   0.74536953  -2.3804713
  -0.15626943]
Initial V(x, tMax): 1.1984
Entered BRAT at t=19.60s, starting Phase 2
Docking successful at t=29.60s
  [ 54/500] DOCKED     t=  29.6s  θ_err=  +1.18°  effort=  841.2
Starting simulation from state: [12.73425943 12.01858622  0.60215343 -0.45660129 -2.57746898 -0.40312508]
Initial V(x, tMax): 1.1985
Entered BRAT at t=21.10s, starting Phase 2
Docking successful at t=33.10s
  [ 55/500] DOCKED     t=  33.1s  θ_err=  -1.60°  effort=  940.4
Starting simulation from state: [ 2.55343152e+00  6.63726626e+00  2.65250324e-01 -4.22294649e-01
 -1.29461143e+00  4.77952795e-03]
Initial V(x, tMax): 1.0542
Collision detected at t=5.50s
  [ 56/500] COLLISION  t=   5.5s  θ_err=-124.38°  effort=  158.6
Starting simulation from state: [-1.11506610e+01  1.06354515e+00  2.73460881e-01 -4.29257424e-03
 -5.05233127e-01  1.80138471e-01]
Initial V(x, tMax): 1.1188
Entered BRAT at t=9.90s, starting Phase 2
Docking successful at t=20.10s
  [ 57/500] DOCKED     t=  20.1s  θ_err=  -1.99°  effort=  572.1
Starting simulation from state: [ 6.69940325  0.77108002  0.70282235 -0.51616393  2.14436769 -0.33662478]
Initial V(x, tMax): 1.1960
Entered BRAT at t=16.50s, starting Phase 2
Docking successful at t=27.50s
  [ 58/500] DOCKED     t=  27.5s  θ_err=  -1.96°  effort=  781.7
Starting simulation from state: [-11.49953115  -7.39534752  -0.5685879   -0.30418189  -3.09063551
   0.16184926]
Initial V(x, tMax): 1.1982
Entered BRAT at t=19.80s, starting Phase 2
Docking successful at t=31.50s
  [ 59/500] DOCKED     t=  31.5s  θ_err=  -1.95°  effort=  895.0
Starting simulation from state: [ 8.40700850e+00 -9.50979241e+00 -4.34053716e-01  4.73919960e-01
 -1.27149927e+00 -5.04567494e-03]
Initial V(x, tMax): 0.8421
Entered BRAT at t=7.30s, starting Phase 2
Docking successful at t=21.10s
  [ 60/500] DOCKED     t=  21.1s  θ_err=  -0.05°  effort=  600.5
Starting simulation from state: [-10.47949828   5.7580585    0.57465889  -0.21997346  -1.82593054
   0.41654163]
Initial V(x, tMax): 0.9844
Entered BRAT at t=13.30s, starting Phase 2
Docking successful at t=23.20s
  [ 61/500] DOCKED     t=  23.2s  θ_err=  +1.88°  effort=  659.9
Starting simulation from state: [ 8.59437979  2.05825749  0.06894383 -0.59731385 -0.29259497  0.31852667]
Initial V(x, tMax): 1.1645
Entered BRAT at t=9.60s, starting Phase 2
Docking successful at t=21.10s
  [ 62/500] DOCKED     t=  21.1s  θ_err=  -0.37°  effort=  600.5
Starting simulation from state: [-1.08822143  7.23347721 -0.74294336 -0.48100541  2.87156071  0.13363386]
Initial V(x, tMax): 1.1374
Entered BRAT at t=14.10s, starting Phase 2
Docking successful at t=23.00s
  [ 63/500] DOCKED     t=  23.0s  θ_err=  +1.03°  effort=  654.3
Starting simulation from state: [-11.97302803  -4.51102727  -0.04813645  -0.13612506   0.38349454
   0.24333327]
Initial V(x, tMax): 1.1976
Entered BRAT at t=13.10s, starting Phase 2
Docking successful at t=24.00s
  [ 64/500] DOCKED     t=  24.0s  θ_err=  +0.50°  effort=  682.6
Starting simulation from state: [-5.13348452 -2.74220989 -0.37757485  0.43718482  0.24032652 -0.41304893]
Initial V(x, tMax): 1.1567
Entered BRAT at t=9.20s, starting Phase 2
Docking successful at t=19.90s
  [ 65/500] DOCKED     t=  19.9s  θ_err=  +2.14°  effort=  566.5
Starting simulation from state: [-11.65760657  -3.37342088   0.61860213   0.15602743   0.67490682
  -0.14539411]
Initial V(x, tMax): 0.8587
Entered BRAT at t=7.50s, starting Phase 2
Docking successful at t=18.10s
  [ 66/500] DOCKED     t=  18.1s  θ_err=  -0.85°  effort=  515.5
Starting simulation from state: [ 4.13004001  6.56006172 -0.62828622  0.47563302  1.65775333 -0.45113524]
Initial V(x, tMax): 1.1967
Collision detected at t=14.70s
  [ 67/500] COLLISION  t=  14.7s  θ_err= +55.89°  effort=  419.2
Starting simulation from state: [ 2.09635028 -7.98889853 -0.46293157  0.18793141 -3.07468179  0.13485389]
Initial V(x, tMax): 0.8119
Entered BRAT at t=5.40s, starting Phase 2
Docking successful at t=16.30s
  [ 68/500] DOCKED     t=  16.3s  θ_err=  +2.24°  effort=  464.5
Starting simulation from state: [-2.99506903 -6.85873765 -0.72763243 -0.09854899 -1.49834004 -0.14877527]
Initial V(x, tMax): 1.1881
Entered BRAT at t=12.00s, starting Phase 2
Docking successful at t=38.90s
  [ 69/500] DOCKED     t=  38.9s  θ_err=  +0.49°  effort= 1104.6
Starting simulation from state: [ 1.15648363e+01 -1.06761467e+01 -4.24730088e-01  6.88413054e-01
  1.19703032e-03 -2.45468211e-01]
Initial V(x, tMax): 1.0609
Entered BRAT at t=10.60s, starting Phase 2
Docking successful at t=23.60s
  [ 70/500] DOCKED     t=  23.6s  θ_err=  +1.53°  effort=  671.3
Starting simulation from state: [-5.6620906   6.15646103  0.72885097  0.32579434  0.71423053  0.06306243]
Initial V(x, tMax): 1.1914
Collision detected at t=12.10s
  [ 71/500] COLLISION  t=  12.1s  θ_err= -38.93°  effort=  345.6
Starting simulation from state: [ 8.29177834  2.9045634   0.40090688 -0.68572999  1.43561748 -0.46092539]
Initial V(x, tMax): 1.1934
Entered BRAT at t=13.40s, starting Phase 2
Docking successful at t=25.20s
  [ 72/500] DOCKED     t=  25.2s  θ_err=  -0.20°  effort=  716.6
Starting simulation from state: [-10.59206583   4.6648502   -0.24782228  -0.59809764   2.17074913
  -0.4131258 ]
Initial V(x, tMax): 1.1985
Entered BRAT at t=15.90s, starting Phase 2
Docking successful at t=25.90s
  [ 73/500] DOCKED     t=  25.9s  θ_err=  -0.23°  effort=  736.4
Starting simulation from state: [-8.19055013 -7.93267119 -0.06002604 -0.4502769   1.76838324 -0.1909662 ]
Initial V(x, tMax): 1.1966
Entered BRAT at t=12.80s, starting Phase 2
Docking successful at t=24.00s
  [ 74/500] DOCKED     t=  24.0s  θ_err=  -1.08°  effort=  682.6
Starting simulation from state: [-3.8162591  -2.41390626  0.15551682 -0.03533312 -0.02976762  0.36507134]
Initial V(x, tMax): 0.2676
Entered BRAT at t=2.10s, starting Phase 2
Docking successful at t=11.40s
  [ 75/500] DOCKED     t=  11.4s  θ_err=  +0.58°  effort=  325.7
Starting simulation from state: [ 8.13368514 12.50121518  0.31069873 -0.67127257 -2.63186074 -0.48802364]
Initial V(x, tMax): 1.1964
Entered BRAT at t=18.10s, starting Phase 2
Collision detected at t=18.30s
  [ 76/500] COLLISION  t=  18.3s  θ_err= +66.02°  effort=  521.2
Starting simulation from state: [-7.89494745  3.76656696 -0.32001054  0.41443804  1.85851552 -0.07329805]
Initial V(x, tMax): 1.1935
Entered BRAT at t=18.60s, starting Phase 2
Docking successful at t=28.30s
  [ 77/500] DOCKED     t=  28.3s  θ_err=  +0.74°  effort=  804.4
Starting simulation from state: [-5.35374084  6.34507889  0.14404777 -0.274853   -2.5652029  -0.4368714 ]
Initial V(x, tMax): 1.0443
Entered BRAT at t=13.50s, starting Phase 2
Docking successful at t=23.10s
  [ 78/500] DOCKED     t=  23.1s  θ_err=  +0.79°  effort=  657.1
Starting simulation from state: [-9.35307426 -6.91423575  0.56126114 -0.37062209  2.71613765 -0.06826991]
Initial V(x, tMax): 1.1748
Entered BRAT at t=10.80s, starting Phase 2
Docking successful at t=21.30s
  [ 79/500] DOCKED     t=  21.3s  θ_err=  +2.11°  effort=  606.1
Starting simulation from state: [ 5.13871175 -6.33247646  0.68875564 -0.36159775  3.0345095  -0.22587802]
Initial V(x, tMax): 1.1855
Entered BRAT at t=15.00s, starting Phase 2
Docking successful at t=28.00s
  [ 80/500] DOCKED     t=  28.0s  θ_err=  -1.08°  effort=  795.9
Starting simulation from state: [10.46044003 -1.17164866 -0.39339319 -0.5737821   0.82827772 -0.32126585]
Initial V(x, tMax): 0.9648
Entered BRAT at t=9.90s, starting Phase 2
Docking successful at t=22.50s
  [ 81/500] DOCKED     t=  22.5s  θ_err=  -1.72°  effort=  640.1
Starting simulation from state: [12.19327611  6.576612   -0.42315956  0.47418362 -1.94589153 -0.35015361]
Initial V(x, tMax): 1.1960
Collision detected at t=20.30s
  [ 82/500] COLLISION  t=  20.3s  θ_err= +25.19°  effort=  577.8
Starting simulation from state: [-8.40722572  8.70658152 -0.13763774 -0.11248654  2.58930471 -0.20427822]
Initial V(x, tMax): 1.1861
Entered BRAT at t=18.10s, starting Phase 2
Docking successful at t=28.00s
  [ 83/500] DOCKED     t=  28.0s  θ_err=  +1.57°  effort=  795.9
Starting simulation from state: [-7.222683    6.82507866  0.06090946  0.71209376 -2.04245603 -0.14851404]
Initial V(x, tMax): 1.1978
Collision detected at t=18.50s
  [ 84/500] COLLISION  t=  18.5s  θ_err= -56.53°  effort=  526.8
Starting simulation from state: [-9.5850269  -5.65427535 -0.56110608  0.4903262   2.59891883  0.04436321]
Initial V(x, tMax): 1.1977
Entered BRAT at t=23.30s, starting Phase 2
Docking successful at t=32.50s
  [ 85/500] DOCKED     t=  32.5s  θ_err=  -0.96°  effort=  923.4
Starting simulation from state: [-10.50804991 -11.3505329   -0.11789318  -0.24896096  -0.05458586
  -0.15742789]
Initial V(x, tMax): 1.1989
Entered BRAT at t=14.10s, starting Phase 2
Docking successful at t=25.00s
  [ 86/500] DOCKED     t=  25.0s  θ_err=  +0.44°  effort=  710.9
Starting simulation from state: [-1.20365492  7.20707527  0.46002343  0.12781662 -1.04699495  0.26629274]
Initial V(x, tMax): 1.1813
Collision detected at t=10.30s
  [ 87/500] COLLISION  t=  10.3s  θ_err=  -0.49°  effort=  294.6
Starting simulation from state: [ -1.50800156 -12.10190985  -0.21157386  -0.69764909   0.2670157
  -0.18534122]
Initial V(x, tMax): 1.1980
Entered BRAT at t=21.60s, starting Phase 2
Docking successful at t=32.00s
  [ 88/500] DOCKED     t=  32.0s  θ_err=  -1.78°  effort=  909.2
Starting simulation from state: [-4.42522498 -3.05091121 -0.64144874  0.41907368  1.71239236 -0.36176914]
Initial V(x, tMax): 1.1707
Entered BRAT at t=14.80s, starting Phase 2
Docking successful at t=25.30s
  [ 89/500] DOCKED     t=  25.3s  θ_err=  +0.41°  effort=  719.4
Starting simulation from state: [-7.45153292 -0.60385778  0.1852421   0.296294    2.39402718  0.02949897]
Initial V(x, tMax): 0.8935
Entered BRAT at t=6.80s, starting Phase 2
Docking successful at t=16.50s
  [ 90/500] DOCKED     t=  16.5s  θ_err=  -0.39°  effort=  470.2
Starting simulation from state: [-3.35775989 -8.84552489 -0.52291812  0.53893425 -1.40573402  0.1253927 ]
Initial V(x, tMax): 1.1386
Entered BRAT at t=8.50s, starting Phase 2
Docking successful at t=23.80s
  [ 91/500] DOCKED     t=  23.8s  θ_err=  +1.35°  effort=  676.9
Starting simulation from state: [ 8.42042416 -6.48173892  0.21354501 -0.0694853  -0.15603203 -0.19243642]
Initial V(x, tMax): 1.1923
Entered BRAT at t=12.00s, starting Phase 2
Docking successful at t=28.80s
  [ 92/500] DOCKED     t=  28.8s  θ_err=  -1.41°  effort=  818.6
Starting simulation from state: [-5.1906246   1.50363407 -0.10677447  0.57269646  0.89137326 -0.48484368]
Initial V(x, tMax): 1.1469
Entered BRAT at t=17.30s, starting Phase 2
Docking successful at t=26.30s
  [ 93/500] DOCKED     t=  26.3s  θ_err=  +0.65°  effort=  747.8
Starting simulation from state: [-5.94978713  6.67048621 -0.73847399  0.52394289 -1.87341186 -0.07742035]
Initial V(x, tMax): 1.1977
Entered BRAT at t=23.60s, starting Phase 2
Docking successful at t=33.30s
  [ 94/500] DOCKED     t=  33.3s  θ_err=  +1.08°  effort=  946.0
Starting simulation from state: [-3.57880525  7.64295053  0.59717548 -0.50832982  1.02325187 -0.32154997]
Initial V(x, tMax): 1.1149
Collision detected at t=11.40s
  [ 95/500] COLLISION  t=  11.4s  θ_err= +51.95°  effort=  325.7
Starting simulation from state: [ 6.7571842   1.54226948  0.71703086 -0.31461793  2.71244446  0.318539  ]
Initial V(x, tMax): 1.1970
Entered BRAT at t=16.70s, starting Phase 2
Docking successful at t=30.80s
  [ 96/500] DOCKED     t=  30.8s  θ_err=  -1.77°  effort=  875.2
Starting simulation from state: [-2.15013899 -7.17289603 -0.1546554  -0.2501933   2.77120751 -0.03886705]
Initial V(x, tMax): 1.1332
Entered BRAT at t=9.10s, starting Phase 2
Docking successful at t=19.90s
  [ 97/500] DOCKED     t=  19.9s  θ_err=  +2.06°  effort=  566.5
Starting simulation from state: [-0.3094154   3.93009205  0.45973487  0.12570032 -0.84662277 -0.13988254]
Initial V(x, tMax): 1.1375
Collision detected at t=6.30s
  [ 98/500] COLLISION  t=   6.3s  θ_err=-138.65°  effort=  181.3
Starting simulation from state: [11.55021032  2.14998703  0.68222105  0.39124873 -2.63546523  0.13456777]
Initial V(x, tMax): 1.1978
Entered BRAT at t=21.10s, starting Phase 2
Docking successful at t=32.80s
  [ 99/500] DOCKED     t=  32.8s  θ_err=  -0.21°  effort=  931.9
Starting simulation from state: [ 1.15082558 10.27126308 -0.11987454  0.44940961 -2.38066949 -0.35613488]
Initial V(x, tMax): 1.1987
Collision detected at t=18.10s
  [100/500] COLLISION  t=  18.1s  θ_err= +81.52°  effort=  515.5
Starting simulation from state: [-11.81220259   2.52397312  -0.35513463   0.68582211  -2.94544198
  -0.11303512]
Initial V(x, tMax): 1.1975
Entered BRAT at t=23.10s, starting Phase 2
Docking successful at t=33.20s
  [101/500] DOCKED     t=  33.2s  θ_err=  +0.87°  effort=  943.2
Starting simulation from state: [-3.40119604 -6.14098033 -0.20267555  0.46210972 -2.43515517 -0.29418741]
Initial V(x, tMax): 0.6325
Entered BRAT at t=4.60s, starting Phase 2
Docking successful at t=15.40s
  [102/500] DOCKED     t=  15.4s  θ_err=  +1.54°  effort=  439.0
Starting simulation from state: [ 5.87996717  7.78813797  0.04959134 -0.20196455 -0.13501906 -0.40918356]
Initial V(x, tMax): 1.0861
Collision detected at t=15.10s
  [103/500] COLLISION  t=  15.1s  θ_err= +57.41°  effort=  430.5
Starting simulation from state: [-10.21569416   7.64609968  -0.64940116  -0.12516662   1.73653447
  -0.16350209]
Initial V(x, tMax): 1.1980
Entered BRAT at t=19.20s, starting Phase 2
Docking successful at t=29.90s
  [104/500] DOCKED     t=  29.9s  θ_err=  +0.61°  effort=  849.7
Starting simulation from state: [ 6.83418656  0.57621743 -0.51429531 -0.29138747  0.35239411 -0.29275916]
Initial V(x, tMax): 0.5776
Entered BRAT at t=7.60s, starting Phase 2
Docking successful at t=20.00s
  [105/500] DOCKED     t=  20.0s  θ_err=  -0.22°  effort=  569.3
Starting simulation from state: [11.43683803  7.5315257   0.64719018 -0.73286251 -0.95143535 -0.45544678]
Initial V(x, tMax): 1.1982
Entered BRAT at t=24.80s, starting Phase 2
Docking successful at t=35.40s
  [106/500] DOCKED     t=  35.4s  θ_err=  -0.55°  effort= 1005.5
Starting simulation from state: [ 3.68473536 -7.20937927  0.15472768  0.31568874 -0.81942262 -0.42098287]
Initial V(x, tMax): 0.5744
Entered BRAT at t=5.60s, starting Phase 2
Docking successful at t=17.30s
  [107/500] DOCKED     t=  17.3s  θ_err=  +2.23°  effort=  492.8
Starting simulation from state: [-1.18686317  5.11564682  0.46907805  0.74515653  2.92815793  0.41077079]
Initial V(x, tMax): 1.1980
Collision detected at t=17.20s
  [108/500] COLLISION  t=  17.2s  θ_err=-108.09°  effort=  490.0
Starting simulation from state: [-5.99470753e+00  2.35824260e+00  3.04288066e-01  7.23970920e-01
 -1.38667343e+00 -1.53819716e-03]
Initial V(x, tMax): 1.1829
Entered BRAT at t=21.70s, starting Phase 2
Docking successful at t=31.40s
  [109/500] DOCKED     t=  31.4s  θ_err=  +1.17°  effort=  892.2
Starting simulation from state: [-5.94909911  2.86416783 -0.55377612  0.21809723  2.41468329  0.09984892]
Initial V(x, tMax): 1.1921
Entered BRAT at t=14.10s, starting Phase 2
Docking successful at t=23.80s
  [110/500] DOCKED     t=  23.8s  θ_err=  -0.33°  effort=  676.9
Starting simulation from state: [ -0.28784345 -11.44338847  -0.07134301   0.68056961   1.45323193
  -0.38787987]
Initial V(x, tMax): 0.6930
Entered BRAT at t=9.40s, starting Phase 2
Docking successful at t=20.20s
  [111/500] DOCKED     t=  20.2s  θ_err=  +0.90°  effort=  575.0
Starting simulation from state: [ 3.94869732  7.0255505   0.29254383  0.36998213 -0.95074142  0.16238291]
Initial V(x, tMax): 1.1946
Collision detected at t=20.00s
  [112/500] COLLISION  t=  20.0s  θ_err=  +5.30°  effort=  569.3
Starting simulation from state: [-8.7830267   8.29870757 -0.39948753  0.3590783  -1.26867963  0.43459809]
Initial V(x, tMax): 1.1978
Entered BRAT at t=22.80s, starting Phase 2
Docking successful at t=32.60s
  [113/500] DOCKED     t=  32.6s  θ_err=  +0.43°  effort=  926.2
Starting simulation from state: [ 5.27012161  0.79603053  0.61288107  0.5723128  -0.03841865  0.07072171]
Initial V(x, tMax): 1.1869
Entered BRAT at t=15.60s, starting Phase 2
Collision detected at t=15.70s
  [114/500] COLLISION  t=  15.7s  θ_err= -11.57°  effort=  447.5
Starting simulation from state: [12.83974045 -4.37483036 -0.25964806 -0.69776489  2.30738272 -0.20305379]
Initial V(x, tMax): 1.1926
Entered BRAT at t=14.00s, starting Phase 2
Docking successful at t=25.80s
  [115/500] DOCKED     t=  25.8s  θ_err=  +0.57°  effort=  733.6
Starting simulation from state: [ 6.15503517  0.08186241 -0.01639589  0.12361023 -0.93868782 -0.17359418]
Initial V(x, tMax): 0.8290
Entered BRAT at t=6.40s, starting Phase 2
Docking successful at t=19.20s
  [116/500] DOCKED     t=  19.2s  θ_err=  -1.00°  effort=  546.7
Starting simulation from state: [ 9.98545123  2.75621648 -0.4829921   0.44463842 -1.47683294  0.33313083]
Initial V(x, tMax): 1.1487
Collision detected at t=16.10s
  [117/500] COLLISION  t=  16.1s  θ_err=  -5.67°  effort=  458.8
Starting simulation from state: [-8.30679671  6.41521572 -0.3118318  -0.6580186  -1.69465765 -0.30830558]
Initial V(x, tMax): 1.1958
Entered BRAT at t=14.10s, starting Phase 2
Docking successful at t=23.60s
  [118/500] DOCKED     t=  23.6s  θ_err=  +0.34°  effort=  671.3
Starting simulation from state: [-3.21734497 -1.88839409 -0.52189415 -0.26907303 -0.58290844  0.03727797]
Initial V(x, tMax): 1.1334
Entered BRAT at t=8.90s, starting Phase 2
Docking successful at t=18.80s
  [119/500] DOCKED     t=  18.8s  θ_err=  -1.20°  effort=  535.3
Starting simulation from state: [ 9.36618497  2.99047331  0.41625831  0.48536225 -1.55508147 -0.3148058 ]
Initial V(x, tMax): 1.1985
Entered BRAT at t=19.10s, starting Phase 2
Collision detected at t=19.70s
  [120/500] COLLISION  t=  19.7s  θ_err= +28.84°  effort=  560.8
Starting simulation from state: [ -5.63640172 -12.76837155   0.54010743   0.48162975   2.25623952
  -0.22063733]
Initial V(x, tMax): 0.9671
Entered BRAT at t=9.10s, starting Phase 2
Docking successful at t=20.00s
  [121/500] DOCKED     t=  20.0s  θ_err=  +2.14°  effort=  569.3
Starting simulation from state: [ -5.45823724 -12.83509635   0.17820652  -0.21571977   1.42827986
   0.33256135]
Initial V(x, tMax): 1.1976
Entered BRAT at t=15.30s, starting Phase 2
Docking successful at t=25.60s
  [122/500] DOCKED     t=  25.6s  θ_err=  +1.45°  effort=  727.9
Starting simulation from state: [-1.58360044e+00  1.22788696e+01 -7.49007214e-03  1.57008145e-01
 -1.62401540e+00  3.51486916e-01]
Initial V(x, tMax): 1.1981
Collision detected at t=16.50s
  [123/500] COLLISION  t=  16.5s  θ_err= +51.21°  effort=  470.2
Starting simulation from state: [-8.10770973 -1.02092703  0.05558251  0.18821267 -2.57356494  0.21898273]
Initial V(x, tMax): 1.0614
Entered BRAT at t=7.40s, starting Phase 2
Docking successful at t=20.00s
  [124/500] DOCKED     t=  20.0s  θ_err=  +0.44°  effort=  569.3
Starting simulation from state: [-0.92671449 -3.23151678 -0.52712909 -0.46109191 -1.04756192  0.45214366]
Initial V(x, tMax): 0.9695
Entered BRAT at t=6.80s, starting Phase 2
Docking successful at t=16.70s
  [125/500] DOCKED     t=  16.7s  θ_err=  +0.93°  effort=  475.8
Starting simulation from state: [-10.83230634  -4.40981808  -0.70984434   0.21911922   0.46203778
  -0.28722577]
Initial V(x, tMax): 1.1998
Entered BRAT at t=22.30s, starting Phase 2
Docking successful at t=32.20s
  [126/500] DOCKED     t=  32.2s  θ_err=  +1.35°  effort=  914.9
Starting simulation from state: [-10.82158177   8.17750435  -0.46427555  -0.28740887  -2.91942109
  -0.49125836]
Initial V(x, tMax): 1.1994
Entered BRAT at t=19.20s, starting Phase 2
Docking successful at t=29.00s
  [127/500] DOCKED     t=  29.0s  θ_err=  -0.33°  effort=  824.2
Starting simulation from state: [ 3.37652251 -3.14604426 -0.14336555 -0.48911113  2.18147933  0.43988617]
Initial V(x, tMax): 0.9206
Entered BRAT at t=8.40s, starting Phase 2
Docking successful at t=19.10s
  [128/500] DOCKED     t=  19.1s  θ_err=  -0.25°  effort=  543.8
Starting simulation from state: [-10.26911586   3.23780939  -0.62051286  -0.39677628   1.04898098
   0.49156221]
Initial V(x, tMax): 1.1974
Entered BRAT at t=18.80s, starting Phase 2
Docking successful at t=31.90s
  [129/500] DOCKED     t=  31.9s  θ_err=  +1.68°  effort=  906.4
Starting simulation from state: [ 1.24576705 -3.24647409  0.25901285 -0.41604645 -2.11809823  0.03847729]
Initial V(x, tMax): 0.9299
Entered BRAT at t=6.10s, starting Phase 2
Docking successful at t=17.20s
  [130/500] DOCKED     t=  17.2s  θ_err=  +2.21°  effort=  490.0
Starting simulation from state: [-0.24058727  6.07060499 -0.03418128 -0.49829513 -1.69868079 -0.49837207]
Initial V(x, tMax): 1.1167
Collision detected at t=9.10s
  [131/500] COLLISION  t=   9.1s  θ_err= -33.57°  effort=  260.6
Starting simulation from state: [ -3.40026878 -10.06585216   0.34187561   0.23122392   0.61790963
   0.41732363]
Initial V(x, tMax): 0.9716
Entered BRAT at t=8.70s, starting Phase 2
Docking successful at t=19.00s
  [132/500] DOCKED     t=  19.0s  θ_err=  +2.16°  effort=  541.0
Starting simulation from state: [-1.36831331 -3.94824915  0.28518671 -0.17413016  2.28119012  0.27884608]
Initial V(x, tMax): 0.8444
Entered BRAT at t=8.60s, starting Phase 2
Docking successful at t=20.10s
  [133/500] DOCKED     t=  20.1s  θ_err=  +2.14°  effort=  572.1
Starting simulation from state: [-6.46080673  6.21225747 -0.57793034  0.48011095  2.4875372   0.2439971 ]
Initial V(x, tMax): 1.1969
Entered BRAT at t=22.00s, starting Phase 2
Docking successful at t=31.70s
  [134/500] DOCKED     t=  31.7s  θ_err=  +1.12°  effort=  900.7
Starting simulation from state: [ 3.70344727 -8.71077534  0.1711282  -0.64783813  0.96038167 -0.29043422]
Initial V(x, tMax): 1.1981
Entered BRAT at t=17.30s, starting Phase 2
Docking successful at t=28.30s
  [135/500] DOCKED     t=  28.3s  θ_err=  +2.22°  effort=  804.4
Starting simulation from state: [ 1.01051748  9.82273123 -0.33966347  0.07064792 -1.22892831  0.07712617]
Initial V(x, tMax): 1.1938
Collision detected at t=12.40s
  [136/500] COLLISION  t=  12.4s  θ_err= -19.35°  effort=  354.1
Starting simulation from state: [-10.22994434   9.45780319  -0.50151717   0.02482103  -0.15259329
  -0.42592072]
Initial V(x, tMax): 1.1989
Entered BRAT at t=23.70s, starting Phase 2
Docking successful at t=33.40s
  [137/500] DOCKED     t=  33.4s  θ_err=  +0.54°  effort=  948.9
Starting simulation from state: [ 9.17042521  4.31824994 -0.42794557 -0.32421228 -0.32390472 -0.06511351]
Initial V(x, tMax): 0.8774
Entered BRAT at t=10.80s, starting Phase 2
Docking successful at t=20.90s
  [138/500] DOCKED     t=  20.9s  θ_err=  -1.98°  effort=  594.8
Starting simulation from state: [10.07628519 -8.57601345  0.03980556 -0.55726717  0.53100455  0.37626876]
Initial V(x, tMax): 1.1994
Entered BRAT at t=15.50s, starting Phase 2
Docking successful at t=27.20s
  [139/500] DOCKED     t=  27.2s  θ_err=  +1.51°  effort=  773.2
Starting simulation from state: [-6.6649364  -5.57429807 -0.2676657   0.56621898  2.46248013 -0.29996041]
Initial V(x, tMax): 1.1696
Entered BRAT at t=9.20s, starting Phase 2
Docking successful at t=20.10s
  [140/500] DOCKED     t=  20.1s  θ_err=  +0.14°  effort=  572.1
Starting simulation from state: [ 9.7498907   3.7110762   0.73284889  0.19735863  0.47946925 -0.17558231]
Initial V(x, tMax): 1.1963
Entered BRAT at t=20.60s, starting Phase 2
Docking successful at t=31.80s
  [141/500] DOCKED     t=  31.8s  θ_err=  -0.21°  effort=  903.5
Starting simulation from state: [ 10.05876435 -12.23842149  -0.55859875   0.20695087   0.69985974
   0.03438182]
Initial V(x, tMax): 1.1588
Entered BRAT at t=11.40s, starting Phase 2
Docking successful at t=23.10s
  [142/500] DOCKED     t=  23.1s  θ_err=  +0.22°  effort=  657.1
Starting simulation from state: [ 4.73403268  5.77993963 -0.55923356 -0.05110118  2.51712019 -0.24513737]
Initial V(x, tMax): 1.1201
Collision detected at t=6.60s
  [143/500] COLLISION  t=   6.6s  θ_err= -18.55°  effort=  189.8
Starting simulation from state: [-5.82819648 -7.40121326  0.69718086  0.73254026 -3.05661501  0.25581886]
Initial V(x, tMax): 0.4962
Entered BRAT at t=6.30s, starting Phase 2
Docking successful at t=18.80s
  [144/500] DOCKED     t=  18.8s  θ_err=  -1.95°  effort=  535.3
Starting simulation from state: [ 1.03589046e+01 -6.71316494e+00 -4.25633449e-03  4.27401116e-01
  2.03184793e+00 -2.18684455e-01]
Initial V(x, tMax): 1.1900
Entered BRAT at t=10.80s, starting Phase 2
Docking successful at t=23.60s
  [145/500] DOCKED     t=  23.6s  θ_err=  +0.05°  effort=  671.3
Starting simulation from state: [ 8.64535288 -0.95446958 -0.68542071 -0.38693514  2.25971357 -0.26409118]
Initial V(x, tMax): 0.5434
Entered BRAT at t=4.70s, starting Phase 2
Docking successful at t=16.50s
  [146/500] DOCKED     t=  16.5s  θ_err=  -1.61°  effort=  470.2
Starting simulation from state: [ 8.36062247 -7.52963367  0.18516398  0.57555587 -2.52429098  0.33155723]
Initial V(x, tMax): 1.1924
Entered BRAT at t=13.30s, starting Phase 2
Docking successful at t=24.90s
  [147/500] DOCKED     t=  24.9s  θ_err=  -1.91°  effort=  708.1
Starting simulation from state: [ 4.36006814e+00 -1.29506504e+01  6.80395756e-01  2.26466612e-03
  2.79823383e+00 -1.65336648e-01]
Initial V(x, tMax): 1.1966
Entered BRAT at t=14.40s, starting Phase 2
Docking successful at t=26.60s
  [148/500] DOCKED     t=  26.6s  θ_err=  -0.02°  effort=  756.3
Starting simulation from state: [-9.0449229  -6.47863661 -0.310502    0.12472625  0.62906609  0.2745831 ]
Initial V(x, tMax): 1.1951
Entered BRAT at t=13.20s, starting Phase 2
Docking successful at t=24.30s
  [149/500] DOCKED     t=  24.3s  θ_err=  +0.92°  effort=  691.1
Starting simulation from state: [-8.46002824  6.30210959  0.01923327  0.7369351   0.09399199 -0.28782848]
Initial V(x, tMax): 1.1986
Collision detected at t=21.80s
  [150/500] COLLISION  t=  21.8s  θ_err= +24.09°  effort=  620.3
Starting simulation from state: [ 1.53287703 -8.6136361   0.15244113 -0.4782486  -2.55207767  0.22245092]
Initial V(x, tMax): 1.1951
Entered BRAT at t=14.50s, starting Phase 2
Docking successful at t=24.80s
  [151/500] DOCKED     t=  24.8s  θ_err=  -2.18°  effort=  705.3
Starting simulation from state: [ 2.88997611 -4.8720382   0.17198164 -0.05909969 -0.19155772 -0.09079974]
Initial V(x, tMax): 0.7053
Entered BRAT at t=4.50s, starting Phase 2
Docking successful at t=16.70s
  [152/500] DOCKED     t=  16.7s  θ_err=  -2.09°  effort=  475.8
Starting simulation from state: [12.79105509  7.18125214 -0.59831343  0.7198299  -1.73994255  0.45878637]
Initial V(x, tMax): 1.1993
Collision detected at t=21.40s
  [153/500] COLLISION  t=  21.4s  θ_err=-125.40°  effort=  609.0
Starting simulation from state: [ 8.90682404 -2.39264197  0.02511003  0.49858612  2.59219251  0.06461284]
Initial V(x, tMax): 1.1673
Entered BRAT at t=9.40s, starting Phase 2
Docking successful at t=21.20s
  [154/500] DOCKED     t=  21.2s  θ_err=  -0.11°  effort=  603.3
Starting simulation from state: [ 1.98844051 -1.69819557 -0.33415648 -0.10906697  1.81525763  0.10373975]
Initial V(x, tMax): -0.2840
Entered BRAT at t=0.00s, starting Phase 2
Docking successful at t=9.80s
  [155/500] DOCKED     t=   9.8s  θ_err=  +0.97°  effort=  280.4
Starting simulation from state: [ 9.44637195  0.84887466  0.05919182 -0.16934465  0.49369685 -0.04095646]
Initial V(x, tMax): 1.1819
Entered BRAT at t=11.00s, starting Phase 2
Docking successful at t=21.90s
  [156/500] DOCKED     t=  21.9s  θ_err=  -1.95°  effort=  623.1
Starting simulation from state: [ 4.85171056  0.82998301 -0.15786571  0.11900681  1.05799581  0.22197332]
Initial V(x, tMax): 0.7953
Entered BRAT at t=7.30s, starting Phase 2
Docking successful at t=17.30s
  [157/500] DOCKED     t=  17.3s  θ_err=  +1.29°  effort=  492.8
Starting simulation from state: [-9.82531204 12.78545352 -0.36321473 -0.15462283  0.26801037  0.18717806]
Initial V(x, tMax): 1.1981
Entered BRAT at t=21.90s, starting Phase 2
Collision detected at t=22.10s
  [158/500] COLLISION  t=  22.1s  θ_err= -54.54°  effort=  628.8
Starting simulation from state: [-9.10881212 11.06685006 -0.72046498 -0.24836126 -0.2436861   0.43860426]
Initial V(x, tMax): 1.1986
Entered BRAT at t=20.90s, starting Phase 2
Docking successful at t=30.80s
  [159/500] DOCKED     t=  30.8s  θ_err=  +1.44°  effort=  875.2
Starting simulation from state: [-2.42610404 -8.01796151 -0.21843145  0.17078045 -0.20970446  0.27615665]
Initial V(x, tMax): 0.6379
Entered BRAT at t=5.50s, starting Phase 2
Docking successful at t=16.50s
  [160/500] DOCKED     t=  16.5s  θ_err=  -0.02°  effort=  470.2
Starting simulation from state: [  8.93124821 -12.17032271  -0.71316088  -0.10013767  -0.05903689
   0.25609738]
Initial V(x, tMax): 1.1969
Entered BRAT at t=13.60s, starting Phase 2
Docking successful at t=25.10s
  [161/500] DOCKED     t=  25.1s  θ_err=  +0.97°  effort=  713.8
Starting simulation from state: [ 1.95991172 10.84557196  0.36455477  0.13796921 -2.0439494  -0.24484817]
Initial V(x, tMax): 1.1988
Collision detected at t=21.00s
  [162/500] COLLISION  t=  21.0s  θ_err=  +6.36°  effort=  597.6
Starting simulation from state: [ 0.33237355 10.0040946  -0.2023323   0.74342522 -0.76198775  0.46704883]
Initial V(x, tMax): 1.1980
Collision detected at t=23.80s
  [163/500] COLLISION  t=  23.8s  θ_err= -14.80°  effort=  676.9
Starting simulation from state: [  5.49640015 -10.29066667  -0.19378871  -0.43788969   1.41966024
  -0.09717059]
Initial V(x, tMax): 1.1978
Entered BRAT at t=14.70s, starting Phase 2
Docking successful at t=25.60s
  [164/500] DOCKED     t=  25.6s  θ_err=  -0.97°  effort=  727.9
Starting simulation from state: [-7.11726359e+00 -3.35890263e+00  3.21035214e-01 -3.77592102e-03
 -3.93680908e-01  3.50328152e-01]
Initial V(x, tMax): 0.5123
Entered BRAT at t=4.10s, starting Phase 2
Docking successful at t=17.70s
  [165/500] DOCKED     t=  17.7s  θ_err=  -1.91°  effort=  504.2
Starting simulation from state: [  5.44540979 -11.23898756  -0.22365496  -0.35352276  -1.91591258
   0.06403668]
Initial V(x, tMax): 1.1980
Entered BRAT at t=14.70s, starting Phase 2
Docking successful at t=25.30s
  [166/500] DOCKED     t=  25.3s  θ_err=  -0.14°  effort=  719.4
Starting simulation from state: [-5.53625234  4.89495627  0.33509706 -0.72452316  0.82967676  0.44594814]
Initial V(x, tMax): 0.8597
Entered BRAT at t=10.60s, starting Phase 2
Docking successful at t=21.00s
  [167/500] DOCKED     t=  21.0s  θ_err=  +0.06°  effort=  597.6
Starting simulation from state: [ 7.89397126 -1.99548669 -0.23943363 -0.59334849  3.10452396 -0.47375183]
Initial V(x, tMax): 0.9730
Entered BRAT at t=11.20s, starting Phase 2
Docking successful at t=21.50s
  [168/500] DOCKED     t=  21.5s  θ_err=  -1.95°  effort=  611.8
Starting simulation from state: [-10.26690273  -7.69568394  -0.09374141  -0.74470231   1.08493637
   0.32595194]
Initial V(x, tMax): 1.1981
Entered BRAT at t=17.90s, starting Phase 2
Docking successful at t=28.80s
  [169/500] DOCKED     t=  28.8s  θ_err=  +2.20°  effort=  818.6
Starting simulation from state: [ 2.13848465  6.98664459 -0.57240334 -0.31610777 -2.65312652  0.13716987]
Initial V(x, tMax): 1.1223
Collision detected at t=11.60s
  [170/500] COLLISION  t=  11.6s  θ_err= -47.25°  effort=  331.4
Starting simulation from state: [ 9.44742511 12.98785893 -0.14287279  0.64087939 -0.31647532  0.23337215]
Initial V(x, tMax): 1.1977
Entered BRAT at t=35.60s, starting Phase 2
Docking successful at t=45.30s
  [171/500] DOCKED     t=  45.3s  θ_err=  +1.05°  effort= 1285.9
Starting simulation from state: [-6.9041718  11.54073715 -0.49558754  0.06990011  0.68326602 -0.30894758]
Initial V(x, tMax): 1.2001
Entered BRAT at t=22.30s, starting Phase 2
Docking successful at t=31.40s
  [172/500] DOCKED     t=  31.4s  θ_err=  +0.46°  effort=  892.2
Starting simulation from state: [-0.99686731  6.27110888 -0.57642269  0.59310978  1.83963819 -0.3424305 ]
Initial V(x, tMax): 1.1976
Entered BRAT at t=23.70s, starting Phase 2
Docking successful at t=32.90s
  [173/500] DOCKED     t=  32.9s  θ_err=  +0.48°  effort=  934.7
Starting simulation from state: [-12.79121096  -0.04172889  -0.5787243    0.31883294  -2.55336383
  -0.49044062]
Initial V(x, tMax): 1.1985
Entered BRAT at t=20.90s, starting Phase 2
Docking successful at t=31.60s
  [174/500] DOCKED     t=  31.6s  θ_err=  +1.46°  effort=  897.9
Starting simulation from state: [ 2.47721406  3.85437581 -0.34622684 -0.0837544  -2.88048599 -0.11055186]
Initial V(x, tMax): 1.1384
Collision detected at t=7.50s
  [175/500] COLLISION  t=   7.5s  θ_err= +28.45°  effort=  215.3
Starting simulation from state: [-1.64813973 -2.48953722  0.05942555  0.54332375 -2.29700689  0.1553179 ]
Initial V(x, tMax): 0.7768
Entered BRAT at t=6.30s, starting Phase 2
Docking successful at t=16.80s
  [176/500] DOCKED     t=  16.8s  θ_err=  +0.50°  effort=  478.7
Starting simulation from state: [-3.18509336 12.6150084  -0.57392538  0.21730735 -1.81407075  0.18574868]
Initial V(x, tMax): 1.1982
Entered BRAT at t=24.10s, starting Phase 2
Docking successful at t=34.00s
  [177/500] DOCKED     t=  34.0s  θ_err=  +1.66°  effort=  965.8
Starting simulation from state: [-0.03247178 -4.31356894 -0.65482585 -0.49649877  3.09575885  0.38499501]
Initial V(x, tMax): 1.0826
Entered BRAT at t=7.70s, starting Phase 2
Docking successful at t=18.90s
  [178/500] DOCKED     t=  18.9s  θ_err=  -1.55°  effort=  538.2
Starting simulation from state: [-11.25614596  -7.03554773  -0.73131812   0.01470746   2.71000051
  -0.37017406]
Initial V(x, tMax): 1.1986
Entered BRAT at t=27.40s, starting Phase 2
Docking successful at t=37.10s
  [179/500] DOCKED     t=  37.1s  θ_err=  +1.03°  effort= 1053.7
Starting simulation from state: [-5.77988756  0.2105513  -0.58630408 -0.67247114 -3.05219232 -0.05094573]
Initial V(x, tMax): 1.1895
Entered BRAT at t=13.30s, starting Phase 2
Docking successful at t=26.50s
  [180/500] DOCKED     t=  26.5s  θ_err=  +1.58°  effort=  753.4
Starting simulation from state: [ 6.63964100e+00  1.72673786e+00  5.00297876e-01 -6.43810765e-03
  4.59772707e-01 -4.68489405e-01]
Initial V(x, tMax): 1.1943
Entered BRAT at t=13.20s, starting Phase 2
Docking successful at t=24.90s
  [181/500] DOCKED     t=  24.9s  θ_err=  -0.65°  effort=  708.1
Starting simulation from state: [-5.87048218 -0.61138105  0.55245417 -0.71307052  1.3280932   0.11940806]
Initial V(x, tMax): 0.8564
Entered BRAT at t=5.90s, starting Phase 2
Docking successful at t=16.20s
  [182/500] DOCKED     t=  16.2s  θ_err=  +1.14°  effort=  461.7
Starting simulation from state: [ 1.22090086 10.42838128 -0.11340814  0.59734855  0.37371203 -0.18273805]
Initial V(x, tMax): 1.1982
Collision detected at t=20.70s
  [183/500] COLLISION  t=  20.7s  θ_err= -23.80°  effort=  589.1
Starting simulation from state: [11.46908403  7.88966326  0.12382214 -0.21991762  2.74734516  0.23869616]
Initial V(x, tMax): 1.1983
Entered BRAT at t=19.00s, starting Phase 2
Docking successful at t=29.00s
  [184/500] DOCKED     t=  29.0s  θ_err=  -2.28°  effort=  824.2
Starting simulation from state: [-8.97215333  3.1419022   0.14159303  0.70523212  0.08622476  0.29538616]
Initial V(x, tMax): 1.1961
Entered BRAT at t=22.90s, starting Phase 2
Docking successful at t=32.20s
  [185/500] DOCKED     t=  32.2s  θ_err=  +0.01°  effort=  914.9
Starting simulation from state: [11.00199349 11.69063971  0.57188965 -0.62708365 -2.04097192  0.41142242]
Initial V(x, tMax): 1.1996
Entered BRAT at t=21.30s, starting Phase 2
Docking successful at t=31.20s
  [186/500] DOCKED     t=  31.2s  θ_err=  +1.46°  effort=  886.5
Starting simulation from state: [ 5.46230873  8.58485944  0.22441448  0.06850689 -2.13372631  0.04487027]
Initial V(x, tMax): 1.1890
Collision detected at t=16.10s
  [187/500] COLLISION  t=  16.1s  θ_err= +55.84°  effort=  458.8
Starting simulation from state: [ 5.85991062  9.41050139 -0.06668736 -0.6241685   1.93697959  0.12147373]
Initial V(x, tMax): 1.0297
Collision detected at t=12.10s
  [188/500] COLLISION  t=  12.1s  θ_err= +31.04°  effort=  345.6
Starting simulation from state: [-3.8439395  11.66572412  0.14789887 -0.31111234 -0.03183555 -0.17103467]
Initial V(x, tMax): 1.1760
Entered BRAT at t=18.50s, starting Phase 2
Docking successful at t=27.20s
  [189/500] DOCKED     t=  27.2s  θ_err=  +1.16°  effort=  773.2
Starting simulation from state: [  4.96257992 -11.24676055   0.3172713    0.6943107   -3.07091403
  -0.38657911]
Initial V(x, tMax): 1.1292
Entered BRAT at t=9.70s, starting Phase 2
Docking successful at t=21.50s
  [190/500] DOCKED     t=  21.5s  θ_err=  -1.11°  effort=  611.8
Starting simulation from state: [-12.0793503    3.56251705  -0.33334161  -0.65681272  -1.96487364
  -0.22580107]
Initial V(x, tMax): 1.1988
Entered BRAT at t=16.70s, starting Phase 2
Docking successful at t=29.20s
  [191/500] DOCKED     t=  29.2s  θ_err=  +1.64°  effort=  829.9
Starting simulation from state: [ -1.33622961 -11.80729512  -0.37473253  -0.08647597   2.56477294
   0.23359648]
Initial V(x, tMax): 1.1918
Entered BRAT at t=12.10s, starting Phase 2
Docking successful at t=23.40s
  [192/500] DOCKED     t=  23.4s  θ_err=  +1.04°  effort=  665.6
Starting simulation from state: [ 1.50920604e+00 -5.88253122e+00 -4.86765410e-01 -6.99079965e-01
  2.30266660e+00 -5.54378140e-03]
Initial V(x, tMax): 1.1767
Entered BRAT at t=14.80s, starting Phase 2
Docking successful at t=25.30s
  [193/500] DOCKED     t=  25.3s  θ_err=  +0.59°  effort=  719.4
Starting simulation from state: [-11.721115     5.55908154   0.39359892   0.55523702   2.41629085
  -0.23320084]
Initial V(x, tMax): 1.1995
Entered BRAT at t=23.00s, starting Phase 2
Docking successful at t=32.20s
  [194/500] DOCKED     t=  32.2s  θ_err=  +0.08°  effort=  914.9
Starting simulation from state: [-10.00633116  -6.45296874   0.67309341  -0.69564951  -0.89499114
  -0.0166806 ]
Initial V(x, tMax): 1.1961
Entered BRAT at t=14.80s, starting Phase 2
Docking successful at t=26.50s
  [195/500] DOCKED     t=  26.5s  θ_err=  +1.09°  effort=  753.4
Starting simulation from state: [10.55896783 -8.56626394  0.0122055   0.61986105 -1.43529118  0.41260678]
Initial V(x, tMax): 1.1915
Entered BRAT at t=11.70s, starting Phase 2
Docking successful at t=24.60s
  [196/500] DOCKED     t=  24.6s  θ_err=  +0.12°  effort=  699.6
Starting simulation from state: [  2.19315871 -10.38787635  -0.41543435  -0.22275674  -0.60468538
  -0.16500661]
Initial V(x, tMax): 1.1963
Entered BRAT at t=12.50s, starting Phase 2
Docking successful at t=23.30s
  [197/500] DOCKED     t=  23.3s  θ_err=  -1.29°  effort=  662.8
Starting simulation from state: [  8.87731689 -10.36468486  -0.40471182   0.33542515   0.29571468
   0.12698895]
Initial V(x, tMax): 0.9011
Entered BRAT at t=9.60s, starting Phase 2
Docking successful at t=21.10s
  [198/500] DOCKED     t=  21.1s  θ_err=  +0.31°  effort=  600.5
Starting simulation from state: [-4.75787005  3.88348439 -0.58672461 -0.22985102 -1.72399112  0.24331549]
Initial V(x, tMax): 1.1888
Entered BRAT at t=15.70s, starting Phase 2
Docking successful at t=26.90s
  [199/500] DOCKED     t=  26.9s  θ_err=  +0.17°  effort=  764.7
Starting simulation from state: [ 0.7566281   6.25864872  0.13156024 -0.4705252   0.74922543 -0.41720233]
Initial V(x, tMax): 1.1075
Collision detected at t=6.40s
  [200/500] COLLISION  t=   6.4s  θ_err=+142.20°  effort=  184.1
Starting simulation from state: [-4.30695209 11.18823117  0.4036327  -0.33622299  2.16972337  0.39491479]
Initial V(x, tMax): 1.1654
Entered BRAT at t=18.40s, starting Phase 2
Docking successful at t=28.20s
  [201/500] DOCKED     t=  28.2s  θ_err=  +1.27°  effort=  801.6
Starting simulation from state: [ 1.54209624 -1.27399944  0.41864277 -0.568591    2.8846535   0.40271206]
Initial V(x, tMax): 0.8274
Entered BRAT at t=7.50s, starting Phase 2
Docking successful at t=18.70s
  [202/500] DOCKED     t=  18.7s  θ_err=  +0.70°  effort=  532.5
Starting simulation from state: [  6.99351626 -10.80459646   0.54482241   0.50348452  -0.14813124
   0.32124305]
Initial V(x, tMax): 1.1965
Entered BRAT at t=14.70s, starting Phase 2
Docking successful at t=27.60s
  [203/500] DOCKED     t=  27.6s  θ_err=  -0.13°  effort=  784.6
Starting simulation from state: [ 7.15947001  3.99692124 -0.65266194 -0.52355813 -2.02327958 -0.20719016]
Initial V(x, tMax): 0.6265
Entered BRAT at t=8.10s, starting Phase 2
Collision detected at t=8.70s
  [204/500] COLLISION  t=   8.7s  θ_err= +48.71°  effort=  249.3
Starting simulation from state: [ 6.33144139 -8.66117408 -0.53531056 -0.38432125 -2.15658052  0.02359958]
Initial V(x, tMax): 1.1938
Entered BRAT at t=12.10s, starting Phase 2
Docking successful at t=22.80s
  [205/500] DOCKED     t=  22.8s  θ_err=  +0.08°  effort=  648.6
Starting simulation from state: [-12.24739118  -4.38804756   0.66978941   0.55706363  -0.32300076
   0.17791359]
Initial V(x, tMax): 0.8832
Entered BRAT at t=7.90s, starting Phase 2
Docking successful at t=18.40s
  [206/500] DOCKED     t=  18.4s  θ_err=  -0.56°  effort=  524.0
Starting simulation from state: [ 8.51118615e+00 -7.06511166e-01 -3.67601224e-03  6.63888618e-02
 -2.37686378e-01 -1.59732529e-02]
Initial V(x, tMax): 1.1269
Entered BRAT at t=9.30s, starting Phase 2
Docking successful at t=20.70s
  [207/500] DOCKED     t=  20.7s  θ_err=  -2.03°  effort=  589.1
Starting simulation from state: [-4.75594675  5.86794152  0.65563006 -0.42461053 -2.82101234  0.21343649]
Initial V(x, tMax): 1.1191
Collision detected at t=4.60s
  [208/500] COLLISION  t=   4.6s  θ_err=+157.89°  effort=  133.1
Starting simulation from state: [ 2.26722307 -9.27535035  0.63872535 -0.13319671 -0.72788408  0.35482487]
Initial V(x, tMax): 1.1829
Entered BRAT at t=11.80s, starting Phase 2
Docking successful at t=23.00s
  [209/500] DOCKED     t=  23.0s  θ_err=  +0.68°  effort=  654.3
Starting simulation from state: [-7.26149388 12.64291228  0.06633695  0.52436701  1.71958183 -0.41527937]
Initial V(x, tMax): 1.1989
Collision detected at t=21.10s
  [210/500] COLLISION  t=  21.1s  θ_err= +91.80°  effort=  600.5
Starting simulation from state: [-10.26310113   2.22171069   0.59678647  -0.38810136  -0.88910657
   0.30116224]
Initial V(x, tMax): 0.7144
Entered BRAT at t=8.60s, starting Phase 2
Docking successful at t=18.60s
  [211/500] DOCKED     t=  18.6s  θ_err=  +1.10°  effort=  529.7
Starting simulation from state: [  1.10619277 -12.63259796  -0.16137149   0.33583114  -2.09828584
   0.24715303]
Initial V(x, tMax): 1.0995
Entered BRAT at t=10.00s, starting Phase 2
Docking successful at t=20.30s
  [212/500] DOCKED     t=  20.3s  θ_err=  -1.99°  effort=  577.8
Starting simulation from state: [-10.21475247  -7.15302122  -0.67555163  -0.26338776   2.4682176
  -0.39256266]
Initial V(x, tMax): 1.1985
Entered BRAT at t=19.50s, starting Phase 2
Docking successful at t=30.40s
  [213/500] DOCKED     t=  30.4s  θ_err=  -0.40°  effort=  863.9
Starting simulation from state: [ 0.5184388   3.93302786 -0.70032964 -0.03971467  0.57430192 -0.13034961]
Initial V(x, tMax): 1.1342
Collision detected at t=2.20s
  [214/500] COLLISION  t=   2.2s  θ_err= -70.46°  effort=   65.1
Starting simulation from state: [-5.60382359  1.89505471  0.13394691  0.73322489 -1.33287808  0.12311325]
Initial V(x, tMax): 1.1740
Entered BRAT at t=21.00s, starting Phase 2
Docking successful at t=30.70s
  [215/500] DOCKED     t=  30.7s  θ_err=  +1.02°  effort=  872.4
Starting simulation from state: [-2.39958554  3.95774288  0.07820022 -0.10110354 -2.01924389  0.26320493]
Initial V(x, tMax): 1.1282
Entered BRAT at t=18.00s, starting Phase 2
Docking successful at t=26.90s
  [216/500] DOCKED     t=  26.9s  θ_err=  +0.31°  effort=  764.7
Starting simulation from state: [-1.97866092  9.59619686  0.35183542 -0.02044142  2.23162726 -0.03110153]
Initial V(x, tMax): 1.1867
Collision detected at t=11.60s
  [217/500] COLLISION  t=  11.6s  θ_err= -49.74°  effort=  331.4
Starting simulation from state: [ 2.90711563 -6.35970589  0.74717349  0.70536803  2.94473719  0.48877516]
Initial V(x, tMax): 1.1654
Entered BRAT at t=18.60s, starting Phase 2
Collision detected at t=18.80s
  [218/500] COLLISION  t=  18.8s  θ_err= -14.12°  effort=  535.3
Starting simulation from state: [9.84181553 0.42215198 0.51383223 0.52361671 2.34199051 0.01196163]
Initial V(x, tMax): 1.1979
Entered BRAT at t=17.10s, starting Phase 2
Docking successful at t=28.40s
  [219/500] DOCKED     t=  28.4s  θ_err=  +1.26°  effort=  807.2
Starting simulation from state: [ 0.05741511 -1.97777577 -0.32455238  0.32041435  2.98597961 -0.26816343]
Initial V(x, tMax): 0.0583
Entered BRAT at t=0.40s, starting Phase 2
Docking successful at t=9.90s
  [220/500] DOCKED     t=   9.9s  θ_err=  +0.99°  effort=  283.2
Starting simulation from state: [-1.85984216  7.92675697 -0.10043878  0.56280584 -2.61634741 -0.15423847]
Initial V(x, tMax): 1.1973
Collision detected at t=17.30s
  [221/500] COLLISION  t=  17.3s  θ_err= -53.36°  effort=  492.8
Starting simulation from state: [ 0.46161051  7.95662275 -0.32696462  0.42417125  1.44809479 -0.00908262]
Initial V(x, tMax): 1.1991
Collision detected at t=15.40s
  [222/500] COLLISION  t=  15.4s  θ_err= -49.88°  effort=  439.0
Starting simulation from state: [-8.8984339  -5.2069917   0.67399037 -0.33207326 -2.88468793 -0.03124075]
Initial V(x, tMax): 1.0279
Entered BRAT at t=8.20s, starting Phase 2
Docking successful at t=19.00s
  [223/500] DOCKED     t=  19.0s  θ_err=  +2.10°  effort=  541.0
Starting simulation from state: [  5.99021573 -12.26265275   0.37740083  -0.20488792   2.67049004
   0.38639356]
Initial V(x, tMax): 1.1982
Entered BRAT at t=15.20s, starting Phase 2
Docking successful at t=26.00s
  [224/500] DOCKED     t=  26.0s  θ_err=  +0.93°  effort=  739.3
Starting simulation from state: [ 8.59256404  2.23356437 -0.17056716 -0.11921495  3.08471953 -0.06774816]
Initial V(x, tMax): 0.9667
Entered BRAT at t=7.90s, starting Phase 2
Docking successful at t=18.80s
  [225/500] DOCKED     t=  18.8s  θ_err=  -0.05°  effort=  535.3
Starting simulation from state: [ 9.91711735  1.04997913 -0.6270746   0.24869168  0.52403861 -0.25305436]
Initial V(x, tMax): 0.9716
Entered BRAT at t=9.50s, starting Phase 2
Docking successful at t=22.20s
  [226/500] DOCKED     t=  22.2s  θ_err=  -1.61°  effort=  631.6
Starting simulation from state: [-8.11864909  9.00312579 -0.2301227  -0.20930833  2.082951   -0.14647531]
Initial V(x, tMax): 1.1909
Entered BRAT at t=18.40s, starting Phase 2
Docking successful at t=28.10s
  [227/500] DOCKED     t=  28.1s  θ_err=  +0.76°  effort=  798.7
Starting simulation from state: [ 1.13729836e+01 -1.35693679e+00  1.03370585e-02  2.32594412e-01
  6.87213016e-01 -9.55576922e-02]
Initial V(x, tMax): 1.1948
Entered BRAT at t=12.50s, starting Phase 2
Docking successful at t=23.40s
  [228/500] DOCKED     t=  23.4s  θ_err=  -2.15°  effort=  665.6
Starting simulation from state: [ 1.50999041 -5.26728531 -0.01949972 -0.69293732  2.76704084  0.44144727]
Initial V(x, tMax): 1.1600
Entered BRAT at t=14.90s, starting Phase 2
Docking successful at t=25.00s
  [229/500] DOCKED     t=  25.0s  θ_err=  +1.90°  effort=  710.9
Starting simulation from state: [11.54335214 -3.87857524  0.5712575   0.51937028 -0.78189893 -0.2137235 ]
Initial V(x, tMax): 1.1956
Entered BRAT at t=21.80s, starting Phase 2
Docking successful at t=33.10s
  [230/500] DOCKED     t=  33.1s  θ_err=  -1.70°  effort=  940.4
Starting simulation from state: [10.78192257 -6.58099749 -0.16735977  0.63658798 -2.34242759 -0.0517598 ]
Initial V(x, tMax): 1.1703
Entered BRAT at t=9.80s, starting Phase 2
Docking successful at t=22.20s
  [231/500] DOCKED     t=  22.2s  θ_err=  -1.13°  effort=  631.6
Starting simulation from state: [  0.63322155 -12.29613311   0.5683609   -0.55635458  -1.82023132
  -0.19081628]
Initial V(x, tMax): 1.1983
Entered BRAT at t=20.10s, starting Phase 2
Docking successful at t=30.70s
  [232/500] DOCKED     t=  30.7s  θ_err=  +2.24°  effort=  872.4
Starting simulation from state: [-6.49436279 -7.16527133  0.20396223 -0.11701808 -0.20540431 -0.11714052]
Initial V(x, tMax): 1.0165
Entered BRAT at t=6.60s, starting Phase 2
Docking successful at t=18.30s
  [233/500] DOCKED     t=  18.3s  θ_err=  -1.90°  effort=  521.2
Starting simulation from state: [-3.05847390e+00 -5.09717384e+00  2.27012885e-01 -1.91346029e-02
  2.68396049e+00  4.86910159e-03]
Initial V(x, tMax): 0.3660
Entered BRAT at t=3.50s, starting Phase 2
Docking successful at t=13.50s
  [234/500] DOCKED     t=  13.5s  θ_err=  +2.19°  effort=  385.2
Starting simulation from state: [-6.20728174 -6.88731478  0.16830181 -0.14744058  2.3895967  -0.07475848]
Initial V(x, tMax): 0.9846
Entered BRAT at t=7.60s, starting Phase 2
Docking successful at t=18.00s
  [235/500] DOCKED     t=  18.0s  θ_err=  +2.20°  effort=  512.7
Starting simulation from state: [ 5.15316871 10.71060484 -0.58778428 -0.61348288  0.23327557 -0.18838151]
Initial V(x, tMax): 1.1088
Collision detected at t=9.40s
  [236/500] COLLISION  t=   9.4s  θ_err= -66.17°  effort=  269.1
Starting simulation from state: [-0.58649732  7.03827861 -0.28031221  0.49688294 -0.82416818 -0.19990647]
Initial V(x, tMax): 1.1970
Collision detected at t=15.70s
  [237/500] COLLISION  t=  15.7s  θ_err= -45.24°  effort=  447.5
Starting simulation from state: [-1.49001323 -8.16812489  0.55486971  0.41954609 -1.58589432  0.14111077]
Initial V(x, tMax): 0.4809
Entered BRAT at t=4.60s, starting Phase 2
Docking successful at t=18.00s
  [238/500] DOCKED     t=  18.0s  θ_err=  +2.26°  effort=  512.7
Starting simulation from state: [ 2.97007211  5.56617102 -0.42955506 -0.18569978  2.87246407 -0.34626146]
Initial V(x, tMax): 1.1219
Collision detected at t=8.10s
  [239/500] COLLISION  t=   8.1s  θ_err= -36.51°  effort=  232.3
Starting simulation from state: [11.16503982 -7.50433299 -0.52735531 -0.32486379 -1.816218    0.34168571]
Initial V(x, tMax): 1.1738
Entered BRAT at t=12.40s, starting Phase 2
Docking successful at t=23.90s
  [240/500] DOCKED     t=  23.9s  θ_err=  +0.51°  effort=  679.8
Starting simulation from state: [ 1.94429652 -5.55779174 -0.59613604 -0.72656141  1.10828538 -0.40815363]
Initial V(x, tMax): 1.1702
Entered BRAT at t=15.80s, starting Phase 2
Docking successful at t=27.30s
  [241/500] DOCKED     t=  27.3s  θ_err=  +1.00°  effort=  776.1
Starting simulation from state: [  2.5474577  -10.09445199  -0.42423492   0.67661084   0.84363428
  -0.43275811]
Initial V(x, tMax): 0.5454
Entered BRAT at t=7.80s, starting Phase 2
Docking successful at t=19.20s
  [242/500] DOCKED     t=  19.2s  θ_err=  +1.40°  effort=  546.7
Starting simulation from state: [-5.22734299 10.74926512 -0.67896512 -0.22351623  2.66525432  0.40549189]
Initial V(x, tMax): 1.1986
Entered BRAT at t=21.40s, starting Phase 2
Docking successful at t=31.20s
  [243/500] DOCKED     t=  31.2s  θ_err=  +1.28°  effort=  886.5
Starting simulation from state: [-12.14028192   9.55148707   0.69914222   0.26834939  -2.39145579
  -0.39948063]
Initial V(x, tMax): 1.2002
Collision detected at t=19.30s
  [244/500] COLLISION  t=  19.3s  θ_err= -10.29°  effort=  549.5
Starting simulation from state: [ 8.51692904 12.34643102 -0.0764152   0.59480584 -0.36976406  0.10140974]
Initial V(x, tMax): 1.1981
Entered BRAT at t=31.40s, starting Phase 2
Docking successful at t=40.40s
  [245/500] DOCKED     t=  40.4s  θ_err=  +0.88°  effort= 1147.1
Starting simulation from state: [ 1.7205146   9.2430554   0.66292962  0.1707872   0.86116893 -0.3053916 ]
Initial V(x, tMax): 1.1972
Collision detected at t=20.30s
  [246/500] COLLISION  t=  20.3s  θ_err=  -9.35°  effort=  577.8
Starting simulation from state: [-0.24774572 -8.84736193 -0.61308463  0.32450449  1.37221031 -0.24067515]
Initial V(x, tMax): 0.8724
Entered BRAT at t=7.10s, starting Phase 2
Docking successful at t=17.10s
  [247/500] DOCKED     t=  17.1s  θ_err=  +0.62°  effort=  487.2
Starting simulation from state: [  1.45641417 -11.84754731   0.40343234  -0.37109349  -0.05365706
   0.01836747]
Initial V(x, tMax): 1.1980
Entered BRAT at t=16.10s, starting Phase 2
Docking successful at t=27.80s
  [248/500] DOCKED     t=  27.8s  θ_err=  -1.71°  effort=  790.2
Starting simulation from state: [ 7.54091398 -2.62787908 -0.57154152 -0.68465092 -2.14983051 -0.3202169 ]
Initial V(x, tMax): 1.0948
Entered BRAT at t=9.90s, starting Phase 2
Docking successful at t=20.60s
  [249/500] DOCKED     t=  20.6s  θ_err=  +1.10°  effort=  586.3
Starting simulation from state: [-8.00969993 -7.99907978  0.74434362  0.08679611  1.23015135 -0.07960704]
Initial V(x, tMax): 0.7934
Entered BRAT at t=6.40s, starting Phase 2
Docking successful at t=17.40s
  [250/500] DOCKED     t=  17.4s  θ_err=  -0.21°  effort=  495.7
Starting simulation from state: [11.87260272 -8.65117946  0.24767679 -0.42002944  0.21747303 -0.280568  ]
Initial V(x, tMax): 1.1992
Entered BRAT at t=16.40s, starting Phase 2
Docking successful at t=27.90s
  [251/500] DOCKED     t=  27.9s  θ_err=  +2.04°  effort=  793.1
Starting simulation from state: [-12.90534943  -3.80409273   0.49225126  -0.49842865   1.7470836
  -0.08578301]
Initial V(x, tMax): 1.1284
Entered BRAT at t=9.80s, starting Phase 2
Docking successful at t=21.40s
  [252/500] DOCKED     t=  21.4s  θ_err=  +0.55°  effort=  609.0
Starting simulation from state: [-8.52375944  0.4964939   0.67501823 -0.68560722  0.99273012  0.3710585 ]
Initial V(x, tMax): 0.8693
Entered BRAT at t=7.10s, starting Phase 2
Docking successful at t=17.10s
  [253/500] DOCKED     t=  17.1s  θ_err=  +2.18°  effort=  487.2
Starting simulation from state: [-1.79828526 -2.70858463  0.49843327 -0.03713636 -2.7852602  -0.00654491]
Initial V(x, tMax): 0.3063
Entered BRAT at t=1.50s, starting Phase 2
Docking successful at t=15.40s
  [254/500] DOCKED     t=  15.4s  θ_err=  -2.23°  effort=  439.0
Starting simulation from state: [12.93400605 -6.06238562 -0.06702157  0.47126593  1.96882008 -0.46987996]
Initial V(x, tMax): 1.1975
Entered BRAT at t=14.50s, starting Phase 2
Docking successful at t=26.40s
  [255/500] DOCKED     t=  26.4s  θ_err=  -1.06°  effort=  750.6
Starting simulation from state: [-11.48198247 -10.92860505  -0.2788104    0.10244219   1.68974985
   0.06359877]
Initial V(x, tMax): 1.1981
Entered BRAT at t=15.60s, starting Phase 2
Docking successful at t=26.70s
  [256/500] DOCKED     t=  26.7s  θ_err=  +1.16°  effort=  759.1
Starting simulation from state: [-5.56604287  2.77865417  0.32257909 -0.30270008  2.99208359  0.23881943]
Initial V(x, tMax): 0.7969
Entered BRAT at t=8.10s, starting Phase 2
Docking successful at t=18.00s
  [257/500] DOCKED     t=  18.0s  θ_err=  -2.20°  effort=  512.7
Starting simulation from state: [-11.95478948  -2.01820908  -0.64749947  -0.09263459  -1.75771024
   0.17862218]
Initial V(x, tMax): 1.1986
Entered BRAT at t=20.60s, starting Phase 2
Docking successful at t=32.00s
  [258/500] DOCKED     t=  32.0s  θ_err=  -1.31°  effort=  909.2
Starting simulation from state: [-4.50638142 -8.38914047  0.64874771  0.0785845   2.62052333  0.43669933]
Initial V(x, tMax): 0.8425
Entered BRAT at t=7.10s, starting Phase 2
Docking successful at t=18.50s
  [259/500] DOCKED     t=  18.5s  θ_err=  +1.68°  effort=  526.8
Starting simulation from state: [-6.60790424 -1.43136175 -0.38093214 -0.25160101  1.07454066  0.24744902]
Initial V(x, tMax): 1.1879
Entered BRAT at t=10.70s, starting Phase 2
Docking successful at t=22.10s
  [260/500] DOCKED     t=  22.1s  θ_err=  +0.92°  effort=  628.8
Starting simulation from state: [ 6.33561198 -1.07939582 -0.61725043  0.49961943 -2.20595928 -0.03473455]
Initial V(x, tMax): 1.0322
Collision detected at t=8.80s
  [261/500] COLLISION  t=   8.8s  θ_err= +79.48°  effort=  252.1
Starting simulation from state: [-5.51182305e+00 -6.56996060e+00 -2.70106092e-01 -1.27049498e-01
 -2.15519717e+00 -5.32439623e-03]
Initial V(x, tMax): 1.1144
Entered BRAT at t=8.70s, starting Phase 2
Docking successful at t=19.90s
  [262/500] DOCKED     t=  19.9s  θ_err=  +1.55°  effort=  566.5
Starting simulation from state: [ 5.83513984 -4.79867344  0.72818797  0.20248283 -1.53073812  0.43996747]
Initial V(x, tMax): 1.1939
Entered BRAT at t=18.40s, starting Phase 2
Docking successful at t=32.30s
  [263/500] DOCKED     t=  32.3s  θ_err=  -2.06°  effort=  917.7
Starting simulation from state: [ 9.49563633 -6.0488626  -0.15432809 -0.15082788 -0.49239884 -0.13972659]
Initial V(x, tMax): 1.0974
Entered BRAT at t=10.20s, starting Phase 2
Docking successful at t=22.00s
  [264/500] DOCKED     t=  22.0s  θ_err=  -0.09°  effort=  626.0
Starting simulation from state: [ 3.10430754 -3.79718911  0.32410587 -0.61212419 -0.32702703 -0.1830156 ]
Initial V(x, tMax): 1.1374
Entered BRAT at t=9.90s, starting Phase 2
Docking successful at t=21.30s
  [265/500] DOCKED     t=  21.3s  θ_err=  +0.46°  effort=  606.1
Starting simulation from state: [ 7.72543067 12.76378351  0.09005551 -0.0324318   1.32425841  0.40850923]
Initial V(x, tMax): 1.1985
Collision detected at t=22.30s
  [266/500] COLLISION  t=  22.3s  θ_err= -12.21°  effort=  634.5
Starting simulation from state: [ 12.88809292 -12.5209601    0.05847853   0.17811717   1.27465682
   0.4907272 ]
Initial V(x, tMax): 1.2001
Entered BRAT at t=18.40s, starting Phase 2
Docking successful at t=28.60s
  [267/500] DOCKED     t=  28.6s  θ_err=  -1.94°  effort=  812.9
Starting simulation from state: [-5.49248796 -5.7750967   0.30937661 -0.39781737 -3.1123728   0.24394532]
Initial V(x, tMax): 1.1372
Entered BRAT at t=8.80s, starting Phase 2
Docking successful at t=20.40s
  [268/500] DOCKED     t=  20.4s  θ_err=  -1.76°  effort=  580.6
Starting simulation from state: [ 5.82532818 11.99146431 -0.21453795  0.17278143  3.00737975  0.12570394]
Initial V(x, tMax): 1.1987
Collision detected at t=23.50s
  [269/500] COLLISION  t=  23.5s  θ_err= -10.12°  effort=  668.4
Starting simulation from state: [ 3.181269    9.19892521 -0.09915453  0.61535294 -2.43504161 -0.2765084 ]
Initial V(x, tMax): 1.1978
Collision detected at t=19.30s
  [270/500] COLLISION  t=  19.3s  θ_err= +78.03°  effort=  549.5
Starting simulation from state: [10.88479262 -2.74624109 -0.43260304  0.45761962  2.78325947 -0.06722504]
Initial V(x, tMax): 0.9450
Entered BRAT at t=8.10s, starting Phase 2
Docking successful at t=19.70s
  [271/500] DOCKED     t=  19.7s  θ_err=  +0.09°  effort=  560.8
Starting simulation from state: [ -2.75902195 -11.20548327  -0.49113927  -0.35810376  -2.56602392
   0.07885386]
Initial V(x, tMax): 1.1974
Entered BRAT at t=15.60s, starting Phase 2
Docking successful at t=26.20s
  [272/500] DOCKED     t=  26.2s  θ_err=  +2.11°  effort=  744.9
Starting simulation from state: [-5.11686853  2.11075191  0.23569302 -0.68945703  0.82667314 -0.06271902]
Initial V(x, tMax): 0.4374
Entered BRAT at t=6.50s, starting Phase 2
Docking successful at t=16.30s
  [273/500] DOCKED     t=  16.3s  θ_err=  +1.17°  effort=  464.5
Starting simulation from state: [-7.50549076  8.43735355  0.11091926 -0.29430544  0.3833864   0.34825244]
Initial V(x, tMax): 1.0902
Entered BRAT at t=15.00s, starting Phase 2
Docking successful at t=24.90s
  [274/500] DOCKED     t=  24.9s  θ_err=  -2.15°  effort=  708.1
Starting simulation from state: [-8.41370006 -9.79827938  0.21309608  0.14849454  1.19743902  0.30144882]
Initial V(x, tMax): 1.0596
Entered BRAT at t=8.90s, starting Phase 2
Docking successful at t=19.70s
  [275/500] DOCKED     t=  19.7s  θ_err=  +1.99°  effort=  560.8
Starting simulation from state: [ 8.63813571 12.08085641 -0.61982229 -0.0850071  -2.57121485  0.31410921]
Initial V(x, tMax): 1.1954
Collision detected at t=20.50s
  [276/500] COLLISION  t=  20.5s  θ_err=  -6.94°  effort=  583.5
Starting simulation from state: [-6.48350538 -8.46185216 -0.34544897  0.07455561  2.98406119  0.07285267]
Initial V(x, tMax): 1.1822
Entered BRAT at t=11.40s, starting Phase 2
Docking successful at t=24.00s
  [277/500] DOCKED     t=  24.0s  θ_err=  +0.57°  effort=  682.6
Starting simulation from state: [ 8.08402481 -6.10427626 -0.64422745 -0.13906685  2.0701396  -0.16847397]
Initial V(x, tMax): 0.7945
Entered BRAT at t=6.90s, starting Phase 2
Docking successful at t=17.30s
  [278/500] DOCKED     t=  17.3s  θ_err=  +1.31°  effort=  492.8
Starting simulation from state: [ 9.56487533  9.63712327  0.74529225  0.456043   -1.45412041 -0.03789266]
Initial V(x, tMax): 1.1993
Entered BRAT at t=26.90s, starting Phase 2
Docking successful at t=37.80s
  [279/500] DOCKED     t=  37.8s  θ_err=  -1.87°  effort= 1073.5
Starting simulation from state: [-11.81721741   5.1596073    0.44002929  -0.56757938   1.18313229
  -0.02260743]
Initial V(x, tMax): 1.0540
Entered BRAT at t=12.60s, starting Phase 2
Docking successful at t=22.30s
  [280/500] DOCKED     t=  22.3s  θ_err=  +0.96°  effort=  634.5
Starting simulation from state: [-12.35824844  -3.81936773  -0.08153446   0.21564173   0.80881933
  -0.40430143]
Initial V(x, tMax): 1.1981
Entered BRAT at t=14.00s, starting Phase 2
Docking successful at t=24.30s
  [281/500] DOCKED     t=  24.3s  θ_err=  +0.41°  effort=  691.1
Starting simulation from state: [-8.32785963  8.88704869  0.11096188  0.21912898 -3.12877411 -0.35572413]
Initial V(x, tMax): 1.1987
Entered BRAT at t=20.70s, starting Phase 2
Docking successful at t=29.90s
  [282/500] DOCKED     t=  29.9s  θ_err=  -0.03°  effort=  849.7
Starting simulation from state: [-11.66529532 -12.68827132   0.69901265  -0.67582717  -1.41876127
   0.02581945]
Initial V(x, tMax): 1.1985
Entered BRAT at t=29.10s, starting Phase 2
Docking successful at t=42.20s
  [283/500] DOCKED     t=  42.2s  θ_err=  -0.08°  effort= 1198.1
Starting simulation from state: [  7.64014611 -10.83541455  -0.29593262  -0.03924252  -1.19857894
   0.40654249]
Initial V(x, tMax): 1.1863
Entered BRAT at t=11.00s, starting Phase 2
Docking successful at t=23.40s
  [284/500] DOCKED     t=  23.4s  θ_err=  +1.32°  effort=  665.6
Starting simulation from state: [ 0.71279235 12.46028125 -0.13486158  0.04978364 -0.14788649  0.4792466 ]
Initial V(x, tMax): 1.1982
Collision detected at t=16.20s
  [285/500] COLLISION  t=  16.2s  θ_err= -50.02°  effort=  461.7
Starting simulation from state: [-1.76913203 11.72968836  0.19328264  0.41084795 -1.70393823  0.40863728]
Initial V(x, tMax): 1.1980
Collision detected at t=20.70s
  [286/500] COLLISION  t=  20.7s  θ_err= -29.28°  effort=  589.1
Starting simulation from state: [ 9.51479807 -0.81592903  0.52589226  0.57353272 -1.65363717 -0.38239863]
Initial V(x, tMax): 1.1977
Entered BRAT at t=17.10s, starting Phase 2
Docking successful at t=29.40s
  [287/500] DOCKED     t=  29.4s  θ_err=  -1.30°  effort=  835.6
Starting simulation from state: [ 5.74200225  1.43945628 -0.21975574 -0.00775661  2.13866106 -0.46208789]
Initial V(x, tMax): 0.8425
Entered BRAT at t=9.90s, starting Phase 2
Docking successful at t=22.00s
  [288/500] DOCKED     t=  22.0s  θ_err=  -0.27°  effort=  626.0
Starting simulation from state: [ 6.12892882  4.03238251 -0.50420437 -0.74900943  0.06933503 -0.13781529]
Initial V(x, tMax): 0.7871
Entered BRAT at t=9.60s, starting Phase 2
Docking successful at t=20.20s
  [289/500] DOCKED     t=  20.2s  θ_err=  -2.01°  effort=  575.0
Starting simulation from state: [  1.15263333 -11.32901316  -0.2626661   -0.34163988   2.87894064
   0.02480188]
Initial V(x, tMax): 1.1960
Entered BRAT at t=15.60s, starting Phase 2
Docking successful at t=25.50s
  [290/500] DOCKED     t=  25.5s  θ_err=  +0.09°  effort=  725.1
Starting simulation from state: [-2.02666405 -6.34374277  0.2990752   0.23406937 -1.69873949  0.19396988]
Initial V(x, tMax): 0.3284
Entered BRAT at t=3.60s, starting Phase 2
Docking successful at t=14.80s
  [291/500] DOCKED     t=  14.8s  θ_err=  -1.96°  effort=  422.0
Starting simulation from state: [-4.01309766 -1.67048096  0.50254038 -0.44732967  0.64149977 -0.31664684]
Initial V(x, tMax): 0.6582
Entered BRAT at t=7.80s, starting Phase 2
Docking successful at t=19.20s
  [292/500] DOCKED     t=  19.2s  θ_err=  -1.67°  effort=  546.7
Starting simulation from state: [ 5.7368574  -9.85498975  0.66537699 -0.23292978  2.7818819  -0.02946627]
Initial V(x, tMax): 1.1973
Entered BRAT at t=15.10s, starting Phase 2
Docking successful at t=29.70s
  [293/500] DOCKED     t=  29.7s  θ_err=  -1.79°  effort=  844.1
Starting simulation from state: [-2.46494069 -8.80899971 -0.04486715 -0.68812383  0.19401017  0.22980794]
Initial V(x, tMax): 1.1975
Entered BRAT at t=17.90s, starting Phase 2
Docking successful at t=28.50s
  [294/500] DOCKED     t=  28.5s  θ_err=  -1.68°  effort=  810.1
Starting simulation from state: [-10.09902846 -11.47703369   0.01734802  -0.21012765  -3.11746167
  -0.27544484]
Initial V(x, tMax): 1.1976
Entered BRAT at t=14.10s, starting Phase 2
Docking successful at t=24.80s
  [295/500] DOCKED     t=  24.8s  θ_err=  +2.17°  effort=  705.3
Starting simulation from state: [-2.95662351 -0.94596771 -0.05399611 -0.01687579 -2.53123167  0.15054993]
Initial V(x, tMax): 0.6907
Entered BRAT at t=6.00s, starting Phase 2
Docking successful at t=18.10s
  [296/500] DOCKED     t=  18.1s  θ_err=  +1.23°  effort=  515.5
Starting simulation from state: [-1.25054136  4.5199923  -0.6179967   0.70300484  0.99062972 -0.24390434]
Initial V(x, tMax): 1.1893
Entered BRAT at t=38.30s, starting Phase 2
Docking successful at t=48.10s
  [297/500] DOCKED     t=  48.1s  θ_err=  +0.41°  effort= 1365.2
Starting simulation from state: [ 1.74202041 -6.55966122 -0.34931923 -0.55892538 -2.21478188 -0.13857959]
Initial V(x, tMax): 1.1863
Entered BRAT at t=12.30s, starting Phase 2
Docking successful at t=23.30s
  [298/500] DOCKED     t=  23.3s  θ_err=  +1.52°  effort=  662.8
Starting simulation from state: [ -9.16905811 -12.75009912   0.42595951   0.29711243  -2.49253611
   0.05941273]
Initial V(x, tMax): 1.1377
Entered BRAT at t=10.40s, starting Phase 2
Docking successful at t=21.30s
  [299/500] DOCKED     t=  21.3s  θ_err=  +2.20°  effort=  606.1
Starting simulation from state: [12.72702413 -3.47455781  0.65925419 -0.03149778  2.93897859 -0.07011806]
Initial V(x, tMax): 1.1994
Entered BRAT at t=23.30s, starting Phase 2
Docking successful at t=35.10s
  [300/500] DOCKED     t=  35.1s  θ_err=  -0.39°  effort=  997.0
Starting simulation from state: [ 1.23203567  6.2688227  -0.00943912  0.31191583 -0.46406747 -0.35472368]
Initial V(x, tMax): 1.1908
Collision detected at t=12.10s
  [301/500] COLLISION  t=  12.1s  θ_err= +39.93°  effort=  345.6
Starting simulation from state: [ 5.51599386 10.25375186 -0.50912246 -0.04788767  2.46271776  0.07456527]
Initial V(x, tMax): 1.1923
Collision detected at t=12.70s
  [302/500] COLLISION  t=  12.7s  θ_err= +67.69°  effort=  362.5
Starting simulation from state: [-0.86598459  6.10935538 -0.58446801  0.37020065  1.16743111  0.0141333 ]
Initial V(x, tMax): 1.1945
Entered BRAT at t=20.40s, starting Phase 2
Docking successful at t=29.20s
  [303/500] DOCKED     t=  29.2s  θ_err=  +1.00°  effort=  829.9
Starting simulation from state: [12.6346306  10.01472152  0.16089422 -0.31501799 -0.78834318  0.32238605]
Initial V(x, tMax): 1.1964
Entered BRAT at t=16.20s, starting Phase 2
Docking successful at t=26.10s
  [304/500] DOCKED     t=  26.1s  θ_err=  -0.78°  effort=  742.1
Starting simulation from state: [-0.3596296  -7.60186803 -0.34652098 -0.20506075  0.40986618  0.01176373]
Initial V(x, tMax): 1.1264
Entered BRAT at t=9.00s, starting Phase 2
Docking successful at t=20.20s
  [305/500] DOCKED     t=  20.2s  θ_err=  +0.80°  effort=  575.0
Starting simulation from state: [-9.29669633  3.25721264 -0.24003444 -0.53220181  2.28541267 -0.43544937]
Initial V(x, tMax): 1.1963
Entered BRAT at t=12.70s, starting Phase 2
Docking successful at t=24.20s
  [306/500] DOCKED     t=  24.2s  θ_err=  +0.88°  effort=  688.3
Starting simulation from state: [ 3.13458552  5.10963109  0.56019422  0.28032932 -2.15046834 -0.19236531]
Initial V(x, tMax): 1.1797
Collision detected at t=14.30s
  [307/500] COLLISION  t=  14.3s  θ_err= +53.09°  effort=  407.9
Starting simulation from state: [-2.93972251 -4.15792154  0.3029018  -0.29000026  1.66402617 -0.45967301]
Initial V(x, tMax): 0.8195
Entered BRAT at t=8.80s, starting Phase 2
Docking successful at t=22.20s
  [308/500] DOCKED     t=  22.2s  θ_err=  -2.28°  effort=  631.6
Starting simulation from state: [-4.37987566 -3.20097416 -0.59824898  0.43904948  2.65820472  0.02574975]
Initial V(x, tMax): 1.1707
Entered BRAT at t=11.20s, starting Phase 2
Docking successful at t=22.50s
  [309/500] DOCKED     t=  22.5s  θ_err=  +1.34°  effort=  640.1
Starting simulation from state: [ 7.02096373 -1.04929231  0.50531304 -0.63664279 -2.0572477  -0.34935058]
Initial V(x, tMax): 1.1942
Entered BRAT at t=13.20s, starting Phase 2
Docking successful at t=26.20s
  [310/500] DOCKED     t=  26.2s  θ_err=  +0.24°  effort=  744.9
Starting simulation from state: [-9.79328832 -2.23031828  0.04212387 -0.71449429 -2.03007405  0.49401905]
Initial V(x, tMax): 1.1848
Entered BRAT at t=10.70s, starting Phase 2
Docking successful at t=24.30s
  [311/500] DOCKED     t=  24.3s  θ_err=  +1.09°  effort=  691.1
Starting simulation from state: [6.32505429 0.80773143 0.22294278 0.58664805 3.07641931 0.44428815]
Initial V(x, tMax): 1.1648
Entered BRAT at t=16.10s, starting Phase 2
Collision detected at t=16.30s
  [312/500] COLLISION  t=  16.3s  θ_err= -18.27°  effort=  464.5
Starting simulation from state: [-7.07273074 -6.94775033 -0.049256    0.60117056  2.3069094  -0.01660864]
Initial V(x, tMax): 1.0283
Entered BRAT at t=7.60s, starting Phase 2
Docking successful at t=18.70s
  [313/500] DOCKED     t=  18.7s  θ_err=  +0.89°  effort=  532.5
Starting simulation from state: [ 9.44502272e+00  8.78317631e+00  1.99485887e-01  4.79757831e-03
 -1.85954273e+00 -3.81990125e-01]
Initial V(x, tMax): 1.1975
Collision detected at t=17.90s
  [314/500] COLLISION  t=  17.9s  θ_err= +85.31°  effort=  509.8
Starting simulation from state: [ 3.5563281  -1.56323408 -0.11155858 -0.30642557  1.5805552  -0.40913945]
Initial V(x, tMax): 0.8118
Entered BRAT at t=7.70s, starting Phase 2
Docking successful at t=20.40s
  [315/500] DOCKED     t=  20.4s  θ_err=  -0.96°  effort=  580.6
Starting simulation from state: [ 2.69774924 11.94933847  0.64366413 -0.74901328 -2.97151099 -0.37425035]
Initial V(x, tMax): 1.1633
Collision detected at t=15.10s
  [316/500] COLLISION  t=  15.1s  θ_err= +12.00°  effort=  430.5
Starting simulation from state: [-8.59260593 11.30969609 -0.06479833  0.06111632  1.81567905 -0.17451052]
Initial V(x, tMax): 1.1986
Entered BRAT at t=21.20s, starting Phase 2
Docking successful at t=30.30s
  [317/500] DOCKED     t=  30.3s  θ_err=  +0.04°  effort=  861.1
Starting simulation from state: [-9.22816608  3.0805169   0.2570342  -0.5059449   1.63105838  0.41748007]
Initial V(x, tMax): 0.9577
Entered BRAT at t=9.70s, starting Phase 2
Docking successful at t=21.00s
  [318/500] DOCKED     t=  21.0s  θ_err=  -0.76°  effort=  597.6
Starting simulation from state: [ -9.07954075 -10.82069083  -0.03494621   0.53906298   1.74681947
   0.3346064 ]
Initial V(x, tMax): 1.1724
Entered BRAT at t=10.60s, starting Phase 2
Docking successful at t=23.00s
  [319/500] DOCKED     t=  23.0s  θ_err=  +0.25°  effort=  654.3
Starting simulation from state: [-4.99581942 -2.0361048  -0.04180125  0.05250682  2.0144828   0.34833362]
Initial V(x, tMax): 0.7318
Entered BRAT at t=8.00s, starting Phase 2
Docking successful at t=20.50s
  [320/500] DOCKED     t=  20.5s  θ_err=  +2.16°  effort=  583.5
Starting simulation from state: [-6.19735401  1.25469428  0.18228996  0.0160792  -1.51855028 -0.12193124]
Initial V(x, tMax): 0.7794
Collision detected at t=6.60s
  [321/500] COLLISION  t=   6.6s  θ_err= +89.83°  effort=  189.8
Starting simulation from state: [ 5.90407002  7.9545157  -0.11728253  0.7339563  -0.57257329 -0.49449087]
Initial V(x, tMax): 1.1985
Collision detected at t=21.50s
  [322/500] COLLISION  t=  21.5s  θ_err= +35.16°  effort=  611.8
Starting simulation from state: [-6.03377325 -0.90561801  0.23596338 -0.09409698 -2.2534023  -0.08890388]
Initial V(x, tMax): 0.4873
Entered BRAT at t=4.00s, starting Phase 2
Docking successful at t=14.90s
  [323/500] DOCKED     t=  14.9s  θ_err=  -0.34°  effort=  424.9
Starting simulation from state: [-10.35354896   9.31526763  -0.70002841  -0.02573505   1.36225528
  -0.2207998 ]
Initial V(x, tMax): 1.1979
Entered BRAT at t=20.70s, starting Phase 2
Docking successful at t=30.80s
  [324/500] DOCKED     t=  30.8s  θ_err=  +0.62°  effort=  875.2
Starting simulation from state: [ 3.92806414  6.48212422  0.22411917 -0.39177989 -0.63889853 -0.22642681]
Initial V(x, tMax): 1.0142
Collision detected at t=12.00s
  [325/500] COLLISION  t=  12.0s  θ_err= +61.42°  effort=  342.7
Starting simulation from state: [-12.6373286    5.70360384   0.40056357  -0.5900325   -0.50346584
   0.1357489 ]
Initial V(x, tMax): 1.1375
Entered BRAT at t=12.50s, starting Phase 2
Docking successful at t=22.30s
  [326/500] DOCKED     t=  22.3s  θ_err=  +1.20°  effort=  634.5
Starting simulation from state: [  4.14861851 -10.44216478   0.50359977   0.22147614  -0.72689615
   0.45456623]
Initial V(x, tMax): 1.1736
Entered BRAT at t=11.60s, starting Phase 2
Docking successful at t=23.10s
  [327/500] DOCKED     t=  23.1s  θ_err=  +0.60°  effort=  657.1
Starting simulation from state: [11.2855508   1.19621408 -0.73712642 -0.45325229  1.22645953 -0.20596952]
Initial V(x, tMax): 0.7934
Entered BRAT at t=7.80s, starting Phase 2
Docking successful at t=18.90s
  [328/500] DOCKED     t=  18.9s  θ_err=  -1.70°  effort=  538.2
Starting simulation from state: [ 5.14438436  4.15659327 -0.6687314   0.23797033  0.38685867  0.49708475]
Initial V(x, tMax): 1.1408
Collision detected at t=6.70s
  [329/500] COLLISION  t=   6.7s  θ_err=+105.53°  effort=  192.6
Starting simulation from state: [ 10.15358717 -11.26195323   0.50486208   0.40778753   3.05550609
   0.07989222]
Initial V(x, tMax): 1.1984
Entered BRAT at t=16.80s, starting Phase 2
Docking successful at t=30.20s
  [330/500] DOCKED     t=  30.2s  θ_err=  +0.26°  effort=  858.2
Starting simulation from state: [ 8.02436482  7.17094962  0.67289054  0.5742271  -1.90697435  0.13570303]
Initial V(x, tMax): 1.1977
Collision detected at t=22.00s
  [331/500] COLLISION  t=  22.0s  θ_err= +36.06°  effort=  626.0
Starting simulation from state: [-6.45745508  6.62889822  0.57000559  0.16235481 -3.08551473 -0.10720435]
Initial V(x, tMax): 1.1774
Entered BRAT at t=17.80s, starting Phase 2
Docking successful at t=27.40s
  [332/500] DOCKED     t=  27.4s  θ_err=  +0.28°  effort=  778.9
Starting simulation from state: [-0.40471037  4.8940011   0.13223688  0.26912852  1.03228455 -0.35175655]
Initial V(x, tMax): 1.1634
Collision detected at t=8.40s
  [333/500] COLLISION  t=   8.4s  θ_err=+117.82°  effort=  240.8
Starting simulation from state: [ 5.33507625 -8.78582839 -0.30222097  0.65372505 -2.48001832  0.1680794 ]
Initial V(x, tMax): 0.6175
Entered BRAT at t=6.80s, starting Phase 2
Docking successful at t=21.00s
  [334/500] DOCKED     t=  21.0s  θ_err=  +2.19°  effort=  597.6
Starting simulation from state: [ 8.79170499 -1.30161334 -0.59595245 -0.39493946 -2.80630716 -0.31306275]
Initial V(x, tMax): 0.5224
Entered BRAT at t=4.90s, starting Phase 2
Docking successful at t=17.20s
  [335/500] DOCKED     t=  17.2s  θ_err=  +0.30°  effort=  490.0
Starting simulation from state: [  0.69004346 -11.67983115  -0.05934395   0.60941247   0.69767892
   0.39398787]
Initial V(x, tMax): 0.8877
Entered BRAT at t=8.30s, starting Phase 2
Docking successful at t=18.90s
  [336/500] DOCKED     t=  18.9s  θ_err=  +1.94°  effort=  538.2
Starting simulation from state: [0.1047692  8.06343439 0.31547971 0.7453335  1.63870906 0.10344107]
Initial V(x, tMax): 1.1965
Collision detected at t=20.70s
  [337/500] COLLISION  t=  20.7s  θ_err= -58.63°  effort=  589.1
Starting simulation from state: [-8.59469682 -8.14751504  0.06092332 -0.17450183  1.05021398 -0.19563438]
Initial V(x, tMax): 1.1638
Entered BRAT at t=9.40s, starting Phase 2
Docking successful at t=20.70s
  [338/500] DOCKED     t=  20.7s  θ_err=  +1.00°  effort=  589.1
Starting simulation from state: [ 8.57919418  7.24418081 -0.19680798  0.73216779 -1.22651232 -0.39241387]
Initial V(x, tMax): 1.1979
Collision detected at t=22.00s
  [339/500] COLLISION  t=  22.0s  θ_err= +13.47°  effort=  626.0
Starting simulation from state: [ 6.94404722 10.38395519  0.6441506   0.4702254  -0.65315642  0.03042851]
Initial V(x, tMax): 1.1989
Entered BRAT at t=26.70s, starting Phase 2
Docking successful at t=36.70s
  [340/500] DOCKED     t=  36.7s  θ_err=  -1.91°  effort= 1042.3
Starting simulation from state: [ 0.27783091 -2.21734036  0.38138586 -0.74538598  0.2957405  -0.22549143]
Initial V(x, tMax): 1.0197
Entered BRAT at t=23.40s, starting Phase 2
Docking successful at t=34.40s
  [341/500] DOCKED     t=  34.4s  θ_err=  -1.26°  effort=  977.2
Starting simulation from state: [ 5.08063721 -5.94807506 -0.45413927  0.09485191 -1.65614871  0.04649099]
Initial V(x, tMax): 0.7087
Entered BRAT at t=6.20s, starting Phase 2
Docking successful at t=20.30s
  [342/500] DOCKED     t=  20.3s  θ_err=  +2.20°  effort=  577.8
Starting simulation from state: [ 0.31873956 -2.01444961 -0.34792801 -0.54041881 -0.72106172 -0.21589644]
Initial V(x, tMax): 0.8420
Entered BRAT at t=6.20s, starting Phase 2
Docking successful at t=16.70s
  [343/500] DOCKED     t=  16.7s  θ_err=  +0.63°  effort=  475.8
Starting simulation from state: [-7.19151275  3.58875445  0.38780458  0.65619785 -0.28540353 -0.18091052]
Initial V(x, tMax): 1.1944
Collision detected at t=17.10s
  [344/500] COLLISION  t=  17.1s  θ_err= -95.67°  effort=  487.2
Starting simulation from state: [-5.81291694  1.12194101 -0.36717507 -0.43099728  1.99570846 -0.2186269 ]
Initial V(x, tMax): 1.1769
Entered BRAT at t=9.90s, starting Phase 2
Docking successful at t=19.90s
  [345/500] DOCKED     t=  19.9s  θ_err=  +0.60°  effort=  566.5
Starting simulation from state: [-5.53376369 -8.94633717 -0.0495179  -0.49459966  0.02352311  0.44588465]
Initial V(x, tMax): 1.1977
Entered BRAT at t=14.60s, starting Phase 2
Docking successful at t=26.00s
  [346/500] DOCKED     t=  26.0s  θ_err=  -1.10°  effort=  739.3
Starting simulation from state: [ 7.13446894  0.25941055  0.02230604  0.25944355  1.92193607 -0.10552374]
Initial V(x, tMax): 1.0263
Entered BRAT at t=8.20s, starting Phase 2
Docking successful at t=18.50s
  [347/500] DOCKED     t=  18.5s  θ_err=  -1.91°  effort=  526.8
Starting simulation from state: [  7.2937642  -10.27760561  -0.68855556  -0.39897962  -0.89306065
   0.27691163]
Initial V(x, tMax): 1.1977
Entered BRAT at t=14.10s, starting Phase 2
Docking successful at t=25.30s
  [348/500] DOCKED     t=  25.3s  θ_err=  -1.05°  effort=  719.4
Starting simulation from state: [ 5.18853695  9.49586248  0.17299866  0.47189714  1.584435   -0.26614349]
Initial V(x, tMax): 1.1979
Collision detected at t=18.00s
  [349/500] COLLISION  t=  18.0s  θ_err=+110.95°  effort=  512.7
Starting simulation from state: [ -6.3320652  -10.0654731   -0.25416819   0.27440884   0.89180811
  -0.09139192]
Initial V(x, tMax): 1.1548
Entered BRAT at t=9.10s, starting Phase 2
Docking successful at t=20.30s
  [350/500] DOCKED     t=  20.3s  θ_err=  +0.86°  effort=  577.8
Starting simulation from state: [ 3.18503007  4.2445363  -0.57755399  0.0955168   0.02363111 -0.01396065]
Initial V(x, tMax): 1.1427
Collision detected at t=11.20s
  [351/500] COLLISION  t=  11.2s  θ_err= -28.20°  effort=  320.1
Starting simulation from state: [ 0.44748846  3.93277552  0.44507597 -0.07638646 -2.64578584 -0.16328051]
Initial V(x, tMax): 1.1112
Collision detected at t=5.30s
  [352/500] COLLISION  t=   5.3s  θ_err= +38.50°  effort=  152.9
Starting simulation from state: [12.65005032 -0.94555107  0.1971075   0.27158749 -1.57732423 -0.03409071]
Initial V(x, tMax): 1.1977
Entered BRAT at t=15.00s, starting Phase 2
Docking successful at t=26.90s
  [353/500] DOCKED     t=  26.9s  θ_err=  +0.85°  effort=  764.7
Starting simulation from state: [ 7.4029676  -9.10352043  0.21093386 -0.46008022  0.42612264  0.45481977]
Initial V(x, tMax): 1.1985
Entered BRAT at t=15.40s, starting Phase 2
Docking successful at t=30.60s
  [354/500] DOCKED     t=  30.6s  θ_err=  +0.47°  effort=  869.5
Starting simulation from state: [-11.61007142  -2.67675217   0.11349091   0.30050377   1.69656917
   0.07011666]
Initial V(x, tMax): 1.1896
Entered BRAT at t=10.80s, starting Phase 2
Docking successful at t=22.00s
  [355/500] DOCKED     t=  22.0s  θ_err=  -0.58°  effort=  626.0
Starting simulation from state: [ 9.58288707  3.96066306  0.41800454 -0.61938962  2.75665583 -0.01226755]
Initial V(x, tMax): 1.1988
Entered BRAT at t=15.10s, starting Phase 2
Docking successful at t=26.40s
  [356/500] DOCKED     t=  26.4s  θ_err=  +0.86°  effort=  750.6
Starting simulation from state: [-1.80172207  8.74074844  0.42175351 -0.70325504 -0.67740683 -0.16670493]
Initial V(x, tMax): 1.1043
Collision detected at t=10.90s
  [357/500] COLLISION  t=  10.9s  θ_err= +61.33°  effort=  311.6
Starting simulation from state: [11.45212854 -1.89435488  0.01200392  0.20257234  2.07257238  0.19861471]
Initial V(x, tMax): 1.1956
Entered BRAT at t=12.10s, starting Phase 2
Docking successful at t=23.70s
  [358/500] DOCKED     t=  23.7s  θ_err=  +0.35°  effort=  674.1
Starting simulation from state: [-3.37478134 -2.68996836  0.36617004 -0.60681761  2.23594923 -0.12974996]
Initial V(x, tMax): 0.9960
Entered BRAT at t=7.90s, starting Phase 2
Docking successful at t=17.90s
  [359/500] DOCKED     t=  17.9s  θ_err=  +0.41°  effort=  509.8
Starting simulation from state: [12.87695923  9.46657647  0.04482026  0.11236386 -3.09291911  0.30565979]
Initial V(x, tMax): 1.1962
Entered BRAT at t=19.40s, starting Phase 2
Collision detected at t=20.10s
  [360/500] COLLISION  t=  20.1s  θ_err= +39.08°  effort=  572.1
Starting simulation from state: [11.94937179  1.62298903  0.66049071 -0.39774918  1.15304491 -0.12890825]
Initial V(x, tMax): 1.1988
Entered BRAT at t=20.60s, starting Phase 2
Docking successful at t=32.50s
  [361/500] DOCKED     t=  32.5s  θ_err=  +0.20°  effort=  923.4
Starting simulation from state: [-1.18030064e+01 -1.19337911e+01 -2.10807806e-03  1.26670275e-01
  4.15191350e-01  1.13462774e-01]
Initial V(x, tMax): 1.1972
Entered BRAT at t=13.00s, starting Phase 2
Docking successful at t=24.40s
  [362/500] DOCKED     t=  24.4s  θ_err=  +1.24°  effort=  693.9
Starting simulation from state: [ 0.98248985  5.42244951  0.553873    0.55126404 -0.25068281  0.04514794]
Initial V(x, tMax): 1.1962
Collision detected at t=21.30s
  [363/500] COLLISION  t=  21.3s  θ_err=  +3.08°  effort=  606.1
Starting simulation from state: [  1.65039901 -10.72452748   0.30335757  -0.435216     1.30474707
   0.21893197]
Initial V(x, tMax): 1.1969
Entered BRAT at t=15.30s, starting Phase 2
Docking successful at t=26.20s
  [364/500] DOCKED     t=  26.2s  θ_err=  -1.28°  effort=  744.9
Starting simulation from state: [-8.07513311  2.1112887  -0.18995761 -0.56809814 -2.34330835 -0.48144404]
Initial V(x, tMax): 1.1844
Entered BRAT at t=10.90s, starting Phase 2
Docking successful at t=20.90s
  [365/500] DOCKED     t=  20.9s  θ_err=  +0.06°  effort=  594.8
Starting simulation from state: [-7.79090303 -1.61161017  0.69813832  0.39905553 -0.3827531   0.07870242]
Initial V(x, tMax): 0.6345
Entered BRAT at t=5.10s, starting Phase 2
Docking successful at t=15.50s
  [366/500] DOCKED     t=  15.5s  θ_err=  +1.87°  effort=  441.9
Starting simulation from state: [-5.67630362  5.41262896  0.09731411 -0.02947926 -0.07740274  0.03288481]
Initial V(x, tMax): 1.0903
Entered BRAT at t=14.70s, starting Phase 2
Docking successful at t=24.50s
  [367/500] DOCKED     t=  24.5s  θ_err=  +1.28°  effort=  696.8
Starting simulation from state: [10.38280109 -1.83856014 -0.57057306  0.66371492  2.84546276 -0.43289671]
Initial V(x, tMax): 1.0702
Entered BRAT at t=11.90s, starting Phase 2
Docking successful at t=22.50s
  [368/500] DOCKED     t=  22.5s  θ_err=  -2.02°  effort=  640.1
Starting simulation from state: [-9.17759551  8.66220679 -0.04371202 -0.73752376  2.63776852 -0.09599909]
Initial V(x, tMax): 1.1800
Entered BRAT at t=16.10s, starting Phase 2
Docking successful at t=25.80s
  [369/500] DOCKED     t=  25.8s  θ_err=  +1.34°  effort=  733.6
Starting simulation from state: [ 1.15865857 -4.95784779 -0.34951732  0.48822499 -1.46063699  0.3212404 ]
Initial V(x, tMax): 0.1545
Entered BRAT at t=2.30s, starting Phase 2
Docking successful at t=13.30s
  [370/500] DOCKED     t=  13.3s  θ_err=  -0.72°  effort=  379.5
Starting simulation from state: [ 7.76964855  1.89234784  0.12681805  0.13109796  0.47846454 -0.2442738 ]
Initial V(x, tMax): 1.1669
Entered BRAT at t=10.40s, starting Phase 2
Docking successful at t=22.80s
  [371/500] DOCKED     t=  22.8s  θ_err=  +1.00°  effort=  648.6
Starting simulation from state: [-0.125206   -5.06313811  0.69623342 -0.42482026 -2.67064426 -0.37367773]
Initial V(x, tMax): 1.1149
Entered BRAT at t=8.60s, starting Phase 2
Docking successful at t=19.10s
  [372/500] DOCKED     t=  19.1s  θ_err=  +0.87°  effort=  543.8
Starting simulation from state: [-6.34107591 12.43746048  0.25249144  0.36244261 -2.6579444  -0.28827691]
Initial V(x, tMax): 1.2000
Collision detected at t=18.20s
  [373/500] COLLISION  t=  18.2s  θ_err=+117.52°  effort=  518.3
Starting simulation from state: [ 7.008319   12.76465343 -0.5573604  -0.4458346   2.14710041 -0.42507085]
Initial V(x, tMax): 1.1745
Entered BRAT at t=17.50s, starting Phase 2
Collision detected at t=17.70s
  [374/500] COLLISION  t=  17.7s  θ_err= +55.53°  effort=  504.2
Starting simulation from state: [-6.98736866  7.29141627 -0.33232575  0.14479315 -2.08795669  0.12260618]
Initial V(x, tMax): 1.1946
Entered BRAT at t=18.70s, starting Phase 2
Docking successful at t=27.90s
  [375/500] DOCKED     t=  27.9s  θ_err=  +0.27°  effort=  793.1
Starting simulation from state: [-6.68504517  2.17182538 -0.65566121  0.03783981  0.18673644  0.11208946]
Initial V(x, tMax): 1.1955
Entered BRAT at t=17.00s, starting Phase 2
Docking successful at t=27.80s
  [376/500] DOCKED     t=  27.8s  θ_err=  -2.13°  effort=  790.2
Starting simulation from state: [ -4.4583521  -12.1539368   -0.02718401  -0.12206374  -0.42662677
  -0.10963307]
Initial V(x, tMax): 1.1954
Entered BRAT at t=13.00s, starting Phase 2
Docking successful at t=24.20s
  [377/500] DOCKED     t=  24.2s  θ_err=  -0.09°  effort=  688.3
Starting simulation from state: [-6.50400238  6.24280165  0.50656964 -0.20922022 -1.75018252 -0.48089389]
Initial V(x, tMax): 1.0541
Entered BRAT at t=14.00s, starting Phase 2
Docking successful at t=23.50s
  [378/500] DOCKED     t=  23.5s  θ_err=  +0.42°  effort=  668.4
Starting simulation from state: [-0.26575529  5.58310341 -0.55653696  0.11505916 -0.06429803  0.23114104]
Initial V(x, tMax): 1.1293
Collision detected at t=8.10s
  [379/500] COLLISION  t=   8.1s  θ_err= +17.82°  effort=  232.3
Starting simulation from state: [ 5.5713891  12.10316044  0.17862705 -0.24355612  2.2310561  -0.16405111]
Initial V(x, tMax): 1.1918
Collision detected at t=17.70s
  [380/500] COLLISION  t=  17.7s  θ_err= +14.09°  effort=  504.2
Starting simulation from state: [-1.37603524  5.25686951 -0.06732323  0.52660952  2.34659132 -0.08706955]
Initial V(x, tMax): 1.1899
Collision detected at t=13.20s
  [381/500] COLLISION  t=  13.2s  θ_err= -37.70°  effort=  376.7
Starting simulation from state: [-2.93726403 -6.06780632 -0.56020072  0.38100991 -0.10557121  0.37302317]
Initial V(x, tMax): 1.1271
Entered BRAT at t=8.70s, starting Phase 2
Docking successful at t=20.00s
  [382/500] DOCKED     t=  20.0s  θ_err=  +1.79°  effort=  569.3
Starting simulation from state: [  9.96038048 -10.86340222   0.07723484   0.02937702   0.18009475
   0.09008565]
Initial V(x, tMax): 1.1915
Entered BRAT at t=13.80s, starting Phase 2
Docking successful at t=25.90s
  [383/500] DOCKED     t=  25.9s  θ_err=  -1.66°  effort=  736.4
Starting simulation from state: [ 3.31588364 -4.71392571 -0.12508473  0.13888418 -2.83495456  0.456417  ]
Initial V(x, tMax): 0.2542
Entered BRAT at t=5.50s, starting Phase 2
Docking successful at t=16.60s
  [384/500] DOCKED     t=  16.6s  θ_err=  +1.78°  effort=  473.0
Starting simulation from state: [-8.98989797 11.82590237  0.14069336  0.09350646  1.97396264  0.32980764]
Initial V(x, tMax): 1.1980
Entered BRAT at t=23.20s, starting Phase 2
Docking successful at t=32.40s
  [385/500] DOCKED     t=  32.4s  θ_err=  +0.21°  effort=  920.5
Starting simulation from state: [-5.57219335  8.93998356 -0.73258734  0.0276941   2.26284757 -0.08179137]
Initial V(x, tMax): 1.1982
Entered BRAT at t=21.50s, starting Phase 2
Docking successful at t=31.10s
  [386/500] DOCKED     t=  31.1s  θ_err=  +0.47°  effort=  883.7
Starting simulation from state: [-11.10480671   4.78773442  -0.27816425  -0.43001014   2.53193026
  -0.14922411]
Initial V(x, tMax): 1.1967
Entered BRAT at t=16.30s, starting Phase 2
Docking successful at t=27.30s
  [387/500] DOCKED     t=  27.3s  θ_err=  -2.23°  effort=  776.1
Starting simulation from state: [-6.84659605 -7.86863652 -0.03218074 -0.09310288 -0.37825852  0.01091191]
Initial V(x, tMax): 1.0966
Entered BRAT at t=8.00s, starting Phase 2
Docking successful at t=19.00s
  [388/500] DOCKED     t=  19.0s  θ_err=  -0.55°  effort=  541.0
Starting simulation from state: [ 5.91225389 -0.94458768  0.50926345 -0.0211481  -2.7406383  -0.17655366]
Initial V(x, tMax): 1.1874
Entered BRAT at t=12.00s, starting Phase 2
Docking successful at t=24.00s
  [389/500] DOCKED     t=  24.0s  θ_err=  -0.17°  effort=  682.6
Starting simulation from state: [ 6.95230303 -2.58465755 -0.29612327  0.64148766 -2.35122651  0.0288251 ]
Initial V(x, tMax): 0.9864
Collision detected at t=7.90s
  [390/500] COLLISION  t=   7.9s  θ_err= +81.01°  effort=  226.6
Starting simulation from state: [-2.94029204 -7.91681038 -0.6577501   0.24018582 -2.1194797   0.38154167]
Initial V(x, tMax): 1.1701
Entered BRAT at t=10.70s, starting Phase 2
Docking successful at t=23.10s
  [391/500] DOCKED     t=  23.1s  θ_err=  +2.02°  effort=  657.1
Starting simulation from state: [-11.18168354  -6.60075278  -0.24032947   0.64709905  -0.86492855
   0.26060971]
Initial V(x, tMax): 1.1975
Entered BRAT at t=14.20s, starting Phase 2
Docking successful at t=28.30s
  [392/500] DOCKED     t=  28.3s  θ_err=  +0.87°  effort=  804.4
Starting simulation from state: [ 6.2504752  11.07415532  0.34078625 -0.4806512  -0.74068408  0.19067642]
Initial V(x, tMax): 1.1771
Collision detected at t=16.70s
  [393/500] COLLISION  t=  16.7s  θ_err=  -3.96°  effort=  475.8
Starting simulation from state: [-7.69365809 -9.20194915 -0.57679997  0.49483673  2.40568995 -0.22401597]
Initial V(x, tMax): 1.1975
Entered BRAT at t=15.20s, starting Phase 2
Docking successful at t=29.00s
  [394/500] DOCKED     t=  29.0s  θ_err=  -2.28°  effort=  824.2
Starting simulation from state: [ 7.76147942 -0.3923996   0.02077816  0.33136854  1.00751164 -0.25390985]
Initial V(x, tMax): 1.1118
Entered BRAT at t=10.00s, starting Phase 2
Docking successful at t=22.60s
  [395/500] DOCKED     t=  22.6s  θ_err=  +0.41°  effort=  643.0
Starting simulation from state: [ -6.42675819 -10.23230623  -0.41992238   0.7095555   -2.03663769
  -0.48425631]
Initial V(x, tMax): 1.1909
Entered BRAT at t=11.40s, starting Phase 2
Docking successful at t=23.10s
  [396/500] DOCKED     t=  23.1s  θ_err=  +0.84°  effort=  657.1
Starting simulation from state: [ 5.76534947  1.72968484  0.30871994 -0.66543222  0.7305663   0.24661126]
Initial V(x, tMax): 1.1503
Entered BRAT at t=8.80s, starting Phase 2
Docking successful at t=20.00s
  [397/500] DOCKED     t=  20.0s  θ_err=  +0.65°  effort=  569.3
Starting simulation from state: [ 8.98099966  1.52224909  0.25915829 -0.56700626  2.62022687 -0.09164138]
Initial V(x, tMax): 1.1938
Entered BRAT at t=12.00s, starting Phase 2
Docking successful at t=23.70s
  [398/500] DOCKED     t=  23.7s  θ_err=  +0.92°  effort=  674.1
Starting simulation from state: [10.54722103 -9.50457055 -0.20586062  0.42018661 -2.08704914  0.17347826]
Initial V(x, tMax): 1.1351
Entered BRAT at t=13.20s, starting Phase 2
Docking successful at t=23.40s
  [399/500] DOCKED     t=  23.4s  θ_err=  -1.72°  effort=  665.6
Starting simulation from state: [11.24474014  3.84271489 -0.45131936 -0.62675421 -1.00815923  0.36352694]
Initial V(x, tMax): 0.9543
Entered BRAT at t=10.00s, starting Phase 2
Docking successful at t=20.70s
  [400/500] DOCKED     t=  20.7s  θ_err=  -1.95°  effort=  589.1
Starting simulation from state: [ 3.94318834  4.86547414 -0.05319736 -0.51267311 -2.18485598  0.27709977]
Initial V(x, tMax): 0.8808
Entered BRAT at t=11.30s, starting Phase 2
Docking successful at t=21.10s
  [401/500] DOCKED     t=  21.1s  θ_err=  -2.22°  effort=  600.5
Starting simulation from state: [  0.16772441 -10.12109909   0.10492166  -0.18389092   0.83419302
  -0.28738024]
Initial V(x, tMax): 1.1932
Entered BRAT at t=12.20s, starting Phase 2
Docking successful at t=22.70s
  [402/500] DOCKED     t=  22.7s  θ_err=  +2.27°  effort=  645.8
Starting simulation from state: [10.23005016  1.4118858  -0.11600251  0.71001024  0.28011566  0.02003641]
Initial V(x, tMax): 1.1860
Entered BRAT at t=19.10s, starting Phase 2
Docking successful at t=29.10s
  [403/500] DOCKED     t=  29.1s  θ_err=  +1.71°  effort=  827.1
Starting simulation from state: [ -4.89541204 -11.64706414   0.13576518   0.16530338  -1.10942679
   0.28473535]
Initial V(x, tMax): 1.1491
Entered BRAT at t=9.60s, starting Phase 2
Docking successful at t=20.80s
  [404/500] DOCKED     t=  20.8s  θ_err=  -0.02°  effort=  592.0
Starting simulation from state: [-9.27912912  4.60518443  0.42944487  0.10369966 -2.01533559  0.11825686]
Initial V(x, tMax): 1.0910
Entered BRAT at t=14.60s, starting Phase 2
Docking successful at t=24.40s
  [405/500] DOCKED     t=  24.4s  θ_err=  +1.21°  effort=  693.9
Starting simulation from state: [  4.72095325 -12.74983689  -0.71123602   0.64286113   0.87629042
   0.3239683 ]
Initial V(x, tMax): 0.8606
Entered BRAT at t=8.00s, starting Phase 2
Docking successful at t=18.60s
  [406/500] DOCKED     t=  18.6s  θ_err=  +0.52°  effort=  529.7
Starting simulation from state: [-5.28601733 -1.3283577  -0.1946689  -0.3289067   2.00860321 -0.10941405]
Initial V(x, tMax): 1.0130
Entered BRAT at t=6.20s, starting Phase 2
Docking successful at t=21.20s
  [407/500] DOCKED     t=  21.2s  θ_err=  +0.16°  effort=  603.3
Starting simulation from state: [11.2267081   1.13594426 -0.58029641 -0.07998538  0.58742426  0.18576653]
Initial V(x, tMax): 0.8559
Entered BRAT at t=8.50s, starting Phase 2
Docking successful at t=18.90s
  [408/500] DOCKED     t=  18.9s  θ_err=  -1.88°  effort=  538.2
Starting simulation from state: [-6.45294199 -2.68362929  0.56186969 -0.0929835  -3.10412837 -0.33491133]
Initial V(x, tMax): 0.3406
Entered BRAT at t=2.80s, starting Phase 2
Docking successful at t=17.50s
  [409/500] DOCKED     t=  17.5s  θ_err=  +0.74°  effort=  498.5
Starting simulation from state: [-0.28914417  4.24546957 -0.72193432 -0.20427099  0.96506871 -0.37903453]
Initial V(x, tMax): 1.1310
Collision detected at t=2.80s
  [410/500] COLLISION  t=   2.8s  θ_err=-105.26°  effort=   82.1
Starting simulation from state: [-10.92775602   7.63770098  -0.69293412   0.59311488   2.09734582
  -0.3877479 ]
Initial V(x, tMax): 1.1988
Entered BRAT at t=26.20s, starting Phase 2
Docking successful at t=35.10s
  [411/500] DOCKED     t=  35.1s  θ_err=  +0.40°  effort=  997.0
Starting simulation from state: [-9.05002754 -3.6428354   0.22620457 -0.36620638 -0.77161655  0.04787485]
Initial V(x, tMax): 0.9664
Entered BRAT at t=7.40s, starting Phase 2
Docking successful at t=20.70s
  [412/500] DOCKED     t=  20.7s  θ_err=  +2.27°  effort=  589.1
Starting simulation from state: [-10.90626241   9.50744255  -0.44104047   0.0233933   -0.42645407
  -0.48129523]
Initial V(x, tMax): 1.1990
Entered BRAT at t=23.10s, starting Phase 2
Docking successful at t=32.80s
  [413/500] DOCKED     t=  32.8s  θ_err=  +1.11°  effort=  931.9
Starting simulation from state: [ 5.33802956 -3.87199983 -0.53055033  0.64711102 -2.00243059 -0.42758457]
Initial V(x, tMax): 0.3145
Entered BRAT at t=3.20s, starting Phase 2
Docking successful at t=14.00s
  [414/500] DOCKED     t=  14.0s  θ_err=  +0.19°  effort=  399.4
Starting simulation from state: [-11.07112209  -2.38096896  -0.49264599  -0.23297387  -2.1014415
   0.360872  ]
Initial V(x, tMax): 1.1987
Entered BRAT at t=17.60s, starting Phase 2
Docking successful at t=28.70s
  [415/500] DOCKED     t=  28.7s  θ_err=  -0.26°  effort=  815.7
Starting simulation from state: [ 4.54060106  4.92753719 -0.10814884 -0.23417772 -0.01256912 -0.49315994]
Initial V(x, tMax): 0.9716
Collision detected at t=11.00s
  [416/500] COLLISION  t=  11.0s  θ_err= +66.68°  effort=  314.4
Starting simulation from state: [ 8.76739233 -4.94868172 -0.31467075  0.10318906 -2.42084608 -0.15746236]
Initial V(x, tMax): 0.7860
Entered BRAT at t=6.40s, starting Phase 2
Docking successful at t=18.90s
  [417/500] DOCKED     t=  18.9s  θ_err=  -1.32°  effort=  538.2
Starting simulation from state: [-8.33666893 -4.8665191   0.67508853  0.40300466  1.56112309 -0.20215405]
Initial V(x, tMax): 0.5485
Entered BRAT at t=4.40s, starting Phase 2
Docking successful at t=15.50s
  [418/500] DOCKED     t=  15.5s  θ_err=  -0.50°  effort=  441.9
Starting simulation from state: [ 4.40088592  3.46325605 -0.12934186 -0.32479799 -1.11791653  0.08133244]
Initial V(x, tMax): 0.8624
Entered BRAT at t=9.90s, starting Phase 2
Docking successful at t=19.90s
  [419/500] DOCKED     t=  19.9s  θ_err=  -1.48°  effort=  566.5
Starting simulation from state: [-10.06476615   1.84006458  -0.65731912  -0.22672285  -1.52612028
  -0.43309175]
Initial V(x, tMax): 1.1996
Entered BRAT at t=19.40s, starting Phase 2
Docking successful at t=30.50s
  [420/500] DOCKED     t=  30.5s  θ_err=  +2.15°  effort=  866.7
Starting simulation from state: [-2.61128907 -6.25235497  0.59981441 -0.72872936 -2.0119803   0.04984595]
Initial V(x, tMax): 1.1866
Entered BRAT at t=15.90s, starting Phase 2
Docking successful at t=26.40s
  [421/500] DOCKED     t=  26.4s  θ_err=  -1.94°  effort=  750.6
Starting simulation from state: [-7.55698559 -4.43787211 -0.6044261  -0.0490463  -0.47786365 -0.13311057]
Initial V(x, tMax): 1.1984
Entered BRAT at t=15.90s, starting Phase 2
Docking successful at t=26.30s
  [422/500] DOCKED     t=  26.3s  θ_err=  +0.43°  effort=  747.8
Starting simulation from state: [-11.22448373   2.95450826  -0.18504515   0.44052679   1.02642521
  -0.02247442]
Initial V(x, tMax): 1.1980
Collision detected at t=16.70s
  [423/500] COLLISION  t=  16.7s  θ_err= +92.87°  effort=  475.8
Starting simulation from state: [-11.75050033  -6.10905029  -0.32790591   0.69021241  -1.96687838
  -0.07698868]
Initial V(x, tMax): 1.1977
Entered BRAT at t=23.90s, starting Phase 2
Docking successful at t=33.10s
  [424/500] DOCKED     t=  33.1s  θ_err=  -0.85°  effort=  940.4
Starting simulation from state: [ 0.38907327 -3.08844742  0.09359338 -0.51158948  1.56536043  0.07017341]
Initial V(x, tMax): 0.8415
Entered BRAT at t=6.70s, starting Phase 2
Docking successful at t=16.50s
  [425/500] DOCKED     t=  16.5s  θ_err=  -0.85°  effort=  470.2
Starting simulation from state: [-4.07109520e+00  1.13789450e+01 -6.62878115e-01 -5.37053209e-04
  2.79690855e+00 -4.11761325e-01]
Initial V(x, tMax): 1.1995
Entered BRAT at t=20.70s, starting Phase 2
Docking successful at t=29.90s
  [426/500] DOCKED     t=  29.9s  θ_err=  +0.03°  effort=  849.7
Starting simulation from state: [-5.68706139 -7.16334144  0.39225033 -0.74573073  1.40512991  0.24800249]
Initial V(x, tMax): 1.1912
Entered BRAT at t=19.90s, starting Phase 2
Docking successful at t=31.30s
  [427/500] DOCKED     t=  31.3s  θ_err=  -0.11°  effort=  889.4
Starting simulation from state: [ 3.81419215 12.14348344 -0.05376641 -0.26672566  2.07371489  0.39361124]
Initial V(x, tMax): 1.1938
Collision detected at t=19.70s
  [428/500] COLLISION  t=  19.7s  θ_err= -11.70°  effort=  560.8
Starting simulation from state: [ 9.04244756 -4.54059778  0.08678933  0.6730002  -0.48031559  0.04716264]
Initial V(x, tMax): 1.1827
Entered BRAT at t=10.90s, starting Phase 2
Docking successful at t=22.30s
  [429/500] DOCKED     t=  22.3s  θ_err=  -1.85°  effort=  634.5
Starting simulation from state: [10.98630074  6.89771952 -0.02151064  0.61446918 -1.25299852  0.13221589]
Initial V(x, tMax): 1.1972
Collision detected at t=24.20s
  [430/500] COLLISION  t=  24.2s  θ_err=  -1.65°  effort=  688.3
Starting simulation from state: [12.49959889 -0.7960252  -0.33186267 -0.65593502 -1.65801436 -0.17853805]
Initial V(x, tMax): 1.1617
Entered BRAT at t=10.00s, starting Phase 2
Docking successful at t=22.40s
  [431/500] DOCKED     t=  22.4s  θ_err=  -1.54°  effort=  637.3
Starting simulation from state: [ 8.63460187  4.2527271  -0.72334864  0.20315281 -1.89780304  0.43623892]
Initial V(x, tMax): 1.1098
Collision detected at t=15.00s
  [432/500] COLLISION  t=  15.0s  θ_err=  -8.19°  effort=  427.7
Starting simulation from state: [ 7.14380324 -8.76263817 -0.57688733  0.14140101  2.8145254  -0.40980652]
Initial V(x, tMax): 0.8706
Entered BRAT at t=8.30s, starting Phase 2
Docking successful at t=19.60s
  [433/500] DOCKED     t=  19.6s  θ_err=  -1.84°  effort=  558.0
Starting simulation from state: [ 8.35982648 -8.19934656  0.65315693 -0.2290888  -0.55192468 -0.19371378]
Initial V(x, tMax): 1.1998
Entered BRAT at t=18.50s, starting Phase 2
Docking successful at t=36.80s
  [434/500] DOCKED     t=  36.8s  θ_err=  -1.91°  effort= 1045.2
Starting simulation from state: [ 7.87372795  6.4524187   0.41908551  0.20749111 -2.62728413 -0.36286379]
Initial V(x, tMax): 1.1964
Entered BRAT at t=18.30s, starting Phase 2
Collision detected at t=18.40s
  [435/500] COLLISION  t=  18.4s  θ_err= +76.50°  effort=  524.0
Starting simulation from state: [-9.92213806  9.00978936 -0.39017005  0.01924436  0.62388315  0.10177478]
Initial V(x, tMax): 1.1986
Entered BRAT at t=20.40s, starting Phase 2
Docking successful at t=30.80s
  [436/500] DOCKED     t=  30.8s  θ_err=  -1.52°  effort=  875.2
Starting simulation from state: [-10.77351668  -5.91605131  -0.49188654  -0.61575697   2.92448355
   0.48807588]
Initial V(x, tMax): 1.1989
Entered BRAT at t=17.40s, starting Phase 2
Docking successful at t=28.80s
  [437/500] DOCKED     t=  28.8s  θ_err=  -0.81°  effort=  818.6
Starting simulation from state: [-0.03597341 -7.1768884  -0.09287753  0.57217412 -0.66130117  0.22458171]
Initial V(x, tMax): 0.2060
Entered BRAT at t=2.10s, starting Phase 2
Docking successful at t=13.40s
  [438/500] DOCKED     t=  13.4s  θ_err=  +0.63°  effort=  382.4
Starting simulation from state: [ 0.34860998 12.62660285  0.49047409  0.1113591   2.01187702  0.25148261]
Initial V(x, tMax): 1.1988
Collision detected at t=20.10s
  [439/500] COLLISION  t=  20.1s  θ_err= +38.44°  effort=  572.1
Starting simulation from state: [-10.61450519   8.70138458   0.24886482  -0.56060359  -0.89031459
   0.46390062]
Initial V(x, tMax): 1.1280
Entered BRAT at t=15.90s, starting Phase 2
Docking successful at t=25.70s
  [440/500] DOCKED     t=  25.7s  θ_err=  +0.07°  effort=  730.8
Starting simulation from state: [11.07567431  7.99947468 -0.31837724  0.21438207 -1.19530838  0.05398828]
Initial V(x, tMax): 1.1924
Collision detected at t=19.60s
  [441/500] COLLISION  t=  19.6s  θ_err=  -1.48°  effort=  558.0
Starting simulation from state: [-10.08240071  -8.5559635   -0.15004193  -0.22389562   0.19572215
  -0.21796236]
Initial V(x, tMax): 1.1972
Entered BRAT at t=13.10s, starting Phase 2
Docking successful at t=24.60s
  [442/500] DOCKED     t=  24.6s  θ_err=  +1.31°  effort=  699.6
Starting simulation from state: [  1.73572607 -11.86169747   0.33184304  -0.31217983  -0.59201576
   0.29113882]
Initial V(x, tMax): 1.1965
Entered BRAT at t=15.30s, starting Phase 2
Docking successful at t=26.00s
  [443/500] DOCKED     t=  26.0s  θ_err=  -1.62°  effort=  739.3
Starting simulation from state: [ 8.50565221 -4.26874826  0.19855321  0.50288197 -1.27488262  0.06822216]
Initial V(x, tMax): 1.1899
Entered BRAT at t=12.40s, starting Phase 2
Docking successful at t=25.00s
  [444/500] DOCKED     t=  25.0s  θ_err=  -1.82°  effort=  710.9
Starting simulation from state: [-11.74961723  -9.30491819   0.33363385  -0.27886329  -0.63310668
   0.01722219]
Initial V(x, tMax): 1.1954
Entered BRAT at t=12.10s, starting Phase 2
Docking successful at t=23.40s
  [445/500] DOCKED     t=  23.4s  θ_err=  +0.75°  effort=  665.6
Starting simulation from state: [ 4.40687264 -4.54007221 -0.60694478  0.74874911 -0.41610902  0.19356156]
Initial V(x, tMax): 0.1731
Entered BRAT at t=2.30s, starting Phase 2
Docking successful at t=14.10s
  [446/500] DOCKED     t=  14.1s  θ_err=  -1.92°  effort=  402.2
Starting simulation from state: [-2.84125127  6.91119389  0.21513867  0.60030386  2.88860261  0.41035157]
Initial V(x, tMax): 1.1994
Collision detected at t=17.20s
  [447/500] COLLISION  t=  17.2s  θ_err=  -9.84°  effort=  490.0
Starting simulation from state: [ 7.20220702 -5.5325263   0.12943395  0.53038165  1.625576   -0.21509617]
Initial V(x, tMax): 1.1314
Entered BRAT at t=9.00s, starting Phase 2
Docking successful at t=22.10s
  [448/500] DOCKED     t=  22.1s  θ_err=  -0.56°  effort=  628.8
Starting simulation from state: [-10.35949289  -0.1090533    0.34259065  -0.25775631  -0.78144539
   0.27714395]
Initial V(x, tMax): 0.9627
Entered BRAT at t=8.50s, starting Phase 2
Docking successful at t=18.80s
  [449/500] DOCKED     t=  18.8s  θ_err=  -1.62°  effort=  535.3
Starting simulation from state: [  8.75044239 -12.48075347   0.62555103   0.04686977  -1.94466348
   0.09813557]
Initial V(x, tMax): 1.1996
Entered BRAT at t=17.70s, starting Phase 2
Docking successful at t=31.60s
  [450/500] DOCKED     t=  31.6s  θ_err=  -2.22°  effort=  897.9
Starting simulation from state: [ 6.52714761 -6.99150749  0.20658319  0.66307038 -2.08930104  0.21080947]
Initial V(x, tMax): 1.1578
Entered BRAT at t=12.50s, starting Phase 2
Docking successful at t=22.70s
  [451/500] DOCKED     t=  22.7s  θ_err=  -2.07°  effort=  645.8
Starting simulation from state: [-9.21080212  5.76120524 -0.36018526 -0.09821818  0.18179878  0.05149857]
Initial V(x, tMax): 1.1976
Entered BRAT at t=19.80s, starting Phase 2
Docking successful at t=29.50s
  [452/500] DOCKED     t=  29.5s  θ_err=  +0.52°  effort=  838.4
Starting simulation from state: [12.25678345 -2.7567012  -0.70242592  0.65818262 -0.2278774   0.1399465 ]
Initial V(x, tMax): 0.9430
Entered BRAT at t=9.40s, starting Phase 2
Docking successful at t=20.70s
  [453/500] DOCKED     t=  20.7s  θ_err=  -1.61°  effort=  589.1
Starting simulation from state: [ 6.80746937e+00 -7.68527207e+00 -4.65330512e-01  3.64212507e-01
  2.21137877e+00 -5.84728587e-03]
Initial V(x, tMax): 0.5159
Entered BRAT at t=5.10s, starting Phase 2
Docking successful at t=17.00s
  [454/500] DOCKED     t=  17.0s  θ_err=  -0.58°  effort=  484.3
Starting simulation from state: [12.08104608 -1.17850539 -0.13469995  0.11793347 -0.13157003  0.44801753]
Initial V(x, tMax): 1.1934
Entered BRAT at t=10.90s, starting Phase 2
Docking successful at t=23.00s
  [455/500] DOCKED     t=  23.0s  θ_err=  +0.89°  effort=  654.3
Starting simulation from state: [-4.86391652  1.99819291  0.34813268  0.06894088 -0.83463407 -0.48444811]
Initial V(x, tMax): 1.0349
Collision detected at t=7.70s
  [456/500] COLLISION  t=   7.7s  θ_err= +57.34°  effort=  220.9
Starting simulation from state: [ 4.01920495 -6.31209966  0.43857966 -0.56761961  0.92735522 -0.10223339]
Initial V(x, tMax): 1.1845
Entered BRAT at t=14.20s, starting Phase 2
Docking successful at t=25.40s
  [457/500] DOCKED     t=  25.4s  θ_err=  +1.00°  effort=  722.3
Starting simulation from state: [ 4.26996106  1.95468854  0.49118499  0.6413961  -1.52415895  0.02830669]
Initial V(x, tMax): 1.1824
Collision detected at t=18.50s
  [458/500] COLLISION  t=  18.5s  θ_err=  -6.19°  effort=  526.8
Starting simulation from state: [ -0.67752947 -10.46398884   0.23416133   0.42547454  -2.00896082
   0.45524446]
Initial V(x, tMax): 0.7074
Entered BRAT at t=7.40s, starting Phase 2
Docking successful at t=17.80s
  [459/500] DOCKED     t=  17.8s  θ_err=  -1.97°  effort=  507.0
Starting simulation from state: [ 2.22153973 -8.0694563   0.66060743  0.21974722 -0.49441002  0.47651439]
Initial V(x, tMax): 1.1592
Entered BRAT at t=10.30s, starting Phase 2
Docking successful at t=22.10s
  [460/500] DOCKED     t=  22.1s  θ_err=  -0.96°  effort=  628.8
Starting simulation from state: [ 12.51499161 -12.36934548   0.02525905  -0.37021224   2.50375401
  -0.28308275]
Initial V(x, tMax): 1.1991
Entered BRAT at t=17.90s, starting Phase 2
Docking successful at t=29.60s
  [461/500] DOCKED     t=  29.6s  θ_err=  +0.22°  effort=  841.2
Starting simulation from state: [-2.32290725  9.87182403 -0.51432138 -0.18903727  1.45079779 -0.22079286]
Initial V(x, tMax): 1.1710
Entered BRAT at t=17.60s, starting Phase 2
Docking successful at t=27.50s
  [462/500] DOCKED     t=  27.5s  θ_err=  +1.17°  effort=  781.7
Starting simulation from state: [-9.65658339 -6.43551222 -0.09790565  0.26536718  1.09926365 -0.34175917]
Initial V(x, tMax): 1.1903
Entered BRAT at t=11.90s, starting Phase 2
Docking successful at t=30.90s
  [463/500] DOCKED     t=  30.9s  θ_err=  +0.50°  effort=  878.0
Starting simulation from state: [ 6.21547095 -4.8269903  -0.70325371  0.45175351  2.76948434 -0.11393226]
Initial V(x, tMax): 0.1786
Entered BRAT at t=1.70s, starting Phase 2
Docking successful at t=14.20s
  [464/500] DOCKED     t=  14.2s  θ_err=  -0.32°  effort=  405.0
Starting simulation from state: [-5.72960134 -8.91920927 -0.02658578  0.10617486 -0.95752359 -0.01887232]
Initial V(x, tMax): 0.9792
Entered BRAT at t=6.80s, starting Phase 2
Docking successful at t=18.50s
  [465/500] DOCKED     t=  18.5s  θ_err=  -1.92°  effort=  526.8
Starting simulation from state: [-9.7098599   0.5548486  -0.18476867 -0.56520019  1.79092134  0.4092586 ]
Initial V(x, tMax): 1.1969
Entered BRAT at t=13.10s, starting Phase 2
Docking successful at t=23.20s
  [466/500] DOCKED     t=  23.2s  θ_err=  -0.72°  effort=  659.9
Starting simulation from state: [-4.52026177 11.66736443 -0.57178698  0.60189282 -2.76682886 -0.20032447]
Initial V(x, tMax): 1.1981
Entered BRAT at t=28.00s, starting Phase 2
Docking successful at t=37.90s
  [467/500] DOCKED     t=  37.9s  θ_err=  +1.20°  effort= 1076.3
Starting simulation from state: [ 4.6069226   1.55589004  0.55329994  0.57022164  1.59626596 -0.22868736]
Initial V(x, tMax): 1.1721
Collision detected at t=16.00s
  [468/500] COLLISION  t=  16.0s  θ_err=  -0.22°  effort=  456.0
Starting simulation from state: [1.23577969e+01 4.03678926e+00 6.19838103e-02 5.49827058e-01
 6.06917806e-01 4.65156226e-04]
Initial V(x, tMax): 1.1994
Entered BRAT at t=19.90s, starting Phase 2
Docking successful at t=29.70s
  [469/500] DOCKED     t=  29.7s  θ_err=  +0.33°  effort=  844.1
Starting simulation from state: [ 0.66286618  7.96577706  0.70930151  0.37771884 -1.27816376 -0.31275389]
Initial V(x, tMax): 1.1964
Collision detected at t=19.40s
  [470/500] COLLISION  t=  19.4s  θ_err= +25.10°  effort=  552.3
Starting simulation from state: [-4.30142158  9.25334522 -0.03067048 -0.6059273  -2.66361828 -0.07856037]
Initial V(x, tMax): 1.0384
Entered BRAT at t=14.70s, starting Phase 2
Docking successful at t=23.50s
  [471/500] DOCKED     t=  23.5s  θ_err=  +1.06°  effort=  668.4
Starting simulation from state: [-12.7988241    6.35109992  -0.42964246  -0.32039114   0.14768365
   0.3079914 ]
Initial V(x, tMax): 1.1986
Entered BRAT at t=18.40s, starting Phase 2
Docking successful at t=32.70s
  [472/500] DOCKED     t=  32.7s  θ_err=  +0.55°  effort=  929.0
Starting simulation from state: [-3.83070153  3.47659675 -0.12449835 -0.65817867 -0.10312819 -0.10976433]
Initial V(x, tMax): 0.8629
Entered BRAT at t=8.30s, starting Phase 2
Docking successful at t=18.10s
  [473/500] DOCKED     t=  18.1s  θ_err=  +1.01°  effort=  515.5
Starting simulation from state: [-11.12844344  -0.55334019   0.33785912  -0.585788     0.78669726
   0.11038477]
Initial V(x, tMax): 1.0761
Entered BRAT at t=8.60s, starting Phase 2
Docking successful at t=19.20s
  [474/500] DOCKED     t=  19.2s  θ_err=  -0.28°  effort=  546.7
Starting simulation from state: [ 9.89515648  4.3672281  -0.16701604  0.11024253 -2.33822648  0.047169  ]
Initial V(x, tMax): 1.1312
Entered BRAT at t=13.20s, starting Phase 2
Collision detected at t=13.90s
  [475/500] COLLISION  t=  13.9s  θ_err= +36.87°  effort=  396.5
Starting simulation from state: [ 2.18787931  4.53080668 -0.05393596  0.4840009  -1.22093133  0.24168933]
Initial V(x, tMax): 1.1833
Collision detected at t=18.00s
  [476/500] COLLISION  t=  18.0s  θ_err= +10.10°  effort=  512.7
Starting simulation from state: [-7.07747811 10.44721429  0.14967354  0.45197426  0.6943788  -0.03047276]
Initial V(x, tMax): 1.1966
Entered BRAT at t=25.30s, starting Phase 2
Docking successful at t=35.10s
  [477/500] DOCKED     t=  35.1s  θ_err=  +1.10°  effort=  997.0
Starting simulation from state: [ -5.55330637 -10.34874761   0.27436348  -0.16945943   1.32567757
  -0.09552178]
Initial V(x, tMax): 1.1906
Entered BRAT at t=12.30s, starting Phase 2
Docking successful at t=23.30s
  [478/500] DOCKED     t=  23.3s  θ_err=  +1.63°  effort=  662.8
Starting simulation from state: [ 1.84628152 -2.62482733  0.27261373  0.45707538  2.23666138  0.12831903]
Initial V(x, tMax): 0.3802
Entered BRAT at t=1.60s, starting Phase 2
Docking successful at t=14.30s
  [479/500] DOCKED     t=  14.3s  θ_err=  -2.16°  effort=  407.9
Starting simulation from state: [ 7.71670849  3.9227681   0.49967249  0.13317051 -2.44661322  0.322438  ]
Initial V(x, tMax): 1.1976
Entered BRAT at t=16.10s, starting Phase 2
Docking successful at t=27.40s
  [480/500] DOCKED     t=  27.4s  θ_err=  -1.59°  effort=  778.9
Starting simulation from state: [12.65474267  3.38129292 -0.40569816 -0.48696253 -2.66172021 -0.06415366]
Initial V(x, tMax): 1.1422
Entered BRAT at t=10.00s, starting Phase 2
Docking successful at t=21.40s
  [481/500] DOCKED     t=  21.4s  θ_err=  -0.64°  effort=  609.0
Starting simulation from state: [ 9.55765741  7.75750896 -0.53468715 -0.72446177 -0.37910431 -0.27638552]
Initial V(x, tMax): 0.9067
Entered BRAT at t=11.90s, starting Phase 2
Collision detected at t=12.50s
  [482/500] COLLISION  t=  12.5s  θ_err= +52.03°  effort=  356.9
Starting simulation from state: [10.57330007  5.79095935 -0.51028272  0.32153165  1.15172404 -0.31927564]
Initial V(x, tMax): 1.1895
Entered BRAT at t=18.00s, starting Phase 2
Collision detected at t=18.20s
  [483/500] COLLISION  t=  18.2s  θ_err= +45.05°  effort=  518.3
Starting simulation from state: [  6.5805018  -11.44965331   0.59141947   0.6799871   -1.24664671
   0.09763561]
Initial V(x, tMax): 1.1979
Entered BRAT at t=15.20s, starting Phase 2
Docking successful at t=27.20s
  [484/500] DOCKED     t=  27.2s  θ_err=  +1.53°  effort=  773.2
Starting simulation from state: [-2.95262089  6.65790064 -0.42417331  0.34742063 -1.12118226 -0.1546526 ]
Initial V(x, tMax): 1.1957
Entered BRAT at t=20.70s, starting Phase 2
Docking successful at t=29.60s
  [485/500] DOCKED     t=  29.6s  θ_err=  +0.87°  effort=  841.2
Starting simulation from state: [-7.83595162  5.16754786  0.17527371  0.41296004  2.19639004 -0.08920164]
Initial V(x, tMax): 1.1918
Entered BRAT at t=20.20s, starting Phase 2
Docking successful at t=30.10s
  [486/500] DOCKED     t=  30.1s  θ_err=  -0.16°  effort=  855.4
Starting simulation from state: [-7.89027678 -8.69781077  0.35353991  0.66413783  2.19060536 -0.10997072]
Initial V(x, tMax): 0.6684
Entered BRAT at t=6.30s, starting Phase 2
Docking successful at t=17.90s
  [487/500] DOCKED     t=  17.9s  θ_err=  +1.03°  effort=  509.8
Starting simulation from state: [-4.51093198 -5.21466644  0.03098819  0.07900436  0.62717864 -0.09277643]
Initial V(x, tMax): 0.4936
Entered BRAT at t=3.70s, starting Phase 2
Docking successful at t=16.40s
  [488/500] DOCKED     t=  16.4s  θ_err=  +2.11°  effort=  467.3
Starting simulation from state: [10.61322904 -5.42178964  0.2511823   0.6295281  -0.53516458  0.30377177]
Initial V(x, tMax): 1.1984
Entered BRAT at t=13.80s, starting Phase 2
Docking successful at t=25.80s
  [489/500] DOCKED     t=  25.8s  θ_err=  -1.05°  effort=  733.6
Starting simulation from state: [ 7.21248518 -3.96228601  0.37806099 -0.61523465  2.15547811 -0.46963894]
Initial V(x, tMax): 1.1962
Entered BRAT at t=13.10s, starting Phase 2
Docking successful at t=28.30s
  [490/500] DOCKED     t=  28.3s  θ_err=  -2.12°  effort=  804.4
Starting simulation from state: [-2.88604434 -6.37377145 -0.68666345 -0.34048957  2.40950077 -0.1701136 ]
Initial V(x, tMax): 1.1757
Entered BRAT at t=11.70s, starting Phase 2
Docking successful at t=23.10s
  [491/500] DOCKED     t=  23.1s  θ_err=  +0.83°  effort=  657.1
Starting simulation from state: [-3.90988195  9.74843148 -0.08476644 -0.50377811 -0.82866987  0.41656881]
Initial V(x, tMax): 1.0600
Entered BRAT at t=17.00s, starting Phase 2
Docking successful at t=26.20s
  [492/500] DOCKED     t=  26.2s  θ_err=  +0.01°  effort=  744.9
Starting simulation from state: [-7.04412515  8.40033158 -0.12335756 -0.10260492 -0.62604745 -0.33558824]
Initial V(x, tMax): 1.1611
Entered BRAT at t=17.70s, starting Phase 2
Docking successful at t=26.80s
  [493/500] DOCKED     t=  26.8s  θ_err=  +0.27°  effort=  761.9
Starting simulation from state: [-8.28475819 -3.72014713  0.6695097  -0.01249879  3.11339344  0.26004119]
Initial V(x, tMax): 0.5738
Entered BRAT at t=6.10s, starting Phase 2
Docking successful at t=18.90s
  [494/500] DOCKED     t=  18.9s  θ_err=  -0.95°  effort=  538.2
Starting simulation from state: [-3.45356176 11.17387934  0.47065528 -0.41232413  1.58439112 -0.38562173]
Initial V(x, tMax): 1.1422
Collision detected at t=10.40s
  [495/500] COLLISION  t=  10.4s  θ_err= +78.81°  effort=  297.4
Starting simulation from state: [-7.94807176 11.32016333 -0.03514912 -0.42938344 -1.79864225  0.38803324]
Initial V(x, tMax): 1.1553
Entered BRAT at t=18.10s, starting Phase 2
Docking successful at t=28.00s
  [496/500] DOCKED     t=  28.0s  θ_err=  -0.40°  effort=  795.9
Starting simulation from state: [-12.22654728   3.84338602  -0.62884018   0.25180939  -2.83185496
   0.09638356]
Initial V(x, tMax): 1.1966
Entered BRAT at t=21.70s, starting Phase 2
Docking successful at t=31.60s
  [497/500] DOCKED     t=  31.6s  θ_err=  +0.08°  effort=  897.9
Starting simulation from state: [ -7.83781171 -12.29736406  -0.39434008   0.19796563   0.46534281
   0.22132357]
Initial V(x, tMax): 1.1975
Entered BRAT at t=13.60s, starting Phase 2
Docking successful at t=25.90s
  [498/500] DOCKED     t=  25.9s  θ_err=  -0.46°  effort=  736.4
Starting simulation from state: [ 9.54839832  7.11638032 -0.4011997  -0.30261008 -0.5818417   0.24667587]
Initial V(x, tMax): 1.0264
Collision detected at t=13.70s
  [499/500] COLLISION  t=  13.7s  θ_err=  -2.21°  effort=  390.9
Starting simulation from state: [-5.07258184 -3.21745599 -0.45645214 -0.01630843 -0.29766639 -0.4165304 ]
Initial V(x, tMax): 1.1692
Entered BRAT at t=10.20s, starting Phase 2
Docking successful at t=20.90s
  [500/500] DOCKED     t=  20.9s  θ_err=  +0.39°  effort=  594.8

BRAT: dock=78.6%  fail=21.4%  timeout=0.0%  effort=692.7  time=1.35s

============================================================
Running 500 rollouts for Vanilla BRAT
============================================================
Starting simulation from state: [-10.46412635   6.79249263  -0.37959304  -0.54280247  -1.05905248
  -0.41700043]
Initial V(x, tMax): 1.0162
Collision detected at t=37.50s
  [  1/500] COLLISION  t=  37.5s  θ_err= +50.11°  effort= 1065.0
Starting simulation from state: [ 4.47140411  7.97143875  0.72411287  0.2034911  -1.78490682  0.04902743]
Initial V(x, tMax): 1.0162
Collision detected at t=37.60s
  [  2/500] COLLISION  t=  37.6s  θ_err= -13.10°  effort= 1067.8
Starting simulation from state: [ 1.18455891e+00 -6.91402210e+00 -5.79411235e-01 -5.11099427e-04
 -2.18586725e+00  3.26860806e-02]
Initial V(x, tMax): 1.0162
Entered BRAT at t=11.20s, starting Phase 2
Collision detected at t=17.70s
  [  3/500] COLLISION  t=  17.7s  θ_err= -52.44°  effort=  504.2
Starting simulation from state: [-2.93782402  4.89651197 -0.19060927  0.66924007  1.7426912   0.1080343 ]
Initial V(x, tMax): 1.0161
Collision detected at t=15.60s
  [  4/500] COLLISION  t=  15.6s  θ_err=  -4.82°  effort=  444.7
Starting simulation from state: [ 2.99603295  3.71767763 -0.34727474  0.37523422 -1.33938354  0.20937606]
Initial V(x, tMax): 1.0161
  [  5/500] TIMEOUT    t=  60.0s  θ_err= +13.67°  effort= 1702.3
Starting simulation from state: [-11.31554384   4.93632046   0.07825175   0.08073972  -0.96428906
  -0.32738704]
Initial V(x, tMax): 1.0161
Entered BRAT at t=32.70s, starting Phase 2
  [  6/500] TIMEOUT    t=  60.0s  θ_err= +26.94°  effort= 1702.3
Starting simulation from state: [  1.09024858 -11.65400488   0.48833642   0.31660046  -2.86408181
  -0.42346344]
Initial V(x, tMax): 1.0162
Collision detected at t=13.50s
  [  7/500] COLLISION  t=  13.5s  θ_err=-110.91°  effort=  385.2
Starting simulation from state: [-12.73105873  12.85192538   0.14916585  -0.4803918   -0.85213563
   0.36383673]
Initial V(x, tMax): 1.0162
Collision detected at t=46.90s
  [  8/500] COLLISION  t=  46.9s  θ_err= +21.70°  effort= 1331.2
Starting simulation from state: [-1.29335697 12.25561398 -0.54651033  0.32351172  2.64489586  0.43536442]
Initial V(x, tMax): 1.0162
Collision detected at t=16.80s
  [  9/500] COLLISION  t=  16.8s  θ_err= -49.25°  effort=  478.7
Starting simulation from state: [11.34387563  4.49212517  0.65848895  0.0363416  -0.32093407 -0.46872241]
Initial V(x, tMax): 1.0162
Entered BRAT at t=51.60s, starting Phase 2
  [ 10/500] TIMEOUT    t=  60.0s  θ_err=  +4.80°  effort= 1702.3
Starting simulation from state: [ 9.33671675 -8.25425136  0.34246417  0.70105242  2.50269164  0.3343715 ]
Initial V(x, tMax): 1.0162
Collision detected at t=37.80s
  [ 11/500] COLLISION  t=  37.8s  θ_err=  -3.89°  effort= 1073.5
Starting simulation from state: [ 2.3532029  -3.60205954 -0.50275395 -0.08968236  1.63480013 -0.05772617]
Initial V(x, tMax): 0.9327
  [ 12/500] TIMEOUT    t=  60.0s  θ_err=  +5.95°  effort= 1702.3
Starting simulation from state: [-9.60639181 -8.26689902  0.746156   -0.34672215  2.37042727 -0.33603944]
Initial V(x, tMax): 1.0162
Collision detected at t=29.70s
  [ 13/500] COLLISION  t=  29.7s  θ_err=  -0.04°  effort=  844.1
Starting simulation from state: [11.68528717 -2.59565797  0.22901907  0.31609901 -0.62236627  0.41182634]
Initial V(x, tMax): 1.0162
Entered BRAT at t=32.60s, starting Phase 2
Docking successful at t=39.90s
  [ 14/500] DOCKED     t=  39.9s  θ_err=  -2.20°  effort= 1133.0
Starting simulation from state: [-11.59813474  -0.12469175  -0.37554204  -0.22729371   1.51353246
  -0.13884299]
Initial V(x, tMax): 1.0162
Entered BRAT at t=45.80s, starting Phase 2
  [ 15/500] TIMEOUT    t=  60.0s  θ_err=  -5.94°  effort= 1702.3
Starting simulation from state: [ 3.39929463 12.33000212 -0.11674731 -0.65509537 -2.64781586 -0.29413378]
Initial V(x, tMax): 1.0162
Collision detected at t=8.20s
  [ 16/500] COLLISION  t=   8.2s  θ_err= -44.88°  effort=  235.1
Starting simulation from state: [-5.52444266 -3.08179014  0.50278102 -0.62688635  2.01586496  0.31665728]
Initial V(x, tMax): 1.0161
Collision detected at t=17.40s
  [ 17/500] COLLISION  t=  17.4s  θ_err=  -2.47°  effort=  495.7
Starting simulation from state: [-4.33951181  4.56642583  0.72515367  0.68879895  1.06778905  0.39296165]
Initial V(x, tMax): 1.0161
Collision detected at t=16.20s
  [ 18/500] COLLISION  t=  16.2s  θ_err=  +1.28°  effort=  461.7
Starting simulation from state: [-3.96349906  3.42330414 -0.46726021 -0.22757316  3.04594418  0.25163124]
Initial V(x, tMax): 1.0162
Entered BRAT at t=18.60s, starting Phase 2
Collision detected at t=24.60s
  [ 19/500] COLLISION  t=  24.6s  θ_err= -51.03°  effort=  699.6
Starting simulation from state: [ 8.65956113 -9.30720536 -0.7275312   0.53591171  1.33169249  0.35654019]
Initial V(x, tMax): 1.0162
Collision detected at t=14.80s
  [ 20/500] COLLISION  t=  14.8s  θ_err= +10.49°  effort=  422.0
Starting simulation from state: [ 9.40171259  7.69090696 -0.03434384 -0.61022956 -1.17061576  0.14122249]
Initial V(x, tMax): 1.0162
Entered BRAT at t=32.90s, starting Phase 2
Docking successful at t=37.60s
  [ 21/500] DOCKED     t=  37.6s  θ_err=  -1.09°  effort= 1067.8
Starting simulation from state: [ 2.18392862 -6.05628471 -0.66516992  0.61537817 -1.23587313 -0.1685707 ]
Initial V(x, tMax): 1.0162
Collision detected at t=6.70s
  [ 22/500] COLLISION  t=   6.7s  θ_err=-168.52°  effort=  192.6
Starting simulation from state: [-11.52615708 -12.23652317  -0.56080369  -0.60059828  -2.122581
  -0.34911861]
Initial V(x, tMax): 1.0162
Collision detected at t=22.90s
  [ 23/500] COLLISION  t=  22.9s  θ_err= -37.26°  effort=  651.5
Starting simulation from state: [-4.87784957  1.55481603 -0.22793413 -0.22587693  0.71443306 -0.42977036]
Initial V(x, tMax): 1.0161
Entered BRAT at t=17.90s, starting Phase 2
Collision detected at t=38.10s
  [ 24/500] COLLISION  t=  38.1s  θ_err= -36.50°  effort= 1082.0
Starting simulation from state: [ 2.53683499 -4.89064004 -0.37176982  0.03819886  0.36091986  0.0948565 ]
Initial V(x, tMax): 1.0139
Entered BRAT at t=7.40s, starting Phase 2
  [ 25/500] TIMEOUT    t=  60.0s  θ_err= +25.47°  effort= 1702.3
Starting simulation from state: [  2.74395267 -11.04045453   0.08957694  -0.16852733  -1.83859558
  -0.1201088 ]
Initial V(x, tMax): 1.0162
Collision detected at t=17.60s
  [ 26/500] COLLISION  t=  17.6s  θ_err= -77.33°  effort=  501.3
Starting simulation from state: [-8.22597322 -0.35457768 -0.65921015 -0.6863713   1.04994231 -0.42992075]
Initial V(x, tMax): 1.0162
Collision detected at t=27.10s
  [ 27/500] COLLISION  t=  27.1s  θ_err= +48.49°  effort=  770.4
Starting simulation from state: [ 2.43658821  6.36455463  0.52049437  0.01815552 -2.35684976 -0.26628933]
Initial V(x, tMax): 1.0161
Collision detected at t=8.60s
  [ 28/500] COLLISION  t=   8.6s  θ_err= -56.20°  effort=  246.4
Starting simulation from state: [-5.90861163  8.65957708  0.38746236 -0.36054783  2.33343167 -0.25581165]
Initial V(x, tMax): 1.0162
Collision detected at t=7.10s
  [ 29/500] COLLISION  t=   7.1s  θ_err= -23.01°  effort=  203.9
Starting simulation from state: [-11.69148715   0.5398089   -0.03356482   0.59744055  -0.97906427
   0.34705151]
Initial V(x, tMax): 1.0161
Collision detected at t=13.40s
  [ 30/500] COLLISION  t=  13.4s  θ_err=+105.02°  effort=  382.4
Starting simulation from state: [-10.86717232 -10.23543138   0.42646937   0.54662583  -0.84900925
  -0.40166397]
Initial V(x, tMax): 1.0162
Collision detected at t=10.00s
  [ 31/500] COLLISION  t=  10.0s  θ_err= -19.09°  effort=  286.1
Starting simulation from state: [  9.32453443 -10.13726864  -0.57511076  -0.11249568  -2.96897465
  -0.37640097]
Initial V(x, tMax): 1.0162
Collision detected at t=33.50s
  [ 32/500] COLLISION  t=  33.5s  θ_err=  -4.79°  effort=  951.7
Starting simulation from state: [-12.54410782  -2.29815778  -0.04131032  -0.62597741  -1.7856327
   0.25770279]
Initial V(x, tMax): 1.0162
Collision detected at t=16.40s
  [ 33/500] COLLISION  t=  16.4s  θ_err=+100.07°  effort=  467.3
Starting simulation from state: [-7.86851273 -1.43990996 -0.2498744  -0.41220644 -1.1605854  -0.35197098]
Initial V(x, tMax): 1.0162
Collision detected at t=14.30s
  [ 34/500] COLLISION  t=  14.3s  θ_err=-100.63°  effort=  407.9
Starting simulation from state: [ 4.26621045 -6.96469703  0.3694504  -0.66429581 -0.061205   -0.0158119 ]
Initial V(x, tMax): 1.0161
Collision detected at t=22.50s
  [ 35/500] COLLISION  t=  22.5s  θ_err= -25.56°  effort=  640.1
Starting simulation from state: [  2.48079327 -10.59680627   0.65878728   0.68035528   0.14939711
   0.15963871]
Initial V(x, tMax): 1.0162
Collision detected at t=38.90s
  [ 36/500] COLLISION  t=  38.9s  θ_err=  -1.26°  effort= 1104.6
Starting simulation from state: [  8.86801388 -10.62718472  -0.10531314  -0.59557012  -0.96564657
   0.19448345]
Initial V(x, tMax): 1.0162
Collision detected at t=38.30s
  [ 37/500] COLLISION  t=  38.3s  θ_err= -16.06°  effort= 1087.6
Starting simulation from state: [-2.15266054 -9.0265656   0.36494781 -0.06337486 -2.33820697 -0.10169701]
Initial V(x, tMax): 1.0162
Collision detected at t=15.00s
  [ 38/500] COLLISION  t=  15.0s  θ_err= -55.41°  effort=  427.7
Starting simulation from state: [-7.69943995  2.52291597  0.66115628 -0.11616605  1.91343784  0.29757204]
Initial V(x, tMax): 1.0162
Collision detected at t=4.70s
  [ 39/500] COLLISION  t=   4.7s  θ_err= +71.89°  effort=  136.0
Starting simulation from state: [-5.55016047  2.64573628  0.08789435 -0.23522654  0.81698815 -0.13466676]
Initial V(x, tMax): 1.0161
Collision detected at t=5.40s
  [ 40/500] COLLISION  t=   5.4s  θ_err= -47.96°  effort=  155.8
Starting simulation from state: [10.31937559  6.04140844  0.17237983  0.5068192   1.12716968  0.22016694]
Initial V(x, tMax): 1.0162
Collision detected at t=14.00s
  [ 41/500] COLLISION  t=  14.0s  θ_err=  -2.48°  effort=  399.4
Starting simulation from state: [ 7.14996063  5.83136924 -0.23143411 -0.40285489 -1.87871398  0.35583142]
Initial V(x, tMax): 1.0161
Collision detected at t=6.40s
  [ 42/500] COLLISION  t=   6.4s  θ_err= -47.21°  effort=  184.1
Starting simulation from state: [ 6.02528978  1.11386395 -0.44603728  0.04555591 -1.22565275  0.32279766]
Initial V(x, tMax): 1.0161
Collision detected at t=3.80s
  [ 43/500] COLLISION  t=   3.8s  θ_err= -71.82°  effort=  110.5
Starting simulation from state: [ 6.56381925  9.09756017 -0.16758549 -0.24285693 -3.07371431 -0.22749855]
Initial V(x, tMax): 1.0162
Collision detected at t=8.40s
  [ 44/500] COLLISION  t=   8.4s  θ_err= -34.73°  effort=  240.8
Starting simulation from state: [ 8.26008083e+00 -9.01595428e+00  3.25025928e-01  7.41405660e-01
 -2.42810075e+00  5.11923326e-03]
Initial V(x, tMax): 1.0162
Collision detected at t=36.70s
  [ 45/500] COLLISION  t=  36.7s  θ_err=  -1.74°  effort= 1042.3
Starting simulation from state: [ 2.66454927 -3.48136008  0.73684711 -0.59220422 -1.96320325 -0.06767416]
Initial V(x, tMax): 1.0162
Collision detected at t=25.10s
  [ 46/500] COLLISION  t=  25.1s  θ_err=  +0.76°  effort=  713.8
Starting simulation from state: [-6.43575826 -0.52827926  0.57973686 -0.24616559  2.66019502 -0.31191427]
Initial V(x, tMax): 1.0159
Collision detected at t=12.00s
  [ 47/500] COLLISION  t=  12.0s  θ_err= -32.61°  effort=  342.7
Starting simulation from state: [ 7.65275067 -9.86061458 -0.71512255 -0.59823125  2.10858919  0.172139  ]
Initial V(x, tMax): 1.0162
Collision detected at t=23.60s
  [ 48/500] COLLISION  t=  23.6s  θ_err=  -6.79°  effort=  671.3
Starting simulation from state: [ 4.48896748 -9.90139624  0.39862283 -0.09236824 -1.34897409  0.2964809 ]
Initial V(x, tMax): 1.0162
Collision detected at t=17.90s
  [ 49/500] COLLISION  t=  17.9s  θ_err=+108.44°  effort=  509.8
Starting simulation from state: [-0.53569371  6.12679921 -0.12801494 -0.58506548 -1.86788244 -0.49478229]
Initial V(x, tMax): 1.0161
Collision detected at t=3.30s
  [ 50/500] COLLISION  t=   3.3s  θ_err= +57.51°  effort=   96.3
Starting simulation from state: [-7.03246572e+00  7.35068632e+00 -5.57496125e-01  5.79585825e-01
  1.65864706e+00 -4.66492199e-03]
Initial V(x, tMax): 1.0162
Collision detected at t=16.60s
  [ 51/500] COLLISION  t=  16.6s  θ_err=  +2.69°  effort=  473.0
Starting simulation from state: [ 9.21644661 -8.8562323   0.6442122   0.19058946  2.25943871 -0.3656434 ]
Initial V(x, tMax): 1.0162
Collision detected at t=19.30s
  [ 52/500] COLLISION  t=  19.3s  θ_err=  +1.86°  effort=  549.5
Starting simulation from state: [ 8.27991041  2.78593453  0.49546062  0.49607865 -0.69847611  0.42033237]
Initial V(x, tMax): 1.0161
Collision detected at t=32.50s
  [ 53/500] COLLISION  t=  32.5s  θ_err= -41.70°  effort=  923.4
Starting simulation from state: [-11.08071506  -7.0717113   -0.34995917   0.74536953  -2.3804713
  -0.15626943]
Initial V(x, tMax): 1.0162
Collision detected at t=16.10s
  [ 54/500] COLLISION  t=  16.1s  θ_err= -56.18°  effort=  458.8
Starting simulation from state: [12.73425943 12.01858622  0.60215343 -0.45660129 -2.57746898 -0.40312508]
Initial V(x, tMax): 1.0161
Collision detected at t=45.90s
  [ 55/500] COLLISION  t=  45.9s  θ_err=  +2.69°  effort= 1302.9
Starting simulation from state: [ 2.55343152e+00  6.63726626e+00  2.65250324e-01 -4.22294649e-01
 -1.29461143e+00  4.77952795e-03]
Initial V(x, tMax): 1.0161
Collision detected at t=4.60s
  [ 56/500] COLLISION  t=   4.6s  θ_err=-136.23°  effort=  133.1
Starting simulation from state: [-1.11506610e+01  1.06354515e+00  2.73460881e-01 -4.29257424e-03
 -5.05233127e-01  1.80138471e-01]
Initial V(x, tMax): 1.0162
Collision detected at t=14.70s
  [ 57/500] COLLISION  t=  14.7s  θ_err= +54.20°  effort=  419.2
Starting simulation from state: [ 6.69940325  0.77108002  0.70282235 -0.51616393  2.14436769 -0.33662478]
Initial V(x, tMax): 1.0162
Entered BRAT at t=20.40s, starting Phase 2
  [ 58/500] TIMEOUT    t=  60.0s  θ_err=  +5.84°  effort= 1702.3
Starting simulation from state: [-11.49953115  -7.39534752  -0.5685879   -0.30418189  -3.09063551
   0.16184926]
Initial V(x, tMax): 1.0162
Collision detected at t=19.50s
  [ 59/500] COLLISION  t=  19.5s  θ_err= -34.18°  effort=  555.2
Starting simulation from state: [ 8.40700850e+00 -9.50979241e+00 -4.34053716e-01  4.73919960e-01
 -1.27149927e+00 -5.04567494e-03]
Initial V(x, tMax): 1.0162
Collision detected at t=11.70s
  [ 60/500] COLLISION  t=  11.7s  θ_err=  -4.32°  effort=  334.2
Starting simulation from state: [-10.47949828   5.7580585    0.57465889  -0.21997346  -1.82593054
   0.41654163]
Initial V(x, tMax): 1.0162
Collision detected at t=7.50s
  [ 61/500] COLLISION  t=   7.5s  θ_err= +13.54°  effort=  215.3
Starting simulation from state: [ 8.59437979  2.05825749  0.06894383 -0.59731385 -0.29259497  0.31852667]
Initial V(x, tMax): 1.0162
Collision detected at t=20.40s
  [ 62/500] COLLISION  t=  20.4s  θ_err=  +1.62°  effort=  580.6
Starting simulation from state: [-1.08822143  7.23347721 -0.74294336 -0.48100541  2.87156071  0.13363386]
Initial V(x, tMax): 1.0162
Entered BRAT at t=21.50s, starting Phase 2
Docking successful at t=29.00s
  [ 63/500] DOCKED     t=  29.0s  θ_err=  -0.63°  effort=  824.2
Starting simulation from state: [-11.97302803  -4.51102727  -0.04813645  -0.13612506   0.38349454
   0.24333327]
Initial V(x, tMax): 1.0161
Collision detected at t=13.70s
  [ 64/500] COLLISION  t=  13.7s  θ_err= +13.24°  effort=  390.9
Starting simulation from state: [-5.13348452 -2.74220989 -0.37757485  0.43718482  0.24032652 -0.41304893]
Initial V(x, tMax): 1.0162
Entered BRAT at t=16.50s, starting Phase 2
  [ 65/500] TIMEOUT    t=  60.0s  θ_err= +26.27°  effort= 1702.3
Starting simulation from state: [-11.65760657  -3.37342088   0.61860213   0.15602743   0.67490682
  -0.14539411]
Initial V(x, tMax): 1.0162
Entered BRAT at t=29.20s, starting Phase 2
Docking successful at t=33.40s
  [ 66/500] DOCKED     t=  33.4s  θ_err=  +0.58°  effort=  948.9
Starting simulation from state: [ 4.13004001  6.56006172 -0.62828622  0.47563302  1.65775333 -0.45113524]
Initial V(x, tMax): 1.0161
Collision detected at t=14.30s
  [ 67/500] COLLISION  t=  14.3s  θ_err=-102.92°  effort=  407.9
Starting simulation from state: [ 2.09635028 -7.98889853 -0.46293157  0.18793141 -3.07468179  0.13485389]
Initial V(x, tMax): 1.0162
Entered BRAT at t=11.30s, starting Phase 2
  [ 68/500] TIMEOUT    t=  60.0s  θ_err=  +3.71°  effort= 1702.3
Starting simulation from state: [-2.99506903 -6.85873765 -0.72763243 -0.09854899 -1.49834004 -0.14877527]
Initial V(x, tMax): 1.0161
Collision detected at t=14.30s
  [ 69/500] COLLISION  t=  14.3s  θ_err= -61.99°  effort=  407.9
Starting simulation from state: [ 1.15648363e+01 -1.06761467e+01 -4.24730088e-01  6.88413054e-01
  1.19703032e-03 -2.45468211e-01]
Initial V(x, tMax): 1.0162
Collision detected at t=9.50s
  [ 70/500] COLLISION  t=   9.5s  θ_err=-111.26°  effort=  271.9
Starting simulation from state: [-5.6620906   6.15646103  0.72885097  0.32579434  0.71423053  0.06306243]
Initial V(x, tMax): 1.0162
Entered BRAT at t=29.00s, starting Phase 2
  [ 71/500] TIMEOUT    t=  60.0s  θ_err= -21.58°  effort= 1702.3
Starting simulation from state: [ 8.29177834  2.9045634   0.40090688 -0.68572999  1.43561748 -0.46092539]
Initial V(x, tMax): 1.0162
Entered BRAT at t=20.30s, starting Phase 2
Collision detected at t=27.40s
  [ 72/500] COLLISION  t=  27.4s  θ_err= +65.89°  effort=  778.9
Starting simulation from state: [-10.59206583   4.6648502   -0.24782228  -0.59809764   2.17074913
  -0.4131258 ]
Initial V(x, tMax): 1.0162
Entered BRAT at t=39.10s, starting Phase 2
  [ 73/500] TIMEOUT    t=  60.0s  θ_err= -11.24°  effort= 1702.3
Starting simulation from state: [-8.19055013 -7.93267119 -0.06002604 -0.4502769   1.76838324 -0.1909662 ]
Initial V(x, tMax): 1.0161
Collision detected at t=19.90s
  [ 74/500] COLLISION  t=  19.9s  θ_err= -14.62°  effort=  566.5
Starting simulation from state: [-3.8162591  -2.41390626  0.15551682 -0.03533312 -0.02976762  0.36507134]
Initial V(x, tMax): 1.0124
Collision detected at t=9.90s
  [ 75/500] COLLISION  t=   9.9s  θ_err= +51.97°  effort=  283.2
Starting simulation from state: [ 8.13368514 12.50121518  0.31069873 -0.67127257 -2.63186074 -0.48802364]
Initial V(x, tMax): 1.0162
Collision detected at t=42.20s
  [ 76/500] COLLISION  t=  42.2s  θ_err= -21.49°  effort= 1198.1
Starting simulation from state: [-7.89494745  3.76656696 -0.32001054  0.41443804  1.85851552 -0.07329805]
Initial V(x, tMax): 1.0162
Collision detected at t=13.40s
  [ 77/500] COLLISION  t=  13.4s  θ_err=  -0.57°  effort=  382.4
Starting simulation from state: [-5.35374084  6.34507889  0.14404777 -0.274853   -2.5652029  -0.4368714 ]
Initial V(x, tMax): 1.0162
Collision detected at t=5.90s
  [ 78/500] COLLISION  t=   5.9s  θ_err= -45.93°  effort=  169.9
Starting simulation from state: [-9.35307426 -6.91423575  0.56126114 -0.37062209  2.71613765 -0.06826991]
Initial V(x, tMax): 1.0162
Collision detected at t=28.00s
  [ 79/500] COLLISION  t=  28.0s  θ_err=  +0.03°  effort=  795.9
Starting simulation from state: [ 5.13871175 -6.33247646  0.68875564 -0.36159775  3.0345095  -0.22587802]
Initial V(x, tMax): 1.0162
Collision detected at t=16.20s
  [ 80/500] COLLISION  t=  16.2s  θ_err= -12.68°  effort=  461.7
Starting simulation from state: [10.46044003 -1.17164866 -0.39339319 -0.5737821   0.82827772 -0.32126585]
Initial V(x, tMax): 1.0161
Entered BRAT at t=23.80s, starting Phase 2
  [ 81/500] TIMEOUT    t=  60.0s  θ_err= +27.67°  effort= 1702.3
Starting simulation from state: [12.19327611  6.576612   -0.42315956  0.47418362 -1.94589153 -0.35015361]
Initial V(x, tMax): 1.0162
Collision detected at t=14.20s
  [ 82/500] COLLISION  t=  14.2s  θ_err=-123.57°  effort=  405.0
Starting simulation from state: [-8.40722572  8.70658152 -0.13763774 -0.11248654  2.58930471 -0.20427822]
Initial V(x, tMax): 1.0162
Collision detected at t=11.60s
  [ 83/500] COLLISION  t=  11.6s  θ_err= -11.61°  effort=  331.4
Starting simulation from state: [-7.222683    6.82507866  0.06090946  0.71209376 -2.04245603 -0.14851404]
Initial V(x, tMax): 1.0162
Collision detected at t=17.80s
  [ 84/500] COLLISION  t=  17.8s  θ_err= -66.63°  effort=  507.0
Starting simulation from state: [-9.5850269  -5.65427535 -0.56110608  0.4903262   2.59891883  0.04436321]
Initial V(x, tMax): 1.0162
Collision detected at t=18.00s
  [ 85/500] COLLISION  t=  18.0s  θ_err=  +0.65°  effort=  512.7
Starting simulation from state: [-10.50804991 -11.3505329   -0.11789318  -0.24896096  -0.05458586
  -0.15742789]
Initial V(x, tMax): 1.0162
Entered BRAT at t=25.80s, starting Phase 2
  [ 86/500] TIMEOUT    t=  60.0s  θ_err= +26.26°  effort= 1702.3
Starting simulation from state: [-1.20365492  7.20707527  0.46002343  0.12781662 -1.04699495  0.26629274]
Initial V(x, tMax): 1.0162
Collision detected at t=9.80s
  [ 87/500] COLLISION  t=   9.8s  θ_err= +55.92°  effort=  280.4
Starting simulation from state: [ -1.50800156 -12.10190985  -0.21157386  -0.69764909   0.2670157
  -0.18534122]
Initial V(x, tMax): 1.0162
Collision detected at t=26.20s
  [ 88/500] COLLISION  t=  26.2s  θ_err= -22.98°  effort=  744.9
Starting simulation from state: [-4.42522498 -3.05091121 -0.64144874  0.41907368  1.71239236 -0.36176914]
Initial V(x, tMax): 1.0161
Entered BRAT at t=17.10s, starting Phase 2
  [ 89/500] TIMEOUT    t=  60.0s  θ_err=  +9.86°  effort= 1702.3
Starting simulation from state: [-7.45153292 -0.60385778  0.1852421   0.296294    2.39402718  0.02949897]
Initial V(x, tMax): 1.0162
Entered BRAT at t=10.10s, starting Phase 2
  [ 90/500] TIMEOUT    t=  60.0s  θ_err= +11.48°  effort= 1702.3
Starting simulation from state: [-3.35775989 -8.84552489 -0.52291812  0.53893425 -1.40573402  0.1253927 ]
Initial V(x, tMax): 1.0162
Collision detected at t=10.30s
  [ 91/500] COLLISION  t=  10.3s  θ_err= +16.46°  effort=  294.6
Starting simulation from state: [ 8.42042416 -6.48173892  0.21354501 -0.0694853  -0.15603203 -0.19243642]
Initial V(x, tMax): 1.0162
Collision detected at t=12.90s
  [ 92/500] COLLISION  t=  12.9s  θ_err= -33.72°  effort=  368.2
Starting simulation from state: [-5.1906246   1.50363407 -0.10677447  0.57269646  0.89137326 -0.48484368]
Initial V(x, tMax): 1.0162
Collision detected at t=7.40s
  [ 93/500] COLLISION  t=   7.4s  θ_err=+165.34°  effort=  212.4
Starting simulation from state: [-5.94978713  6.67048621 -0.73847399  0.52394289 -1.87341186 -0.07742035]
Initial V(x, tMax): 1.0162
Collision detected at t=17.70s
  [ 94/500] COLLISION  t=  17.7s  θ_err= -72.36°  effort=  504.2
Starting simulation from state: [-3.57880525  7.64295053  0.59717548 -0.50832982  1.02325187 -0.32154997]
Initial V(x, tMax): 1.0162
Collision detected at t=5.30s
  [ 95/500] COLLISION  t=   5.3s  θ_err= -96.32°  effort=  152.9
Starting simulation from state: [ 6.7571842   1.54226948  0.71703086 -0.31461793  2.71244446  0.318539  ]
Initial V(x, tMax): 1.0161
Collision detected at t=27.40s
  [ 96/500] COLLISION  t=  27.4s  θ_err= -24.46°  effort=  778.9
Starting simulation from state: [-2.15013899 -7.17289603 -0.1546554  -0.2501933   2.77120751 -0.03886705]
Initial V(x, tMax): 1.0162
Collision detected at t=17.10s
  [ 97/500] COLLISION  t=  17.1s  θ_err=  -7.95°  effort=  487.2
Starting simulation from state: [-0.3094154   3.93009205  0.45973487  0.12570032 -0.84662277 -0.13988254]
Initial V(x, tMax): 1.0162
Collision detected at t=37.10s
  [ 98/500] COLLISION  t=  37.1s  θ_err=  -1.43°  effort= 1053.7
Starting simulation from state: [11.55021032  2.14998703  0.68222105  0.39124873 -2.63546523  0.13456777]
Initial V(x, tMax): 1.0162
Entered BRAT at t=25.50s, starting Phase 2
Docking successful at t=43.20s
  [ 99/500] DOCKED     t=  43.2s  θ_err=  +0.36°  effort= 1226.4
Starting simulation from state: [ 1.15082558 10.27126308 -0.11987454  0.44940961 -2.38066949 -0.35613488]
Initial V(x, tMax): 1.0162
Collision detected at t=17.10s
  [100/500] COLLISION  t=  17.1s  θ_err= -95.51°  effort=  487.2
Starting simulation from state: [-11.81220259   2.52397312  -0.35513463   0.68582211  -2.94544198
  -0.11303512]
Initial V(x, tMax): 1.0162
Collision detected at t=17.00s
  [101/500] COLLISION  t=  17.0s  θ_err= -13.37°  effort=  484.3
Starting simulation from state: [-3.40119604 -6.14098033 -0.20267555  0.46210972 -2.43515517 -0.29418741]
Initial V(x, tMax): 1.0162
Entered BRAT at t=10.90s, starting Phase 2
  [102/500] TIMEOUT    t=  60.0s  θ_err=  -2.37°  effort= 1702.3
Starting simulation from state: [ 5.87996717  7.78813797  0.04959134 -0.20196455 -0.13501906 -0.40918356]
Initial V(x, tMax): 1.0162
Collision detected at t=8.30s
  [103/500] COLLISION  t=   8.3s  θ_err=+132.31°  effort=  237.9
Starting simulation from state: [-10.21569416   7.64609968  -0.64940116  -0.12516662   1.73653447
  -0.16350209]
Initial V(x, tMax): 1.0162
Entered BRAT at t=46.10s, starting Phase 2
  [104/500] TIMEOUT    t=  60.0s  θ_err=  +0.40°  effort= 1702.3
Starting simulation from state: [ 6.83418656  0.57621743 -0.51429531 -0.29138747  0.35239411 -0.29275916]
Initial V(x, tMax): 1.0162
Collision detected at t=14.90s
  [105/500] COLLISION  t=  14.9s  θ_err= -35.51°  effort=  424.9
Starting simulation from state: [11.43683803  7.5315257   0.64719018 -0.73286251 -0.95143535 -0.45544678]
Initial V(x, tMax): 1.0162
Entered BRAT at t=47.90s, starting Phase 2
  [106/500] TIMEOUT    t=  60.0s  θ_err=  +5.88°  effort= 1702.3
Starting simulation from state: [ 3.68473536 -7.20937927  0.15472768  0.31568874 -0.81942262 -0.42098287]
Initial V(x, tMax): 1.0162
Collision detected at t=13.90s
  [107/500] COLLISION  t=  13.9s  θ_err= -55.73°  effort=  396.5
Starting simulation from state: [-1.18686317  5.11564682  0.46907805  0.74515653  2.92815793  0.41077079]
Initial V(x, tMax): 1.0161
Collision detected at t=17.00s
  [108/500] COLLISION  t=  17.0s  θ_err=  -2.04°  effort=  484.3
Starting simulation from state: [-5.99470753e+00  2.35824260e+00  3.04288066e-01  7.23970920e-01
 -1.38667343e+00 -1.53819716e-03]
Initial V(x, tMax): 1.0162
Collision detected at t=14.60s
  [109/500] COLLISION  t=  14.6s  θ_err= +22.35°  effort=  416.4
Starting simulation from state: [-5.94909911  2.86416783 -0.55377612  0.21809723  2.41468329  0.09984892]
Initial V(x, tMax): 1.0162
Entered BRAT at t=19.60s, starting Phase 2
  [110/500] TIMEOUT    t=  60.0s  θ_err= +19.82°  effort= 1702.3
Starting simulation from state: [ -0.28784345 -11.44338847  -0.07134301   0.68056961   1.45323193
  -0.38787987]
Initial V(x, tMax): 1.0161
Collision detected at t=9.70s
  [111/500] COLLISION  t=   9.7s  θ_err=-102.26°  effort=  277.6
Starting simulation from state: [ 3.94869732  7.0255505   0.29254383  0.36998213 -0.95074142  0.16238291]
Initial V(x, tMax): 1.0162
Collision detected at t=12.80s
  [112/500] COLLISION  t=  12.8s  θ_err= +59.70°  effort=  365.4
Starting simulation from state: [-8.7830267   8.29870757 -0.39948753  0.3590783  -1.26867963  0.43459809]
Initial V(x, tMax): 1.0162
Collision detected at t=15.10s
  [113/500] COLLISION  t=  15.1s  θ_err=+158.21°  effort=  430.5
Starting simulation from state: [ 5.27012161  0.79603053  0.61288107  0.5723128  -0.03841865  0.07072171]
Initial V(x, tMax): 1.0162
Entered BRAT at t=18.40s, starting Phase 2
  [114/500] TIMEOUT    t=  60.0s  θ_err=  +6.17°  effort= 1702.3
Starting simulation from state: [12.83974045 -4.37483036 -0.25964806 -0.69776489  2.30738272 -0.20305379]
Initial V(x, tMax): 1.0162
Entered BRAT at t=29.40s, starting Phase 2
  [115/500] TIMEOUT    t=  60.0s  θ_err=  +4.84°  effort= 1702.3
Starting simulation from state: [ 6.15503517  0.08186241 -0.01639589  0.12361023 -0.93868782 -0.17359418]
Initial V(x, tMax): 1.0161
Entered BRAT at t=14.50s, starting Phase 2
  [116/500] TIMEOUT    t=  60.0s  θ_err= -26.69°  effort= 1702.3
Starting simulation from state: [ 9.98545123  2.75621648 -0.4829921   0.44463842 -1.47683294  0.33313083]
Initial V(x, tMax): 1.0162
Collision detected at t=8.10s
  [117/500] COLLISION  t=   8.1s  θ_err= +37.48°  effort=  232.3
Starting simulation from state: [-8.30679671  6.41521572 -0.3118318  -0.6580186  -1.69465765 -0.30830558]
Initial V(x, tMax): 1.0162
Collision detected at t=30.80s
  [118/500] COLLISION  t=  30.8s  θ_err= +38.84°  effort=  875.2
Starting simulation from state: [-3.21734497 -1.88839409 -0.52189415 -0.26907303 -0.58290844  0.03727797]
Initial V(x, tMax): 1.0161
Entered BRAT at t=13.80s, starting Phase 2
Docking successful at t=19.20s
  [119/500] DOCKED     t=  19.2s  θ_err=  +1.10°  effort=  546.7
Starting simulation from state: [ 9.36618497  2.99047331  0.41625831  0.48536225 -1.55508147 -0.3148058 ]
Initial V(x, tMax): 1.0161
Collision detected at t=31.70s
  [120/500] COLLISION  t=  31.7s  θ_err= +44.24°  effort=  900.7
Starting simulation from state: [ -5.63640172 -12.76837155   0.54010743   0.48162975   2.25623952
  -0.22063733]
Initial V(x, tMax): 1.0162
Collision detected at t=14.50s
  [121/500] COLLISION  t=  14.5s  θ_err= +41.56°  effort=  413.5
Starting simulation from state: [ -5.45823724 -12.83509635   0.17820652  -0.21571977   1.42827986
   0.33256135]
Initial V(x, tMax): 1.0162
Collision detected at t=21.70s
  [122/500] COLLISION  t=  21.7s  θ_err=  -3.24°  effort=  617.5
Starting simulation from state: [-1.58360044e+00  1.22788696e+01 -7.49007214e-03  1.57008145e-01
 -1.62401540e+00  3.51486916e-01]
Initial V(x, tMax): 1.0162
Collision detected at t=14.80s
  [123/500] COLLISION  t=  14.8s  θ_err=+125.63°  effort=  422.0
Starting simulation from state: [-8.10770973 -1.02092703  0.05558251  0.18821267 -2.57356494  0.21898273]
Initial V(x, tMax): 1.0162
Entered BRAT at t=15.00s, starting Phase 2
Collision detected at t=22.20s
  [124/500] COLLISION  t=  22.2s  θ_err= -76.60°  effort=  631.6
Starting simulation from state: [-0.92671449 -3.23151678 -0.52712909 -0.46109191 -1.04756192  0.45214366]
Initial V(x, tMax): 1.0162
Collision detected at t=16.50s
  [125/500] COLLISION  t=  16.5s  θ_err=-166.27°  effort=  470.2
Starting simulation from state: [-10.83230634  -4.40981808  -0.70984434   0.21911922   0.46203778
  -0.28722577]
Initial V(x, tMax): 1.0162
Entered BRAT at t=44.80s, starting Phase 2
  [126/500] TIMEOUT    t=  60.0s  θ_err=  -0.73°  effort= 1702.3
Starting simulation from state: [-10.82158177   8.17750435  -0.46427555  -0.28740887  -2.91942109
  -0.49125836]
Initial V(x, tMax): 1.0162
Collision detected at t=40.00s
  [127/500] COLLISION  t=  40.0s  θ_err=  -5.65°  effort= 1135.8
Starting simulation from state: [ 3.37652251 -3.14604426 -0.14336555 -0.48911113  2.18147933  0.43988617]
Initial V(x, tMax): 1.0155
Collision detected at t=14.70s
  [128/500] COLLISION  t=  14.7s  θ_err=+128.80°  effort=  419.2
Starting simulation from state: [-10.26911586   3.23780939  -0.62051286  -0.39677628   1.04898098
   0.49156221]
Initial V(x, tMax): 1.0162
Entered BRAT at t=22.80s, starting Phase 2
Docking successful at t=41.70s
  [129/500] DOCKED     t=  41.7s  θ_err=  +0.05°  effort= 1183.9
Starting simulation from state: [ 1.24576705 -3.24647409  0.25901285 -0.41604645 -2.11809823  0.03847729]
Initial V(x, tMax): 1.0161
Entered BRAT at t=11.30s, starting Phase 2
  [130/500] TIMEOUT    t=  60.0s  θ_err=  +5.88°  effort= 1702.3
Starting simulation from state: [-0.24058727  6.07060499 -0.03418128 -0.49829513 -1.69868079 -0.49837207]
Initial V(x, tMax): 1.0161
Collision detected at t=3.60s
  [131/500] COLLISION  t=   3.6s  θ_err= +56.93°  effort=  104.8
Starting simulation from state: [ -3.40026878 -10.06585216   0.34187561   0.23122392   0.61790963
   0.41732363]
Initial V(x, tMax): 1.0162
Collision detected at t=14.50s
  [132/500] COLLISION  t=  14.5s  θ_err= +45.06°  effort=  413.5
Starting simulation from state: [-1.36831331 -3.94824915  0.28518671 -0.17413016  2.28119012  0.27884608]
Initial V(x, tMax): 1.0055
Entered BRAT at t=13.80s, starting Phase 2
Collision detected at t=22.70s
  [133/500] COLLISION  t=  22.7s  θ_err= -52.08°  effort=  645.8
Starting simulation from state: [-6.46080673  6.21225747 -0.57793034  0.48011095  2.4875372   0.2439971 ]
Initial V(x, tMax): 1.0162
Collision detected at t=15.60s
  [134/500] COLLISION  t=  15.6s  θ_err= -12.18°  effort=  444.7
Starting simulation from state: [ 3.70344727 -8.71077534  0.1711282  -0.64783813  0.96038167 -0.29043422]
Initial V(x, tMax): 1.0162
Collision detected at t=22.80s
  [135/500] COLLISION  t=  22.8s  θ_err= +12.79°  effort=  648.6
Starting simulation from state: [ 1.01051748  9.82273123 -0.33966347  0.07064792 -1.22892831  0.07712617]
Initial V(x, tMax): 1.0162
Collision detected at t=11.90s
  [136/500] COLLISION  t=  11.9s  θ_err= +32.77°  effort=  339.9
Starting simulation from state: [-10.22994434   9.45780319  -0.50151717   0.02482103  -0.15259329
  -0.42592072]
Initial V(x, tMax): 1.0162
Collision detected at t=39.20s
  [137/500] COLLISION  t=  39.2s  θ_err= +17.96°  effort= 1113.1
Starting simulation from state: [ 9.17042521  4.31824994 -0.42794557 -0.32421228 -0.32390472 -0.06511351]
Initial V(x, tMax): 1.0162
Collision detected at t=31.10s
  [138/500] COLLISION  t=  31.1s  θ_err= +67.93°  effort=  883.7
Starting simulation from state: [10.07628519 -8.57601345  0.03980556 -0.55726717  0.53100455  0.37626876]
Initial V(x, tMax): 1.0162
Collision detected at t=32.10s
  [139/500] COLLISION  t=  32.1s  θ_err=  +1.34°  effort=  912.0
Starting simulation from state: [-6.6649364  -5.57429807 -0.2676657   0.56621898  2.46248013 -0.29996041]
Initial V(x, tMax): 1.0162
Collision detected at t=10.90s
  [140/500] COLLISION  t=  10.9s  θ_err= -27.59°  effort=  311.6
Starting simulation from state: [ 9.7498907   3.7110762   0.73284889  0.19735863  0.47946925 -0.17558231]
Initial V(x, tMax): 1.0161
Entered BRAT at t=24.00s, starting Phase 2
  [141/500] TIMEOUT    t=  60.0s  θ_err=  +5.90°  effort= 1702.3
Starting simulation from state: [ 10.05876435 -12.23842149  -0.55859875   0.20695087   0.69985974
   0.03438182]
Initial V(x, tMax): 1.0162
Entered BRAT at t=32.20s, starting Phase 2
Docking successful at t=37.40s
  [142/500] DOCKED     t=  37.4s  θ_err=  +1.68°  effort= 1062.2
Starting simulation from state: [ 4.73403268  5.77993963 -0.55923356 -0.05110118  2.51712019 -0.24513737]
Initial V(x, tMax): 1.0161
Collision detected at t=7.40s
  [143/500] COLLISION  t=   7.4s  θ_err= -30.66°  effort=  212.4
Starting simulation from state: [-5.82819648 -7.40121326  0.69718086  0.73254026 -3.05661501  0.25581886]
Initial V(x, tMax): 1.0162
Collision detected at t=6.70s
  [144/500] COLLISION  t=   6.7s  θ_err=+136.07°  effort=  192.6
Starting simulation from state: [ 1.03589046e+01 -6.71316494e+00 -4.25633449e-03  4.27401116e-01
  2.03184793e+00 -2.18684455e-01]
Initial V(x, tMax): 1.0162
Collision detected at t=12.00s
  [145/500] COLLISION  t=  12.0s  θ_err=  +0.49°  effort=  342.7
Starting simulation from state: [ 8.64535288 -0.95446958 -0.68542071 -0.38693514  2.25971357 -0.26409118]
Initial V(x, tMax): 1.0161
Entered BRAT at t=8.80s, starting Phase 2
  [146/500] TIMEOUT    t=  60.0s  θ_err=  +5.78°  effort= 1702.3
Starting simulation from state: [ 8.36062247 -7.52963367  0.18516398  0.57555587 -2.52429098  0.33155723]
Initial V(x, tMax): 1.0162
Collision detected at t=12.10s
  [147/500] COLLISION  t=  12.1s  θ_err= -24.73°  effort=  345.6
Starting simulation from state: [ 4.36006814e+00 -1.29506504e+01  6.80395756e-01  2.26466612e-03
  2.79823383e+00 -1.65336648e-01]
Initial V(x, tMax): 1.0162
Collision detected at t=16.90s
  [148/500] COLLISION  t=  16.9s  θ_err=  +0.99°  effort=  481.5
Starting simulation from state: [-9.0449229  -6.47863661 -0.310502    0.12472625  0.62906609  0.2745831 ]
Initial V(x, tMax): 1.0162
Collision detected at t=14.20s
  [149/500] COLLISION  t=  14.2s  θ_err=  +2.70°  effort=  405.0
Starting simulation from state: [-8.46002824  6.30210959  0.01923327  0.7369351   0.09399199 -0.28782848]
Initial V(x, tMax): 1.0162
Collision detected at t=17.80s
  [150/500] COLLISION  t=  17.8s  θ_err= +11.34°  effort=  507.0
Starting simulation from state: [ 1.53287703 -8.6136361   0.15244113 -0.4782486  -2.55207767  0.22245092]
Initial V(x, tMax): 1.0162
Collision detected at t=20.30s
  [151/500] COLLISION  t=  20.3s  θ_err= -32.93°  effort=  577.8
Starting simulation from state: [ 2.88997611 -4.8720382   0.17198164 -0.05909969 -0.19155772 -0.09079974]
Initial V(x, tMax): 1.0161
Entered BRAT at t=10.10s, starting Phase 2
  [152/500] TIMEOUT    t=  60.0s  θ_err= +26.42°  effort= 1702.3
Starting simulation from state: [12.79105509  7.18125214 -0.59831343  0.7198299  -1.73994255  0.45878637]
Initial V(x, tMax): 1.0162
  [153/500] TIMEOUT    t=  60.0s  θ_err= +26.41°  effort= 1702.3
Starting simulation from state: [ 8.90682404 -2.39264197  0.02511003  0.49858612  2.59219251  0.06461284]
Initial V(x, tMax): 1.0162
Entered BRAT at t=13.50s, starting Phase 2
  [154/500] TIMEOUT    t=  60.0s  θ_err=  +5.70°  effort= 1702.3
Starting simulation from state: [ 1.98844051 -1.69819557 -0.33415648 -0.10906697  1.81525763  0.10373975]
Initial V(x, tMax): 0.6787
Entered BRAT at t=2.90s, starting Phase 2
Docking successful at t=11.90s
  [155/500] DOCKED     t=  11.9s  θ_err=  +1.28°  effort=  339.9
Starting simulation from state: [ 9.44637195  0.84887466  0.05919182 -0.16934465  0.49369685 -0.04095646]
Initial V(x, tMax): 1.0162
Entered BRAT at t=14.30s, starting Phase 2
  [156/500] TIMEOUT    t=  60.0s  θ_err=  +6.25°  effort= 1702.3
Starting simulation from state: [ 4.85171056  0.82998301 -0.15786571  0.11900681  1.05799581  0.22197332]
Initial V(x, tMax): 1.0161
Collision detected at t=3.80s
  [157/500] COLLISION  t=   3.8s  θ_err=  +6.39°  effort=  110.5
Starting simulation from state: [-9.82531204 12.78545352 -0.36321473 -0.15462283  0.26801037  0.18717806]
Initial V(x, tMax): 1.0162
Collision detected at t=45.40s
  [158/500] COLLISION  t=  45.4s  θ_err=  -3.81°  effort= 1288.7
Starting simulation from state: [-9.10881212 11.06685006 -0.72046498 -0.24836126 -0.2436861   0.43860426]
Initial V(x, tMax): 1.0162
Collision detected at t=42.80s
  [159/500] COLLISION  t=  42.8s  θ_err=  +4.43°  effort= 1215.1
Starting simulation from state: [-2.42610404 -8.01796151 -0.21843145  0.17078045 -0.20970446  0.27615665]
Initial V(x, tMax): 1.0162
Collision detected at t=11.90s
  [160/500] COLLISION  t=  11.9s  θ_err= +60.77°  effort=  339.9
Starting simulation from state: [  8.93124821 -12.17032271  -0.71316088  -0.10013767  -0.05903689
   0.25609738]
Initial V(x, tMax): 1.0162
Collision detected at t=33.80s
  [161/500] COLLISION  t=  33.8s  θ_err=  -7.66°  effort=  960.2
Starting simulation from state: [ 1.95991172 10.84557196  0.36455477  0.13796921 -2.0439494  -0.24484817]
Initial V(x, tMax): 1.0162
Collision detected at t=13.70s
  [162/500] COLLISION  t=  13.7s  θ_err= -88.91°  effort=  390.9
Starting simulation from state: [ 0.33237355 10.0040946  -0.2023323   0.74342522 -0.76198775  0.46704883]
Initial V(x, tMax): 1.0162
Collision detected at t=21.10s
  [163/500] COLLISION  t=  21.1s  θ_err=+106.86°  effort=  600.5
Starting simulation from state: [  5.49640015 -10.29066667  -0.19378871  -0.43788969   1.41966024
  -0.09717059]
Initial V(x, tMax): 1.0162
Collision detected at t=22.10s
  [164/500] COLLISION  t=  22.1s  θ_err=  -6.86°  effort=  628.8
Starting simulation from state: [-7.11726359e+00 -3.35890263e+00  3.21035214e-01 -3.77592102e-03
 -3.93680908e-01  3.50328152e-01]
Initial V(x, tMax): 1.0162
Entered BRAT at t=27.40s, starting Phase 2
Docking successful at t=31.60s
  [165/500] DOCKED     t=  31.6s  θ_err=  -0.28°  effort=  897.9
Starting simulation from state: [  5.44540979 -11.23898756  -0.22365496  -0.35352276  -1.91591258
   0.06403668]
Initial V(x, tMax): 1.0162
Collision detected at t=20.40s
  [166/500] COLLISION  t=  20.4s  θ_err= -68.55°  effort=  580.6
Starting simulation from state: [-5.53625234  4.89495627  0.33509706 -0.72452316  0.82967676  0.44594814]
Initial V(x, tMax): 1.0161
Collision detected at t=3.70s
  [167/500] COLLISION  t=   3.7s  θ_err= +38.00°  effort=  107.6
Starting simulation from state: [ 7.89397126 -1.99548669 -0.23943363 -0.59334849  3.10452396 -0.47375183]
Initial V(x, tMax): 1.0162
Entered BRAT at t=27.10s, starting Phase 2
Docking successful at t=36.70s
  [168/500] DOCKED     t=  36.7s  θ_err=  +1.86°  effort= 1042.3
Starting simulation from state: [-10.26690273  -7.69568394  -0.09374141  -0.74470231   1.08493637
   0.32595194]
Initial V(x, tMax): 1.0162
Collision detected at t=47.60s
  [169/500] COLLISION  t=  47.6s  θ_err=  -9.11°  effort= 1351.1
Starting simulation from state: [ 2.13848465  6.98664459 -0.57240334 -0.31610777 -2.65312652  0.13716987]
Initial V(x, tMax): 1.0162
Collision detected at t=5.80s
  [170/500] COLLISION  t=   5.8s  θ_err=+122.40°  effort=  167.1
Starting simulation from state: [ 9.44742511 12.98785893 -0.14287279  0.64087939 -0.31647532  0.23337215]
Initial V(x, tMax): 1.0162
Collision detected at t=56.70s
  [171/500] COLLISION  t=  56.7s  θ_err=  -9.54°  effort= 1608.8
Starting simulation from state: [-6.9041718  11.54073715 -0.49558754  0.06990011  0.68326602 -0.30894758]
Initial V(x, tMax): 1.0162
Collision detected at t=14.60s
  [172/500] COLLISION  t=  14.6s  θ_err= -36.53°  effort=  416.4
Starting simulation from state: [-0.99686731  6.27110888 -0.57642269  0.59310978  1.83963819 -0.3424305 ]
Initial V(x, tMax): 1.0162
Collision detected at t=15.60s
  [173/500] COLLISION  t=  15.6s  θ_err=  +5.58°  effort=  444.7
Starting simulation from state: [-12.79121096  -0.04172889  -0.5787243    0.31883294  -2.55336383
  -0.49044062]
Initial V(x, tMax): 1.0162
Entered BRAT at t=49.60s, starting Phase 2
Collision detected at t=57.90s
  [174/500] COLLISION  t=  57.9s  θ_err= -39.77°  effort= 1642.8
Starting simulation from state: [ 2.47721406  3.85437581 -0.34622684 -0.0837544  -2.88048599 -0.11055186]
Initial V(x, tMax): 1.0162
Collision detected at t=17.80s
  [175/500] COLLISION  t=  17.8s  θ_err= -26.02°  effort=  507.0
Starting simulation from state: [-1.64813973 -2.48953722  0.05942555  0.54332375 -2.29700689  0.1553179 ]
Initial V(x, tMax): 1.0160
Collision detected at t=4.70s
  [176/500] COLLISION  t=   4.7s  θ_err=+152.35°  effort=  136.0
Starting simulation from state: [-3.18509336 12.6150084  -0.57392538  0.21730735 -1.81407075  0.18574868]
Initial V(x, tMax): 1.0162
Collision detected at t=15.90s
  [177/500] COLLISION  t=  15.9s  θ_err= +67.61°  effort=  453.2
Starting simulation from state: [-0.03247178 -4.31356894 -0.65482585 -0.49649877  3.09575885  0.38499501]
Initial V(x, tMax): 1.0162
Entered BRAT at t=17.40s, starting Phase 2
  [178/500] TIMEOUT    t=  60.0s  θ_err= -28.20°  effort= 1702.3
Starting simulation from state: [-11.25614596  -7.03554773  -0.73131812   0.01470746   2.71000051
  -0.37017406]
Initial V(x, tMax): 1.0162
Collision detected at t=21.70s
  [179/500] COLLISION  t=  21.7s  θ_err= +10.18°  effort=  617.5
Starting simulation from state: [-5.77988756  0.2105513  -0.58630408 -0.67247114 -3.05219232 -0.05094573]
Initial V(x, tMax): 1.0162
Entered BRAT at t=17.70s, starting Phase 2
  [180/500] TIMEOUT    t=  60.0s  θ_err=  +7.56°  effort= 1702.3
Starting simulation from state: [ 6.63964100e+00  1.72673786e+00  5.00297876e-01 -6.43810765e-03
  4.59772707e-01 -4.68489405e-01]
Initial V(x, tMax): 1.0161
Collision detected at t=24.70s
  [181/500] COLLISION  t=  24.7s  θ_err= -38.16°  effort=  702.4
Starting simulation from state: [-5.87048218 -0.61138105  0.55245417 -0.71307052  1.3280932   0.11940806]
Initial V(x, tMax): 1.0162
Entered BRAT at t=17.50s, starting Phase 2
Docking successful at t=26.90s
  [182/500] DOCKED     t=  26.9s  θ_err=  +0.12°  effort=  764.7
Starting simulation from state: [ 1.22090086 10.42838128 -0.11340814  0.59734855  0.37371203 -0.18273805]
Initial V(x, tMax): 1.0162
Collision detected at t=19.20s
  [183/500] COLLISION  t=  19.2s  θ_err= +23.39°  effort=  546.7
Starting simulation from state: [11.46908403  7.88966326  0.12382214 -0.21991762  2.74734516  0.23869616]
Initial V(x, tMax): 1.0162
Entered BRAT at t=33.80s, starting Phase 2
Docking successful at t=38.60s
  [184/500] DOCKED     t=  38.6s  θ_err=  -0.71°  effort= 1096.1
Starting simulation from state: [-8.97215333  3.1419022   0.14159303  0.70523212  0.08622476  0.29538616]
Initial V(x, tMax): 1.0162
Collision detected at t=13.60s
  [185/500] COLLISION  t=  13.6s  θ_err= +51.36°  effort=  388.0
Starting simulation from state: [11.00199349 11.69063971  0.57188965 -0.62708365 -2.04097192  0.41142242]
Initial V(x, tMax): 1.0162
Collision detected at t=42.70s
  [186/500] COLLISION  t=  42.7s  θ_err=  +4.44°  effort= 1212.3
Starting simulation from state: [ 5.46230873  8.58485944  0.22441448  0.06850689 -2.13372631  0.04487027]
Initial V(x, tMax): 1.0162
Collision detected at t=10.90s
  [187/500] COLLISION  t=  10.9s  θ_err= +24.01°  effort=  311.6
Starting simulation from state: [ 5.85991062  9.41050139 -0.06668736 -0.6241685   1.93697959  0.12147373]
Initial V(x, tMax): 1.0161
Collision detected at t=6.50s
  [188/500] COLLISION  t=   6.5s  θ_err= +15.12°  effort=  186.9
Starting simulation from state: [-3.8439395  11.66572412  0.14789887 -0.31111234 -0.03183555 -0.17103467]
Initial V(x, tMax): 1.0162
Collision detected at t=10.00s
  [189/500] COLLISION  t=  10.0s  θ_err= -64.05°  effort=  286.1
Starting simulation from state: [  4.96257992 -11.24676055   0.3172713    0.6943107   -3.07091403
  -0.38657911]
Initial V(x, tMax): 1.0162
Collision detected at t=9.90s
  [190/500] COLLISION  t=   9.9s  θ_err= -79.05°  effort=  283.2
Starting simulation from state: [-12.0793503    3.56251705  -0.33334161  -0.65681272  -1.96487364
  -0.22580107]
Initial V(x, tMax): 1.0162
Collision detected at t=25.80s
  [191/500] COLLISION  t=  25.8s  θ_err= +16.00°  effort=  733.6
Starting simulation from state: [ -1.33622961 -11.80729512  -0.37473253  -0.08647597   2.56477294
   0.23359648]
Initial V(x, tMax): 1.0161
Collision detected at t=18.20s
  [192/500] COLLISION  t=  18.2s  θ_err= -25.02°  effort=  518.3
Starting simulation from state: [ 1.50920604e+00 -5.88253122e+00 -4.86765410e-01 -6.99079965e-01
  2.30266660e+00 -5.54378140e-03]
Initial V(x, tMax): 1.0160
Collision detected at t=21.90s
  [193/500] COLLISION  t=  21.9s  θ_err= -12.49°  effort=  623.1
Starting simulation from state: [-11.721115     5.55908154   0.39359892   0.55523702   2.41629085
  -0.23320084]
Initial V(x, tMax): 1.0162
Collision detected at t=13.90s
  [194/500] COLLISION  t=  13.9s  θ_err=  -1.43°  effort=  396.5
Starting simulation from state: [-10.00633116  -6.45296874   0.67309341  -0.69564951  -0.89499114
  -0.0166806 ]
Initial V(x, tMax): 1.0162
Collision detected at t=30.30s
  [195/500] COLLISION  t=  30.3s  θ_err=  -0.97°  effort=  861.1
Starting simulation from state: [10.55896783 -8.56626394  0.0122055   0.61986105 -1.43529118  0.41260678]
Initial V(x, tMax): 1.0162
Collision detected at t=12.10s
  [196/500] COLLISION  t=  12.1s  θ_err=+125.93°  effort=  345.6
Starting simulation from state: [  2.19315871 -10.38787635  -0.41543435  -0.22275674  -0.60468538
  -0.16500661]
Initial V(x, tMax): 1.0162
Collision detected at t=19.00s
  [197/500] COLLISION  t=  19.0s  θ_err= +35.83°  effort=  541.0
Starting simulation from state: [  8.87731689 -10.36468486  -0.40471182   0.33542515   0.29571468
   0.12698895]
Initial V(x, tMax): 1.0162
Entered BRAT at t=12.20s, starting Phase 2
  [198/500] TIMEOUT    t=  60.0s  θ_err= +27.09°  effort= 1702.3
Starting simulation from state: [-4.75787005  3.88348439 -0.58672461 -0.22985102 -1.72399112  0.24331549]
Initial V(x, tMax): 1.0162
Entered BRAT at t=28.10s, starting Phase 2
  [199/500] TIMEOUT    t=  60.0s  θ_err= -24.12°  effort= 1702.3
Starting simulation from state: [ 0.7566281   6.25864872  0.13156024 -0.4705252   0.74922543 -0.41720233]
Initial V(x, tMax): 1.0161
Collision detected at t=4.10s
  [200/500] COLLISION  t=   4.1s  θ_err=-127.55°  effort=  119.0
Starting simulation from state: [-4.30695209 11.18823117  0.4036327  -0.33622299  2.16972337  0.39491479]
Initial V(x, tMax): 1.0162
Collision detected at t=9.40s
  [201/500] COLLISION  t=   9.4s  θ_err=+135.08°  effort=  269.1
Starting simulation from state: [ 1.54209624 -1.27399944  0.41864277 -0.568591    2.8846535   0.40271206]
Initial V(x, tMax): 1.0153
Entered BRAT at t=20.10s, starting Phase 2
Collision detected at t=28.70s
  [202/500] COLLISION  t=  28.7s  θ_err= -98.68°  effort=  815.7
Starting simulation from state: [  6.99351626 -10.80459646   0.54482241   0.50348452  -0.14813124
   0.32124305]
Initial V(x, tMax): 1.0162
Collision detected at t=30.50s
  [203/500] COLLISION  t=  30.5s  θ_err=  -3.94°  effort=  866.7
Starting simulation from state: [ 7.15947001  3.99692124 -0.65266194 -0.52355813 -2.02327958 -0.20719016]
Initial V(x, tMax): 1.0161
Collision detected at t=4.30s
  [204/500] COLLISION  t=   4.3s  θ_err= +79.75°  effort=  124.6
Starting simulation from state: [ 6.33144139 -8.66117408 -0.53531056 -0.38432125 -2.15658052  0.02359958]
Initial V(x, tMax): 1.0162
Collision detected at t=18.60s
  [205/500] COLLISION  t=  18.6s  θ_err= -60.85°  effort=  529.7
Starting simulation from state: [-12.24739118  -4.38804756   0.66978941   0.55706363  -0.32300076
   0.17791359]
Initial V(x, tMax): 1.0162
Collision detected at t=8.30s
  [206/500] COLLISION  t=   8.3s  θ_err= +23.62°  effort=  237.9
Starting simulation from state: [ 8.51118615e+00 -7.06511166e-01 -3.67601224e-03  6.63888618e-02
 -2.37686378e-01 -1.59732529e-02]
Initial V(x, tMax): 1.0162
Entered BRAT at t=14.20s, starting Phase 2
  [207/500] TIMEOUT    t=  60.0s  θ_err=  +5.67°  effort= 1702.3
Starting simulation from state: [-4.75594675  5.86794152  0.65563006 -0.42461053 -2.82101234  0.21343649]
Initial V(x, tMax): 1.0161
Collision detected at t=3.70s
  [208/500] COLLISION  t=   3.7s  θ_err=+137.84°  effort=  107.6
Starting simulation from state: [ 2.26722307 -9.27535035  0.63872535 -0.13319671 -0.72788408  0.35482487]
Initial V(x, tMax): 1.0162
Collision detected at t=16.10s
  [209/500] COLLISION  t=  16.1s  θ_err=+101.96°  effort=  458.8
Starting simulation from state: [-7.26149388 12.64291228  0.06633695  0.52436701  1.71958183 -0.41527937]
Initial V(x, tMax): 1.0162
Collision detected at t=19.70s
  [210/500] COLLISION  t=  19.7s  θ_err= +13.84°  effort=  560.8
Starting simulation from state: [-10.26310113   2.22171069   0.59678647  -0.38810136  -0.88910657
   0.30116224]
Initial V(x, tMax): 1.0162
Entered BRAT at t=31.50s, starting Phase 2
  [211/500] TIMEOUT    t=  60.0s  θ_err= -22.39°  effort= 1702.3
Starting simulation from state: [  1.10619277 -12.63259796  -0.16137149   0.33583114  -2.09828584
   0.24715303]
Initial V(x, tMax): 1.0161
Collision detected at t=16.00s
  [212/500] COLLISION  t=  16.0s  θ_err= +48.32°  effort=  456.0
Starting simulation from state: [-10.21475247  -7.15302122  -0.67555163  -0.26338776   2.4682176
  -0.39256266]
Initial V(x, tMax): 1.0162
Collision detected at t=20.20s
  [213/500] COLLISION  t=  20.2s  θ_err= +10.20°  effort=  575.0
Starting simulation from state: [ 0.5184388   3.93302786 -0.70032964 -0.03971467  0.57430192 -0.13034961]
Initial V(x, tMax): 1.0164
Collision detected at t=23.20s
  [214/500] COLLISION  t=  23.2s  θ_err=-141.81°  effort=  659.9
Starting simulation from state: [-5.60382359  1.89505471  0.13394691  0.73322489 -1.33287808  0.12311325]
Initial V(x, tMax): 1.0161
Collision detected at t=18.90s
  [215/500] COLLISION  t=  18.9s  θ_err= +49.09°  effort=  538.2
Starting simulation from state: [-2.39958554  3.95774288  0.07820022 -0.10110354 -2.01924389  0.26320493]
Initial V(x, tMax): 1.0161
Entered BRAT at t=46.40s, starting Phase 2
Docking successful at t=52.40s
  [216/500] DOCKED     t=  52.4s  θ_err=  -2.14°  effort= 1487.0
Starting simulation from state: [-1.97866092  9.59619686  0.35183542 -0.02044142  2.23162726 -0.03110153]
Initial V(x, tMax): 1.0162
Collision detected at t=10.90s
  [217/500] COLLISION  t=  10.9s  θ_err=  -1.83°  effort=  311.6
Starting simulation from state: [ 2.90711563 -6.35970589  0.74717349  0.70536803  2.94473719  0.48877516]
Initial V(x, tMax): 1.0161
Collision detected at t=15.40s
  [218/500] COLLISION  t=  15.4s  θ_err= +87.62°  effort=  439.0
Starting simulation from state: [9.84181553 0.42215198 0.51383223 0.52361671 2.34199051 0.01196163]
Initial V(x, tMax): 1.0162
Entered BRAT at t=20.50s, starting Phase 2
  [219/500] TIMEOUT    t=  60.0s  θ_err=  +6.22°  effort= 1702.3
Starting simulation from state: [ 0.05741511 -1.97777577 -0.32455238  0.32041435  2.98597961 -0.26816343]
Initial V(x, tMax): 0.7650
Entered BRAT at t=3.10s, starting Phase 2
Collision detected at t=10.30s
  [220/500] COLLISION  t=  10.3s  θ_err= -53.58°  effort=  294.6
Starting simulation from state: [-1.85984216  7.92675697 -0.10043878  0.56280584 -2.61634741 -0.15423847]
Initial V(x, tMax): 1.0162
Collision detected at t=16.50s
  [221/500] COLLISION  t=  16.5s  θ_err= -43.20°  effort=  470.2
Starting simulation from state: [ 0.46161051  7.95662275 -0.32696462  0.42417125  1.44809479 -0.00908262]
Initial V(x, tMax): 1.0162
Collision detected at t=14.70s
  [222/500] COLLISION  t=  14.7s  θ_err=  -1.40°  effort=  419.2
Starting simulation from state: [-8.8984339  -5.2069917   0.67399037 -0.33207326 -2.88468793 -0.03124075]
Initial V(x, tMax): 1.0162
Entered BRAT at t=33.30s, starting Phase 2
  [223/500] TIMEOUT    t=  60.0s  θ_err=  +0.91°  effort= 1702.3
Starting simulation from state: [  5.99021573 -12.26265275   0.37740083  -0.20488792   2.67049004
   0.38639356]
Initial V(x, tMax): 1.0162
Collision detected at t=20.40s
  [224/500] COLLISION  t=  20.4s  θ_err=  -7.73°  effort=  580.6
Starting simulation from state: [ 8.59256404  2.23356437 -0.17056716 -0.11921495  3.08471953 -0.06774816]
Initial V(x, tMax): 1.0161
Entered BRAT at t=22.70s, starting Phase 2
  [225/500] TIMEOUT    t=  60.0s  θ_err=  +6.09°  effort= 1702.3
Starting simulation from state: [ 9.91711735  1.04997913 -0.6270746   0.24869168  0.52403861 -0.25305436]
Initial V(x, tMax): 1.0161
Collision detected at t=6.70s
  [226/500] COLLISION  t=   6.7s  θ_err=-100.11°  effort=  192.6
Starting simulation from state: [-8.11864909  9.00312579 -0.2301227  -0.20930833  2.082951   -0.14647531]
Initial V(x, tMax): 1.0162
Collision detected at t=37.70s
  [227/500] COLLISION  t=  37.7s  θ_err=  -8.28°  effort= 1070.6
Starting simulation from state: [ 1.13729836e+01 -1.35693679e+00  1.03370585e-02  2.32594412e-01
  6.87213016e-01 -9.55576922e-02]
Initial V(x, tMax): 1.0162
Entered BRAT at t=15.50s, starting Phase 2
  [228/500] TIMEOUT    t=  60.0s  θ_err=  +6.30°  effort= 1702.3
Starting simulation from state: [ 1.50999041 -5.26728531 -0.01949972 -0.69293732  2.76704084  0.44144727]
Initial V(x, tMax): 1.0161
Collision detected at t=20.70s
  [229/500] COLLISION  t=  20.7s  θ_err= +41.23°  effort=  589.1
Starting simulation from state: [11.54335214 -3.87857524  0.5712575   0.51937028 -0.78189893 -0.2137235 ]
Initial V(x, tMax): 1.0162
Entered BRAT at t=37.90s, starting Phase 2
Docking successful at t=46.70s
  [230/500] DOCKED     t=  46.7s  θ_err=  +0.65°  effort= 1325.6
Starting simulation from state: [10.78192257 -6.58099749 -0.16735977  0.63658798 -2.34242759 -0.0517598 ]
Initial V(x, tMax): 1.0162
Collision detected at t=10.60s
  [231/500] COLLISION  t=  10.6s  θ_err= -15.15°  effort=  303.1
Starting simulation from state: [  0.63322155 -12.29613311   0.5683609   -0.55635458  -1.82023132
  -0.19081628]
Initial V(x, tMax): 1.0162
Collision detected at t=25.60s
  [232/500] COLLISION  t=  25.6s  θ_err=  +2.88°  effort=  727.9
Starting simulation from state: [-6.49436279 -7.16527133  0.20396223 -0.11701808 -0.20540431 -0.11714052]
Initial V(x, tMax): 1.0162
Collision detected at t=15.60s
  [233/500] COLLISION  t=  15.6s  θ_err= +44.61°  effort=  444.7
Starting simulation from state: [-3.05847390e+00 -5.09717384e+00  2.27012885e-01 -1.91346029e-02
  2.68396049e+00  4.86910159e-03]
Initial V(x, tMax): 1.0148
Collision detected at t=12.20s
  [234/500] COLLISION  t=  12.2s  θ_err= -27.16°  effort=  348.4
Starting simulation from state: [-6.20728174 -6.88731478  0.16830181 -0.14744058  2.3895967  -0.07475848]
Initial V(x, tMax): 1.0161
Collision detected at t=14.70s
  [235/500] COLLISION  t=  14.7s  θ_err=  -5.66°  effort=  419.2
Starting simulation from state: [ 5.15316871 10.71060484 -0.58778428 -0.61348288  0.23327557 -0.18838151]
Initial V(x, tMax): 1.0162
Collision detected at t=7.40s
  [236/500] COLLISION  t=   7.4s  θ_err= -86.92°  effort=  212.4
Starting simulation from state: [-0.58649732  7.03827861 -0.28031221  0.49688294 -0.82416818 -0.19990647]
Initial V(x, tMax): 1.0162
Collision detected at t=14.70s
  [237/500] COLLISION  t=  14.7s  θ_err= -28.91°  effort=  419.2
Starting simulation from state: [-1.49001323 -8.16812489  0.55486971  0.41954609 -1.58589432  0.14111077]
Initial V(x, tMax): 1.0162
Entered BRAT at t=10.00s, starting Phase 2
Collision detected at t=15.60s
  [238/500] COLLISION  t=  15.6s  θ_err= +71.60°  effort=  444.7
Starting simulation from state: [ 2.97007211  5.56617102 -0.42955506 -0.18569978  2.87246407 -0.34626146]
Initial V(x, tMax): 1.0162
Collision detected at t=6.00s
  [239/500] COLLISION  t=   6.0s  θ_err= -39.04°  effort=  172.8
Starting simulation from state: [11.16503982 -7.50433299 -0.52735531 -0.32486379 -1.816218    0.34168571]
Initial V(x, tMax): 1.0162
Collision detected at t=35.80s
  [240/500] COLLISION  t=  35.8s  θ_err= -51.17°  effort= 1016.8
Starting simulation from state: [ 1.94429652 -5.55779174 -0.59613604 -0.72656141  1.10828538 -0.40815363]
Initial V(x, tMax): 1.0161
Collision detected at t=22.30s
  [241/500] COLLISION  t=  22.3s  θ_err= +47.93°  effort=  634.5
Starting simulation from state: [  2.5474577  -10.09445199  -0.42423492   0.67661084   0.84363428
  -0.43275811]
Initial V(x, tMax): 1.0162
Collision detected at t=9.00s
  [242/500] COLLISION  t=   9.0s  θ_err=-164.40°  effort=  257.7
Starting simulation from state: [-5.22734299 10.74926512 -0.67896512 -0.22351623  2.66525432  0.40549189]
Initial V(x, tMax): 1.0162
Collision detected at t=41.30s
  [243/500] COLLISION  t=  41.3s  θ_err= +13.59°  effort= 1172.6
Starting simulation from state: [-12.14028192   9.55148707   0.69914222   0.26834939  -2.39145579
  -0.39948063]
Initial V(x, tMax): 1.0162
Entered BRAT at t=38.60s, starting Phase 2
  [244/500] TIMEOUT    t=  60.0s  θ_err= -17.56°  effort= 1702.3
Starting simulation from state: [ 8.51692904 12.34643102 -0.0764152   0.59480584 -0.36976406  0.10140974]
Initial V(x, tMax): 1.0162
Collision detected at t=52.90s
  [245/500] COLLISION  t=  52.9s  θ_err= -18.08°  effort= 1501.2
Starting simulation from state: [ 1.7205146   9.2430554   0.66292962  0.1707872   0.86116893 -0.3053916 ]
Initial V(x, tMax): 1.0162
Collision detected at t=12.50s
  [246/500] COLLISION  t=  12.5s  θ_err= -59.56°  effort=  356.9
Starting simulation from state: [-0.24774572 -8.84736193 -0.61308463  0.32450449  1.37221031 -0.24067515]
Initial V(x, tMax): 1.0163
Collision detected at t=12.20s
  [247/500] COLLISION  t=  12.2s  θ_err=  -0.14°  effort=  348.4
Starting simulation from state: [  1.45641417 -11.84754731   0.40343234  -0.37109349  -0.05365706
   0.01836747]
Initial V(x, tMax): 1.0162
Collision detected at t=21.50s
  [248/500] COLLISION  t=  21.5s  θ_err= -21.95°  effort=  611.8
Starting simulation from state: [ 7.54091398 -2.62787908 -0.57154152 -0.68465092 -2.14983051 -0.3202169 ]
Initial V(x, tMax): 1.0162
Collision detected at t=23.00s
  [249/500] COLLISION  t=  23.0s  θ_err= -63.97°  effort=  654.3
Starting simulation from state: [-8.00969993 -7.99907978  0.74434362  0.08679611  1.23015135 -0.07960704]
Initial V(x, tMax): 1.0162
Entered BRAT at t=24.70s, starting Phase 2
Docking successful at t=29.70s
  [250/500] DOCKED     t=  29.7s  θ_err=  +0.64°  effort=  844.1
Starting simulation from state: [11.87260272 -8.65117946  0.24767679 -0.42002944  0.21747303 -0.280568  ]
Initial V(x, tMax): 1.0162
Collision detected at t=20.20s
  [251/500] COLLISION  t=  20.2s  θ_err= +17.20°  effort=  575.0
Starting simulation from state: [-12.90534943  -3.80409273   0.49225126  -0.49842865   1.7470836
  -0.08578301]
Initial V(x, tMax): 1.0162
Entered BRAT at t=38.90s, starting Phase 2
  [252/500] TIMEOUT    t=  60.0s  θ_err=  +7.91°  effort= 1702.3
Starting simulation from state: [-8.52375944  0.4964939   0.67501823 -0.68560722  0.99273012  0.3710585 ]
Initial V(x, tMax): 1.0162
Collision detected at t=14.60s
  [253/500] COLLISION  t=  14.6s  θ_err=  +4.36°  effort=  416.4
Starting simulation from state: [-1.79828526 -2.70858463  0.49843327 -0.03713636 -2.7852602  -0.00654491]
Initial V(x, tMax): 1.0116
Collision detected at t=16.10s
  [254/500] COLLISION  t=  16.1s  θ_err= -48.72°  effort=  458.8
Starting simulation from state: [12.93400605 -6.06238562 -0.06702157  0.47126593  1.96882008 -0.46987996]
Initial V(x, tMax): 1.0162
Collision detected at t=13.20s
  [255/500] COLLISION  t=  13.2s  θ_err=-109.65°  effort=  376.7
Starting simulation from state: [-11.48198247 -10.92860505  -0.2788104    0.10244219   1.68974985
   0.06359877]
Initial V(x, tMax): 1.0162
Collision detected at t=15.80s
  [256/500] COLLISION  t=  15.8s  θ_err=  +1.14°  effort=  450.4
Starting simulation from state: [-5.56604287  2.77865417  0.32257909 -0.30270008  2.99208359  0.23881943]
Initial V(x, tMax): 1.0162
Collision detected at t=4.50s
  [257/500] COLLISION  t=   4.5s  θ_err=+119.80°  effort=  130.3
Starting simulation from state: [-11.95478948  -2.01820908  -0.64749947  -0.09263459  -1.75771024
   0.17862218]
Initial V(x, tMax): 1.0161
Entered BRAT at t=45.90s, starting Phase 2
  [258/500] TIMEOUT    t=  60.0s  θ_err=  -7.44°  effort= 1702.3
Starting simulation from state: [-4.50638142 -8.38914047  0.64874771  0.0785845   2.62052333  0.43669933]
Initial V(x, tMax): 1.0162
Collision detected at t=13.00s
  [259/500] COLLISION  t=  13.0s  θ_err=-142.92°  effort=  371.0
Starting simulation from state: [-6.60790424 -1.43136175 -0.38093214 -0.25160101  1.07454066  0.24744902]
Initial V(x, tMax): 1.0161
Entered BRAT at t=15.50s, starting Phase 2
  [260/500] TIMEOUT    t=  60.0s  θ_err=  +1.58°  effort= 1702.3
Starting simulation from state: [ 6.33561198 -1.07939582 -0.61725043  0.49961943 -2.20595928 -0.03473455]
Initial V(x, tMax): 1.0162
Collision detected at t=3.40s
  [261/500] COLLISION  t=   3.4s  θ_err=+122.38°  effort=   99.1
Starting simulation from state: [-5.51182305e+00 -6.56996060e+00 -2.70106092e-01 -1.27049498e-01
 -2.15519717e+00 -5.32439623e-03]
Initial V(x, tMax): 1.0161
Entered BRAT at t=13.10s, starting Phase 2
  [262/500] TIMEOUT    t=  60.0s  θ_err=  -8.21°  effort= 1702.3
Starting simulation from state: [ 5.83513984 -4.79867344  0.72818797  0.20248283 -1.53073812  0.43996747]
Initial V(x, tMax): 1.0162
Entered BRAT at t=43.40s, starting Phase 2
Docking successful at t=59.00s
  [263/500] DOCKED     t=  59.0s  θ_err=  -2.25°  effort= 1673.9
Starting simulation from state: [ 9.49563633 -6.0488626  -0.15432809 -0.15082788 -0.49239884 -0.13972659]
Initial V(x, tMax): 1.0162
Entered BRAT at t=13.30s, starting Phase 2
Collision detected at t=21.30s
  [264/500] COLLISION  t=  21.3s  θ_err= +43.25°  effort=  606.1
Starting simulation from state: [ 3.10430754 -3.79718911  0.32410587 -0.61212419 -0.32702703 -0.1830156 ]
Initial V(x, tMax): 1.0161
Collision detected at t=18.10s
  [265/500] COLLISION  t=  18.1s  θ_err= +51.86°  effort=  515.5
Starting simulation from state: [ 7.72543067 12.76378351  0.09005551 -0.0324318   1.32425841  0.40850923]
Initial V(x, tMax): 1.0162
Collision detected at t=13.30s
  [266/500] COLLISION  t=  13.3s  θ_err= +70.85°  effort=  379.5
Starting simulation from state: [ 12.88809292 -12.5209601    0.05847853   0.17811717   1.27465682
   0.4907272 ]
Initial V(x, tMax): 1.0162
Collision detected at t=14.60s
  [267/500] COLLISION  t=  14.6s  θ_err=+122.17°  effort=  416.4
Starting simulation from state: [-5.49248796 -5.7750967   0.30937661 -0.39781737 -3.1123728   0.24394532]
Initial V(x, tMax): 1.0162
Collision detected at t=16.80s
  [268/500] COLLISION  t=  16.8s  θ_err= -11.68°  effort=  478.7
Starting simulation from state: [ 5.82532818 11.99146431 -0.21453795  0.17278143  3.00737975  0.12570394]
Initial V(x, tMax): 1.0162
Collision detected at t=15.00s
  [269/500] COLLISION  t=  15.0s  θ_err= -24.09°  effort=  427.7
Starting simulation from state: [ 3.181269    9.19892521 -0.09915453  0.61535294 -2.43504161 -0.2765084 ]
Initial V(x, tMax): 1.0162
Collision detected at t=18.60s
  [270/500] COLLISION  t=  18.6s  θ_err= -56.29°  effort=  529.7
Starting simulation from state: [10.88479262 -2.74624109 -0.43260304  0.45761962  2.78325947 -0.06722504]
Initial V(x, tMax): 1.0162
Entered BRAT at t=11.70s, starting Phase 2
  [271/500] TIMEOUT    t=  60.0s  θ_err=  +6.24°  effort= 1702.3
Starting simulation from state: [ -2.75902195 -11.20548327  -0.49113927  -0.35810376  -2.56602392
   0.07885386]
Initial V(x, tMax): 1.0162
Collision detected at t=21.10s
  [272/500] COLLISION  t=  21.1s  θ_err= -38.11°  effort=  600.5
Starting simulation from state: [-5.11686853  2.11075191  0.23569302 -0.68945703  0.82667314 -0.06271902]
Initial V(x, tMax): 1.0161
Entered BRAT at t=11.60s, starting Phase 2
Docking successful at t=26.70s
  [273/500] DOCKED     t=  26.7s  θ_err=  +1.19°  effort=  759.1
Starting simulation from state: [-7.50549076  8.43735355  0.11091926 -0.29430544  0.3833864   0.34825244]
Initial V(x, tMax): 1.0162
Collision detected at t=8.30s
  [274/500] COLLISION  t=   8.3s  θ_err= +53.52°  effort=  237.9
Starting simulation from state: [-8.41370006 -9.79827938  0.21309608  0.14849454  1.19743902  0.30144882]
Initial V(x, tMax): 1.0161
Collision detected at t=16.10s
  [275/500] COLLISION  t=  16.1s  θ_err= -17.80°  effort=  458.8
Starting simulation from state: [ 8.63813571 12.08085641 -0.61982229 -0.0850071  -2.57121485  0.31410921]
Initial V(x, tMax): 1.0162
Entered BRAT at t=36.30s, starting Phase 2
  [276/500] TIMEOUT    t=  60.0s  θ_err= +29.61°  effort= 1702.3
Starting simulation from state: [-6.48350538 -8.46185216 -0.34544897  0.07455561  2.98406119  0.07285267]
Initial V(x, tMax): 1.0162
Collision detected at t=12.90s
  [277/500] COLLISION  t=  12.9s  θ_err= -17.40°  effort=  368.2
Starting simulation from state: [ 8.08402481 -6.10427626 -0.64422745 -0.13906685  2.0701396  -0.16847397]
Initial V(x, tMax): 1.0162
Entered BRAT at t=11.00s, starting Phase 2
  [278/500] TIMEOUT    t=  60.0s  θ_err=  +4.41°  effort= 1702.3
Starting simulation from state: [ 9.56487533  9.63712327  0.74529225  0.456043   -1.45412041 -0.03789266]
Initial V(x, tMax): 1.0162
Collision detected at t=49.70s
  [279/500] COLLISION  t=  49.7s  θ_err=  -6.32°  effort= 1410.5
Starting simulation from state: [-11.81721741   5.1596073    0.44002929  -0.56757938   1.18313229
  -0.02260743]
Initial V(x, tMax): 1.0162
Collision detected at t=29.90s
  [280/500] COLLISION  t=  29.9s  θ_err=  +0.35°  effort=  849.7
Starting simulation from state: [-12.35824844  -3.81936773  -0.08153446   0.21564173   0.80881933
  -0.40430143]
Initial V(x, tMax): 1.0162
Collision detected at t=24.00s
  [281/500] COLLISION  t=  24.0s  θ_err= +49.30°  effort=  682.6
Starting simulation from state: [-8.32785963  8.88704869  0.11096188  0.21912898 -3.12877411 -0.35572413]
Initial V(x, tMax): 1.0162
Collision detected at t=12.70s
  [282/500] COLLISION  t=  12.7s  θ_err= -79.13°  effort=  362.5
Starting simulation from state: [-11.66529532 -12.68827132   0.69901265  -0.67582717  -1.41876127
   0.02581945]
Initial V(x, tMax): 1.0162
Collision detected at t=53.20s
  [283/500] COLLISION  t=  53.2s  θ_err=  -5.80°  effort= 1509.7
Starting simulation from state: [  7.64014611 -10.83541455  -0.29593262  -0.03924252  -1.19857894
   0.40654249]
Initial V(x, tMax): 1.0162
Collision detected at t=15.60s
  [284/500] COLLISION  t=  15.6s  θ_err=+146.07°  effort=  444.7
Starting simulation from state: [ 0.71279235 12.46028125 -0.13486158  0.04978364 -0.14788649  0.4792466 ]
Initial V(x, tMax): 1.0162
Collision detected at t=13.90s
  [285/500] COLLISION  t=  13.9s  θ_err=+125.49°  effort=  396.5
Starting simulation from state: [-1.76913203 11.72968836  0.19328264  0.41084795 -1.70393823  0.40863728]
Initial V(x, tMax): 1.0161
Collision detected at t=17.50s
  [286/500] COLLISION  t=  17.5s  θ_err=+148.13°  effort=  498.5
Starting simulation from state: [ 9.51479807 -0.81592903  0.52589226  0.57353272 -1.65363717 -0.38239863]
Initial V(x, tMax): 1.0162
Collision detected at t=27.50s
  [287/500] COLLISION  t=  27.5s  θ_err=  -1.92°  effort=  781.7
Starting simulation from state: [ 5.74200225  1.43945628 -0.21975574 -0.00775661  2.13866106 -0.46208789]
Initial V(x, tMax): 1.0161
Collision detected at t=4.70s
  [288/500] COLLISION  t=   4.7s  θ_err= -64.03°  effort=  136.0
Starting simulation from state: [ 6.12892882  4.03238251 -0.50420437 -0.74900943  0.06933503 -0.13781529]
Initial V(x, tMax): 1.0162
Collision detected at t=3.80s
  [289/500] COLLISION  t=   3.8s  θ_err=-101.98°  effort=  110.5
Starting simulation from state: [  1.15263333 -11.32901316  -0.2626661   -0.34163988   2.87894064
   0.02480188]
Initial V(x, tMax): 1.0161
Collision detected at t=21.60s
  [290/500] COLLISION  t=  21.6s  θ_err=  -1.82°  effort=  614.6
Starting simulation from state: [-2.02666405 -6.34374277  0.2990752   0.23406937 -1.69873949  0.19396988]
Initial V(x, tMax): 1.0162
Entered BRAT at t=9.40s, starting Phase 2
  [291/500] TIMEOUT    t=  60.0s  θ_err= -23.56°  effort= 1702.3
Starting simulation from state: [-4.01309766 -1.67048096  0.50254038 -0.44732967  0.64149977 -0.31664684]
Initial V(x, tMax): 1.0157
Collision detected at t=16.70s
  [292/500] COLLISION  t=  16.7s  θ_err=  -5.03°  effort=  475.8
Starting simulation from state: [ 5.7368574  -9.85498975  0.66537699 -0.23292978  2.7818819  -0.02946627]
Initial V(x, tMax): 1.0162
Collision detected at t=16.90s
  [293/500] COLLISION  t=  16.9s  θ_err=  -0.86°  effort=  481.5
Starting simulation from state: [-2.46494069 -8.80899971 -0.04486715 -0.68812383  0.19401017  0.22980794]
Initial V(x, tMax): 1.0162
Collision detected at t=24.40s
  [294/500] COLLISION  t=  24.4s  θ_err=  -9.97°  effort=  693.9
Starting simulation from state: [-10.09902846 -11.47703369   0.01734802  -0.21012765  -3.11746167
  -0.27544484]
Initial V(x, tMax): 1.0162
Entered BRAT at t=37.80s, starting Phase 2
  [295/500] TIMEOUT    t=  60.0s  θ_err=  +7.61°  effort= 1702.3
Starting simulation from state: [-2.95662351 -0.94596771 -0.05399611 -0.01687579 -2.53123167  0.15054993]
Initial V(x, tMax): 1.0163
Entered BRAT at t=12.80s, starting Phase 2
Collision detected at t=19.90s
  [296/500] COLLISION  t=  19.9s  θ_err= -56.47°  effort=  566.5
Starting simulation from state: [-1.25054136  4.5199923  -0.6179967   0.70300484  0.99062972 -0.24390434]
Initial V(x, tMax): 1.0161
Collision detected at t=15.80s
  [297/500] COLLISION  t=  15.8s  θ_err= +12.38°  effort=  450.4
Starting simulation from state: [ 1.74202041 -6.55966122 -0.34931923 -0.55892538 -2.21478188 -0.13857959]
Initial V(x, tMax): 1.0161
Collision detected at t=19.00s
  [298/500] COLLISION  t=  19.0s  θ_err= -51.56°  effort=  541.0
Starting simulation from state: [ -9.16905811 -12.75009912   0.42595951   0.29711243  -2.49253611
   0.05941273]
Initial V(x, tMax): 1.0162
Entered BRAT at t=30.30s, starting Phase 2
  [299/500] TIMEOUT    t=  60.0s  θ_err= -24.14°  effort= 1702.3
Starting simulation from state: [12.72702413 -3.47455781  0.65925419 -0.03149778  2.93897859 -0.07011806]
Initial V(x, tMax): 1.0162
Entered BRAT at t=45.60s, starting Phase 2
Docking successful at t=51.30s
  [300/500] DOCKED     t=  51.3s  θ_err=  +0.18°  effort= 1455.9
Starting simulation from state: [ 1.23203567  6.2688227  -0.00943912  0.31191583 -0.46406747 -0.35472368]
Initial V(x, tMax): 1.0162
Collision detected at t=11.10s
  [301/500] COLLISION  t=  11.1s  θ_err= +59.04°  effort=  317.2
Starting simulation from state: [ 5.51599386 10.25375186 -0.50912246 -0.04788767  2.46271776  0.07456527]
Initial V(x, tMax): 1.0162
Collision detected at t=11.30s
  [302/500] COLLISION  t=  11.3s  θ_err= -10.87°  effort=  322.9
Starting simulation from state: [-0.86598459  6.10935538 -0.58446801  0.37020065  1.16743111  0.0141333 ]
Initial V(x, tMax): 1.0162
Collision detected at t=11.90s
  [303/500] COLLISION  t=  11.9s  θ_err=  -3.19°  effort=  339.9
Starting simulation from state: [12.6346306  10.01472152  0.16089422 -0.31501799 -0.78834318  0.32238605]
Initial V(x, tMax): 1.0162
Collision detected at t=39.10s
  [304/500] COLLISION  t=  39.1s  θ_err=  +0.62°  effort= 1110.3
Starting simulation from state: [-0.3596296  -7.60186803 -0.34652098 -0.20506075  0.40986618  0.01176373]
Initial V(x, tMax): 1.0161
Collision detected at t=15.70s
  [305/500] COLLISION  t=  15.7s  θ_err=  -9.01°  effort=  447.5
Starting simulation from state: [-9.29669633  3.25721264 -0.24003444 -0.53220181  2.28541267 -0.43544937]
Initial V(x, tMax): 1.0161
Entered BRAT at t=18.30s, starting Phase 2
  [306/500] TIMEOUT    t=  60.0s  θ_err=  +6.17°  effort= 1702.3
Starting simulation from state: [ 3.13458552  5.10963109  0.56019422  0.28032932 -2.15046834 -0.19236531]
Initial V(x, tMax): 1.0162
Collision detected at t=10.90s
  [307/500] COLLISION  t=  10.9s  θ_err= -91.23°  effort=  311.6
Starting simulation from state: [-2.93972251 -4.15792154  0.3029018  -0.29000026  1.66402617 -0.45967301]
Initial V(x, tMax): 1.0142
Collision detected at t=13.80s
  [308/500] COLLISION  t=  13.8s  θ_err=-114.39°  effort=  393.7
Starting simulation from state: [-4.37987566 -3.20097416 -0.59824898  0.43904948  2.65820472  0.02574975]
Initial V(x, tMax): 1.0160
Entered BRAT at t=16.80s, starting Phase 2
Docking successful at t=23.90s
  [309/500] DOCKED     t=  23.9s  θ_err=  +1.94°  effort=  679.8
Starting simulation from state: [ 7.02096373 -1.04929231  0.50531304 -0.63664279 -2.0572477  -0.34935058]
Initial V(x, tMax): 1.0162
Entered BRAT at t=25.90s, starting Phase 2
  [310/500] TIMEOUT    t=  60.0s  θ_err= -29.38°  effort= 1702.3
Starting simulation from state: [-9.79328832 -2.23031828  0.04212387 -0.71449429 -2.03007405  0.49401905]
Initial V(x, tMax): 1.0162
Entered BRAT at t=43.50s, starting Phase 2
  [311/500] TIMEOUT    t=  60.0s  θ_err=  -1.74°  effort= 1702.3
Starting simulation from state: [6.32505429 0.80773143 0.22294278 0.58664805 3.07641931 0.44428815]
Initial V(x, tMax): 1.0162
Collision detected at t=10.10s
  [312/500] COLLISION  t=  10.1s  θ_err= -78.46°  effort=  288.9
Starting simulation from state: [-7.07273074 -6.94775033 -0.049256    0.60117056  2.3069094  -0.01660864]
Initial V(x, tMax): 1.0161
Collision detected at t=9.00s
  [313/500] COLLISION  t=   9.0s  θ_err=  -3.70°  effort=  257.7
Starting simulation from state: [ 9.44502272e+00  8.78317631e+00  1.99485887e-01  4.79757831e-03
 -1.85954273e+00 -3.81990125e-01]
Initial V(x, tMax): 1.0162
Collision detected at t=13.00s
  [314/500] COLLISION  t=  13.0s  θ_err=-123.41°  effort=  371.0
Starting simulation from state: [ 3.5563281  -1.56323408 -0.11155858 -0.30642557  1.5805552  -0.40913945]
Initial V(x, tMax): 1.0121
Entered BRAT at t=18.10s, starting Phase 2
Collision detected at t=26.60s
  [315/500] COLLISION  t=  26.6s  θ_err= +41.56°  effort=  756.3
Starting simulation from state: [ 2.69774924 11.94933847  0.64366413 -0.74901328 -2.97151099 -0.37425035]
Initial V(x, tMax): 1.0162
Collision detected at t=47.10s
  [316/500] COLLISION  t=  47.1s  θ_err= -20.83°  effort= 1336.9
Starting simulation from state: [-8.59260593 11.30969609 -0.06479833  0.06111632  1.81567905 -0.17451052]
Initial V(x, tMax): 1.0162
Collision detected at t=13.20s
  [317/500] COLLISION  t=  13.2s  θ_err=  -1.46°  effort=  376.7
Starting simulation from state: [-9.22816608  3.0805169   0.2570342  -0.5059449   1.63105838  0.41748007]
Initial V(x, tMax): 1.0162
Entered BRAT at t=30.60s, starting Phase 2
  [318/500] TIMEOUT    t=  60.0s  θ_err= -24.42°  effort= 1702.3
Starting simulation from state: [ -9.07954075 -10.82069083  -0.03494621   0.53906298   1.74681947
   0.3346064 ]
Initial V(x, tMax): 1.0162
Collision detected at t=10.80s
  [319/500] COLLISION  t=  10.8s  θ_err= +68.16°  effort=  308.7
Starting simulation from state: [-4.99581942 -2.0361048  -0.04180125  0.05250682  2.0144828   0.34833362]
Initial V(x, tMax): 1.0159
Entered BRAT at t=15.40s, starting Phase 2
Collision detected at t=23.80s
  [320/500] COLLISION  t=  23.8s  θ_err= -46.93°  effort=  676.9
Starting simulation from state: [-6.19735401  1.25469428  0.18228996  0.0160792  -1.51855028 -0.12193124]
Initial V(x, tMax): 1.0162
Collision detected at t=6.10s
  [321/500] COLLISION  t=   6.1s  θ_err=+108.15°  effort=  175.6
Starting simulation from state: [ 5.90407002  7.9545157  -0.11728253  0.7339563  -0.57257329 -0.49449087]
Initial V(x, tMax): 1.0162
Collision detected at t=19.50s
  [322/500] COLLISION  t=  19.5s  θ_err=-146.84°  effort=  555.2
Starting simulation from state: [-6.03377325 -0.90561801  0.23596338 -0.09409698 -2.2534023  -0.08890388]
Initial V(x, tMax): 1.0162
Entered BRAT at t=8.70s, starting Phase 2
  [323/500] TIMEOUT    t=  60.0s  θ_err= +25.03°  effort= 1702.3
Starting simulation from state: [-10.35354896   9.31526763  -0.70002841  -0.02573505   1.36225528
  -0.2207998 ]
Initial V(x, tMax): 1.0162
Collision detected at t=44.60s
  [324/500] COLLISION  t=  44.6s  θ_err=  +2.57°  effort= 1266.1
Starting simulation from state: [ 3.92806414  6.48212422  0.22411917 -0.39177989 -0.63889853 -0.22642681]
Initial V(x, tMax): 1.0162
Collision detected at t=6.10s
  [325/500] COLLISION  t=   6.1s  θ_err=-176.97°  effort=  175.6
Starting simulation from state: [-12.6373286    5.70360384   0.40056357  -0.5900325   -0.50346584
   0.1357489 ]
Initial V(x, tMax): 1.0162
Collision detected at t=34.60s
  [326/500] COLLISION  t=  34.6s  θ_err=  +0.91°  effort=  982.8
Starting simulation from state: [  4.14861851 -10.44216478   0.50359977   0.22147614  -0.72689615
   0.45456623]
Initial V(x, tMax): 1.0162
Collision detected at t=12.50s
  [327/500] COLLISION  t=  12.5s  θ_err=+135.64°  effort=  356.9
Starting simulation from state: [11.2855508   1.19621408 -0.73712642 -0.45325229  1.22645953 -0.20596952]
Initial V(x, tMax): 1.0162
Entered BRAT at t=10.80s, starting Phase 2
Docking successful at t=30.10s
  [328/500] DOCKED     t=  30.1s  θ_err=  +0.25°  effort=  855.4
Starting simulation from state: [ 5.14438436  4.15659327 -0.6687314   0.23797033  0.38685867  0.49708475]
Initial V(x, tMax): 1.0161
Collision detected at t=14.20s
  [329/500] COLLISION  t=  14.2s  θ_err=+172.23°  effort=  405.0
Starting simulation from state: [ 10.15358717 -11.26195323   0.50486208   0.40778753   3.05550609
   0.07989222]
Initial V(x, tMax): 1.0162
Collision detected at t=37.20s
  [330/500] COLLISION  t=  37.2s  θ_err= -11.87°  effort= 1056.5
Starting simulation from state: [ 8.02436482  7.17094962  0.67289054  0.5742271  -1.90697435  0.13570303]
Initial V(x, tMax): 1.0162
Collision detected at t=18.30s
  [331/500] COLLISION  t=  18.3s  θ_err= -54.25°  effort=  521.2
Starting simulation from state: [-6.45745508  6.62889822  0.57000559  0.16235481 -3.08551473 -0.10720435]
Initial V(x, tMax): 1.0162
Collision detected at t=9.60s
  [332/500] COLLISION  t=   9.6s  θ_err= -23.77°  effort=  274.7
Starting simulation from state: [-0.40471037  4.8940011   0.13223688  0.26912852  1.03228455 -0.35175655]
Initial V(x, tMax): 1.0163
Collision detected at t=21.70s
  [333/500] COLLISION  t=  21.7s  θ_err= +50.99°  effort=  617.5
Starting simulation from state: [ 5.33507625 -8.78582839 -0.30222097  0.65372505 -2.48001832  0.1680794 ]
Initial V(x, tMax): 1.0162
Collision detected at t=8.10s
  [334/500] COLLISION  t=   8.1s  θ_err=+122.37°  effort=  232.3
Starting simulation from state: [ 8.79170499 -1.30161334 -0.59595245 -0.39493946 -2.80630716 -0.31306275]
Initial V(x, tMax): 1.0162
Collision detected at t=12.80s
  [335/500] COLLISION  t=  12.8s  θ_err= -74.70°  effort=  365.4
Starting simulation from state: [  0.69004346 -11.67983115  -0.05934395   0.60941247   0.69767892
   0.39398787]
Initial V(x, tMax): 1.0162
Collision detected at t=12.70s
  [336/500] COLLISION  t=  12.7s  θ_err= +43.31°  effort=  362.5
Starting simulation from state: [0.1047692  8.06343439 0.31547971 0.7453335  1.63870906 0.10344107]
Initial V(x, tMax): 1.0162
Collision detected at t=19.70s
  [337/500] COLLISION  t=  19.7s  θ_err=  -1.15°  effort=  560.8
Starting simulation from state: [-8.59469682 -8.14751504  0.06092332 -0.17450183  1.05021398 -0.19563438]
Initial V(x, tMax): 1.0162
Collision detected at t=17.90s
  [338/500] COLLISION  t=  17.9s  θ_err=  -3.09°  effort=  509.8
Starting simulation from state: [ 8.57919418  7.24418081 -0.19680798  0.73216779 -1.22651232 -0.39241387]
Initial V(x, tMax): 1.0162
Collision detected at t=43.60s
  [339/500] COLLISION  t=  43.6s  θ_err= -33.52°  effort= 1237.8
Starting simulation from state: [ 6.94404722 10.38395519  0.6441506   0.4702254  -0.65315642  0.03042851]
Initial V(x, tMax): 1.0162
Collision detected at t=17.60s
  [340/500] COLLISION  t=  17.6s  θ_err= +45.07°  effort=  501.3
Starting simulation from state: [ 0.27783091 -2.21734036  0.38138586 -0.74538598  0.2957405  -0.22549143]
Initial V(x, tMax): 1.0066
Collision detected at t=20.40s
  [341/500] COLLISION  t=  20.4s  θ_err= +29.14°  effort=  580.6
Starting simulation from state: [ 5.08063721 -5.94807506 -0.45413927  0.09485191 -1.65614871  0.04649099]
Initial V(x, tMax): 1.0162
Collision detected at t=13.60s
  [342/500] COLLISION  t=  13.6s  θ_err=  -1.37°  effort=  388.0
Starting simulation from state: [ 0.31873956 -2.01444961 -0.34792801 -0.54041881 -0.72106172 -0.21589644]
Initial V(x, tMax): 1.0161
Collision detected at t=32.30s
  [343/500] COLLISION  t=  32.3s  θ_err=  +0.35°  effort=  917.7
Starting simulation from state: [-7.19151275  3.58875445  0.38780458  0.65619785 -0.28540353 -0.18091052]
Initial V(x, tMax): 1.0162
Entered BRAT at t=31.40s, starting Phase 2
  [344/500] TIMEOUT    t=  60.0s  θ_err= -23.32°  effort= 1702.3
Starting simulation from state: [-5.81291694  1.12194101 -0.36717507 -0.43099728  1.99570846 -0.2186269 ]
Initial V(x, tMax): 1.0161
Entered BRAT at t=14.80s, starting Phase 2
Docking successful at t=20.10s
  [345/500] DOCKED     t=  20.1s  θ_err=  -0.03°  effort=  572.1
Starting simulation from state: [-5.53376369 -8.94633717 -0.0495179  -0.49459966  0.02352311  0.44588465]
Initial V(x, tMax): 1.0161
Collision detected at t=24.10s
  [346/500] COLLISION  t=  24.1s  θ_err= -22.35°  effort=  685.4
Starting simulation from state: [ 7.13446894  0.25941055  0.02230604  0.25944355  1.92193607 -0.10552374]
Initial V(x, tMax): 1.0161
Entered BRAT at t=11.60s, starting Phase 2
  [347/500] TIMEOUT    t=  60.0s  θ_err= +11.47°  effort= 1702.3
Starting simulation from state: [  7.2937642  -10.27760561  -0.68855556  -0.39897962  -0.89306065
   0.27691163]
Initial V(x, tMax): 1.0162
Collision detected at t=40.20s
  [348/500] COLLISION  t=  40.2s  θ_err=  -4.76°  effort= 1141.5
Starting simulation from state: [ 5.18853695  9.49586248  0.17299866  0.47189714  1.584435   -0.26614349]
Initial V(x, tMax): 1.0161
Collision detected at t=16.90s
  [349/500] COLLISION  t=  16.9s  θ_err=  -1.00°  effort=  481.5
Starting simulation from state: [ -6.3320652  -10.0654731   -0.25416819   0.27440884   0.89180811
  -0.09139192]
Initial V(x, tMax): 1.0161
Collision detected at t=15.70s
  [350/500] COLLISION  t=  15.7s  θ_err=  -6.74°  effort=  447.5
Starting simulation from state: [ 3.18503007  4.2445363  -0.57755399  0.0955168   0.02363111 -0.01396065]
Initial V(x, tMax): 1.0162
Collision detected at t=24.70s
  [351/500] COLLISION  t=  24.7s  θ_err= +98.92°  effort=  702.4
Starting simulation from state: [ 0.44748846  3.93277552  0.44507597 -0.07638646 -2.64578584 -0.16328051]
Initial V(x, tMax): 1.0163
  [352/500] TIMEOUT    t=  60.0s  θ_err=  +5.86°  effort= 1702.3
Starting simulation from state: [12.65005032 -0.94555107  0.1971075   0.27158749 -1.57732423 -0.03409071]
Initial V(x, tMax): 1.0162
Collision detected at t=24.00s
  [353/500] COLLISION  t=  24.0s  θ_err= -53.35°  effort=  682.6
Starting simulation from state: [ 7.4029676  -9.10352043  0.21093386 -0.46008022  0.42612264  0.45481977]
Initial V(x, tMax): 1.0162
Collision detected at t=23.60s
  [354/500] COLLISION  t=  23.6s  θ_err= -61.08°  effort=  671.3
Starting simulation from state: [-11.61007142  -2.67675217   0.11349091   0.30050377   1.69656917
   0.07011666]
Initial V(x, tMax): 1.0162
Collision detected at t=29.30s
  [355/500] COLLISION  t=  29.3s  θ_err=  +4.56°  effort=  832.7
Starting simulation from state: [ 9.58288707  3.96066306  0.41800454 -0.61938962  2.75665583 -0.01226755]
Initial V(x, tMax): 1.0162
Entered BRAT at t=20.70s, starting Phase 2
  [356/500] TIMEOUT    t=  60.0s  θ_err=  +8.68°  effort= 1702.3
Starting simulation from state: [-1.80172207  8.74074844  0.42175351 -0.70325504 -0.67740683 -0.16670493]
Initial V(x, tMax): 1.0161
Collision detected at t=5.30s
  [357/500] COLLISION  t=   5.3s  θ_err=-145.25°  effort=  152.9
Starting simulation from state: [11.45212854 -1.89435488  0.01200392  0.20257234  2.07257238  0.19861471]
Initial V(x, tMax): 1.0162
Entered BRAT at t=15.70s, starting Phase 2
  [358/500] TIMEOUT    t=  60.0s  θ_err=  +5.91°  effort= 1702.3
Starting simulation from state: [-3.37478134 -2.68996836  0.36617004 -0.60681761  2.23594923 -0.12974996]
Initial V(x, tMax): 1.0110
Entered BRAT at t=13.20s, starting Phase 2
Docking successful at t=18.50s
  [359/500] DOCKED     t=  18.5s  θ_err=  +0.05°  effort=  526.8
Starting simulation from state: [12.87695923  9.46657647  0.04482026  0.11236386 -3.09291911  0.30565979]
Initial V(x, tMax): 1.0162
Collision detected at t=14.20s
  [360/500] COLLISION  t=  14.2s  θ_err= +83.36°  effort=  405.0
Starting simulation from state: [11.94937179  1.62298903  0.66049071 -0.39774918  1.15304491 -0.12890825]
Initial V(x, tMax): 1.0162
Collision detected at t=35.70s
  [361/500] COLLISION  t=  35.7s  θ_err=  +8.43°  effort= 1014.0
Starting simulation from state: [-1.18030064e+01 -1.19337911e+01 -2.10807806e-03  1.26670275e-01
  4.15191350e-01  1.13462774e-01]
Initial V(x, tMax): 1.0162
Collision detected at t=15.40s
  [362/500] COLLISION  t=  15.4s  θ_err=  -1.29°  effort=  439.0
Starting simulation from state: [ 0.98248985  5.42244951  0.553873    0.55126404 -0.25068281  0.04514794]
Initial V(x, tMax): 1.0161
Collision detected at t=14.00s
  [363/500] COLLISION  t=  14.0s  θ_err= +37.67°  effort=  399.4
Starting simulation from state: [  1.65039901 -10.72452748   0.30335757  -0.435216     1.30474707
   0.21893197]
Initial V(x, tMax): 1.0162
Collision detected at t=21.90s
  [364/500] COLLISION  t=  21.9s  θ_err= -12.98°  effort=  623.1
Starting simulation from state: [-8.07513311  2.1112887  -0.18995761 -0.56809814 -2.34330835 -0.48144404]
Initial V(x, tMax): 1.0161
Entered BRAT at t=46.30s, starting Phase 2
  [365/500] TIMEOUT    t=  60.0s  θ_err=  +2.06°  effort= 1702.3
Starting simulation from state: [-7.79090303 -1.61161017  0.69813832  0.39905553 -0.3827531   0.07870242]
Initial V(x, tMax): 1.0162
Entered BRAT at t=7.80s, starting Phase 2
Collision detected at t=14.40s
  [366/500] COLLISION  t=  14.4s  θ_err= +57.73°  effort=  410.7
Starting simulation from state: [-5.67630362  5.41262896  0.09731411 -0.02947926 -0.07740274  0.03288481]
Initial V(x, tMax): 1.0161
Entered BRAT at t=46.30s, starting Phase 2
Docking successful at t=51.90s
  [367/500] DOCKED     t=  51.9s  θ_err=  -0.75°  effort= 1472.8
Starting simulation from state: [10.38280109 -1.83856014 -0.57057306  0.66371492  2.84546276 -0.43289671]
Initial V(x, tMax): 1.0161
Collision detected at t=7.40s
  [368/500] COLLISION  t=   7.4s  θ_err= -69.54°  effort=  212.4
Starting simulation from state: [-9.17759551  8.66220679 -0.04371202 -0.73752376  2.63776852 -0.09599909]
Initial V(x, tMax): 1.0162
Collision detected at t=36.90s
  [369/500] COLLISION  t=  36.9s  θ_err=  +8.80°  effort= 1048.0
Starting simulation from state: [ 1.15865857 -4.95784779 -0.34951732  0.48822499 -1.46063699  0.3212404 ]
Initial V(x, tMax): 1.0159
Entered BRAT at t=6.90s, starting Phase 2
Collision detected at t=12.20s
  [370/500] COLLISION  t=  12.2s  θ_err= +90.28°  effort=  348.4
Starting simulation from state: [ 7.76964855  1.89234784  0.12681805  0.13109796  0.47846454 -0.2442738 ]
Initial V(x, tMax): 1.0161
Entered BRAT at t=14.50s, starting Phase 2
Collision detected at t=22.20s
  [371/500] COLLISION  t=  22.2s  θ_err= +43.34°  effort=  631.6
Starting simulation from state: [-0.125206   -5.06313811  0.69623342 -0.42482026 -2.67064426 -0.37367773]
Initial V(x, tMax): 1.0161
Entered BRAT at t=21.10s, starting Phase 2
  [372/500] TIMEOUT    t=  60.0s  θ_err= +27.24°  effort= 1702.3
Starting simulation from state: [-6.34107591 12.43746048  0.25249144  0.36244261 -2.6579444  -0.28827691]
Initial V(x, tMax): 1.0162
Collision detected at t=17.30s
  [373/500] COLLISION  t=  17.3s  θ_err= -50.98°  effort=  492.8
Starting simulation from state: [ 7.008319   12.76465343 -0.5573604  -0.4458346   2.14710041 -0.42507085]
Initial V(x, tMax): 1.0162
Collision detected at t=10.00s
  [374/500] COLLISION  t=  10.0s  θ_err= -84.76°  effort=  286.1
Starting simulation from state: [-6.98736866  7.29141627 -0.33232575  0.14479315 -2.08795669  0.12260618]
Initial V(x, tMax): 1.0162
Collision detected at t=12.40s
  [375/500] COLLISION  t=  12.4s  θ_err= +45.55°  effort=  354.1
Starting simulation from state: [-6.68504517  2.17182538 -0.65566121  0.03783981  0.18673644  0.11208946]
Initial V(x, tMax): 1.0161
Entered BRAT at t=19.80s, starting Phase 2
Docking successful at t=37.50s
  [376/500] DOCKED     t=  37.5s  θ_err=  +0.11°  effort= 1065.0
Starting simulation from state: [ -4.4583521  -12.1539368   -0.02718401  -0.12206374  -0.42662677
  -0.10963307]
Initial V(x, tMax): 1.0162
Collision detected at t=19.00s
  [377/500] COLLISION  t=  19.0s  θ_err= +45.05°  effort=  541.0
Starting simulation from state: [-6.50400238  6.24280165  0.50656964 -0.20922022 -1.75018252 -0.48089389]
Initial V(x, tMax): 1.0161
Collision detected at t=5.50s
  [378/500] COLLISION  t=   5.5s  θ_err= -13.25°  effort=  158.6
Starting simulation from state: [-0.26575529  5.58310341 -0.55653696  0.11505916 -0.06429803  0.23114104]
Initial V(x, tMax): 1.0162
Collision detected at t=7.50s
  [379/500] COLLISION  t=   7.5s  θ_err= +35.42°  effort=  215.3
Starting simulation from state: [ 5.5713891  12.10316044  0.17862705 -0.24355612  2.2310561  -0.16405111]
Initial V(x, tMax): 1.0161
Collision detected at t=11.10s
  [380/500] COLLISION  t=  11.1s  θ_err=  +0.87°  effort=  317.2
Starting simulation from state: [-1.37603524  5.25686951 -0.06732323  0.52660952  2.34659132 -0.08706955]
Initial V(x, tMax): 1.0162
Collision detected at t=13.50s
  [381/500] COLLISION  t=  13.5s  θ_err=  +4.30°  effort=  385.2
Starting simulation from state: [-2.93726403 -6.06780632 -0.56020072  0.38100991 -0.10557121  0.37302317]
Initial V(x, tMax): 1.0161
Collision detected at t=30.00s
  [382/500] COLLISION  t=  30.0s  θ_err=+126.40°  effort=  852.6
Starting simulation from state: [  9.96038048 -10.86340222   0.07723484   0.02937702   0.18009475
   0.09008565]
Initial V(x, tMax): 1.0162
Collision detected at t=17.30s
  [383/500] COLLISION  t=  17.3s  θ_err=  -6.94°  effort=  492.8
Starting simulation from state: [ 3.31588364 -4.71392571 -0.12508473  0.13888418 -2.83495456  0.456417  ]
Initial V(x, tMax): 1.0162
Collision detected at t=27.50s
  [384/500] COLLISION  t=  27.5s  θ_err=+117.62°  effort=  781.7
Starting simulation from state: [-8.98989797 11.82590237  0.14069336  0.09350646  1.97396264  0.32980764]
Initial V(x, tMax): 1.0162
Collision detected at t=13.80s
  [385/500] COLLISION  t=  13.8s  θ_err= +40.14°  effort=  393.7
Starting simulation from state: [-5.57219335  8.93998356 -0.73258734  0.0276941   2.26284757 -0.08179137]
Initial V(x, tMax): 1.0162
Entered BRAT at t=37.90s, starting Phase 2
  [386/500] TIMEOUT    t=  60.0s  θ_err=  +5.94°  effort= 1702.3
Starting simulation from state: [-11.10480671   4.78773442  -0.27816425  -0.43001014   2.53193026
  -0.14922411]
Initial V(x, tMax): 1.0162
Entered BRAT at t=26.50s, starting Phase 2
Docking successful at t=41.30s
  [387/500] DOCKED     t=  41.3s  θ_err=  +1.45°  effort= 1172.6
Starting simulation from state: [-6.84659605 -7.86863652 -0.03218074 -0.09310288 -0.37825852  0.01091191]
Initial V(x, tMax): 1.0162
Collision detected at t=16.10s
  [388/500] COLLISION  t=  16.1s  θ_err=  +5.65°  effort=  458.8
Starting simulation from state: [ 5.91225389 -0.94458768  0.50926345 -0.0211481  -2.7406383  -0.17655366]
Initial V(x, tMax): 1.0162
Entered BRAT at t=17.80s, starting Phase 2
  [389/500] TIMEOUT    t=  60.0s  θ_err=  +6.44°  effort= 1702.3
Starting simulation from state: [ 6.95230303 -2.58465755 -0.29612327  0.64148766 -2.35122651  0.0288251 ]
Initial V(x, tMax): 1.0161
Collision detected at t=5.90s
  [390/500] COLLISION  t=   5.9s  θ_err=+100.91°  effort=  169.9
Starting simulation from state: [-2.94029204 -7.91681038 -0.6577501   0.24018582 -2.1194797   0.38154167]
Initial V(x, tMax): 1.0162
Collision detected at t=11.90s
  [391/500] COLLISION  t=  11.9s  θ_err= +67.50°  effort=  339.9
Starting simulation from state: [-11.18168354  -6.60075278  -0.24032947   0.64709905  -0.86492855
   0.26060971]
Initial V(x, tMax): 1.0162
Collision detected at t=15.00s
  [392/500] COLLISION  t=  15.0s  θ_err= +86.46°  effort=  427.7
Starting simulation from state: [ 6.2504752  11.07415532  0.34078625 -0.4806512  -0.74068408  0.19067642]
Initial V(x, tMax): 1.0162
Collision detected at t=45.60s
  [393/500] COLLISION  t=  45.6s  θ_err= -16.83°  effort= 1294.4
Starting simulation from state: [-7.69365809 -9.20194915 -0.57679997  0.49483673  2.40568995 -0.22401597]
Initial V(x, tMax): 1.0162
Collision detected at t=16.50s
  [394/500] COLLISION  t=  16.5s  θ_err=  +0.45°  effort=  470.2
Starting simulation from state: [ 7.76147942 -0.3923996   0.02077816  0.33136854  1.00751164 -0.25390985]
Initial V(x, tMax): 1.0161
Entered BRAT at t=12.70s, starting Phase 2
Docking successful at t=34.40s
  [395/500] DOCKED     t=  34.4s  θ_err=  +1.86°  effort=  977.2
Starting simulation from state: [ -6.42675819 -10.23230623  -0.41992238   0.7095555   -2.03663769
  -0.48425631]
Initial V(x, tMax): 1.0162
Collision detected at t=12.70s
  [396/500] COLLISION  t=  12.7s  θ_err=-154.64°  effort=  362.5
Starting simulation from state: [ 5.76534947  1.72968484  0.30871994 -0.66543222  0.7305663   0.24661126]
Initial V(x, tMax): 1.0162
Entered BRAT at t=14.40s, starting Phase 2
Docking successful at t=44.60s
  [397/500] DOCKED     t=  44.6s  θ_err=  +1.75°  effort= 1266.1
Starting simulation from state: [ 8.98099966  1.52224909  0.25915829 -0.56700626  2.62022687 -0.09164138]
Initial V(x, tMax): 1.0162
Entered BRAT at t=16.10s, starting Phase 2
  [398/500] TIMEOUT    t=  60.0s  θ_err= +10.54°  effort= 1702.3
Starting simulation from state: [10.54722103 -9.50457055 -0.20586062  0.42018661 -2.08704914  0.17347826]
Initial V(x, tMax): 1.0162
Collision detected at t=10.70s
  [399/500] COLLISION  t=  10.7s  θ_err=+110.56°  effort=  305.9
Starting simulation from state: [11.24474014  3.84271489 -0.45131936 -0.62675421 -1.00815923  0.36352694]
Initial V(x, tMax): 1.0162
Entered BRAT at t=34.90s, starting Phase 2
Docking successful at t=53.00s
  [400/500] DOCKED     t=  53.0s  θ_err=  +0.34°  effort= 1504.0
Starting simulation from state: [ 3.94318834  4.86547414 -0.05319736 -0.51267311 -2.18485598  0.27709977]
Initial V(x, tMax): 1.0161
Collision detected at t=3.30s
  [401/500] COLLISION  t=   3.3s  θ_err=-176.35°  effort=   96.3
Starting simulation from state: [  0.16772441 -10.12109909   0.10492166  -0.18389092   0.83419302
  -0.28738024]
Initial V(x, tMax): 1.0161
Collision detected at t=18.30s
  [402/500] COLLISION  t=  18.3s  θ_err= +41.44°  effort=  521.2
Starting simulation from state: [10.23005016  1.4118858  -0.11600251  0.71001024  0.28011566  0.02003641]
Initial V(x, tMax): 1.0162
Collision detected at t=10.80s
  [403/500] COLLISION  t=  10.8s  θ_err= +20.39°  effort=  308.7
Starting simulation from state: [ -4.89541204 -11.64706414   0.13576518   0.16530338  -1.10942679
   0.28473535]
Initial V(x, tMax): 1.0162
Collision detected at t=16.20s
  [404/500] COLLISION  t=  16.2s  θ_err= +97.03°  effort=  461.7
Starting simulation from state: [-9.27912912  4.60518443  0.42944487  0.10369966 -2.01533559  0.11825686]
Initial V(x, tMax): 1.0162
Collision detected at t=7.30s
  [405/500] COLLISION  t=   7.3s  θ_err=+138.55°  effort=  209.6
Starting simulation from state: [  4.72095325 -12.74983689  -0.71123602   0.64286113   0.87629042
   0.3239683 ]
Initial V(x, tMax): 1.0162
Collision detected at t=12.30s
  [406/500] COLLISION  t=  12.3s  θ_err=  +8.37°  effort=  351.2
Starting simulation from state: [-5.28601733 -1.3283577  -0.1946689  -0.3289067   2.00860321 -0.10941405]
Initial V(x, tMax): 1.0154
Entered BRAT at t=11.60s, starting Phase 2
Docking successful at t=16.40s
  [407/500] DOCKED     t=  16.4s  θ_err=  -0.12°  effort=  467.3
Starting simulation from state: [11.2267081   1.13594426 -0.58029641 -0.07998538  0.58742426  0.18576653]
Initial V(x, tMax): 1.0162
Entered BRAT at t=11.20s, starting Phase 2
Docking successful at t=30.80s
  [408/500] DOCKED     t=  30.8s  θ_err=  +0.29°  effort=  875.2
Starting simulation from state: [-6.45294199 -2.68362929  0.56186969 -0.0929835  -3.10412837 -0.33491133]
Initial V(x, tMax): 1.0161
Collision detected at t=12.20s
  [409/500] COLLISION  t=  12.2s  θ_err= -39.83°  effort=  348.4
Starting simulation from state: [-0.28914417  4.24546957 -0.72193432 -0.20427099  0.96506871 -0.37903453]
Initial V(x, tMax): 1.0163
Collision detected at t=20.70s
  [410/500] COLLISION  t=  20.7s  θ_err=-135.46°  effort=  589.1
Starting simulation from state: [-10.92775602   7.63770098  -0.69293412   0.59311488   2.09734582
  -0.3877479 ]
Initial V(x, tMax): 1.0162
Entered BRAT at t=49.00s, starting Phase 2
  [411/500] TIMEOUT    t=  60.0s  θ_err=  -2.68°  effort= 1702.3
Starting simulation from state: [-9.05002754 -3.6428354   0.22620457 -0.36620638 -0.77161655  0.04787485]
Initial V(x, tMax): 1.0162
Entered BRAT at t=11.90s, starting Phase 2
  [412/500] TIMEOUT    t=  60.0s  θ_err= +10.74°  effort= 1702.3
Starting simulation from state: [-10.90626241   9.50744255  -0.44104047   0.0233933   -0.42645407
  -0.48129523]
Initial V(x, tMax): 1.0162
Collision detected at t=39.70s
  [413/500] COLLISION  t=  39.7s  θ_err= +42.47°  effort= 1127.3
Starting simulation from state: [ 5.33802956 -3.87199983 -0.53055033  0.64711102 -2.00243059 -0.42758457]
Initial V(x, tMax): 1.0160
Collision detected at t=6.40s
  [414/500] COLLISION  t=   6.4s  θ_err=  -8.12°  effort=  184.1
Starting simulation from state: [-11.07112209  -2.38096896  -0.49264599  -0.23297387  -2.1014415
   0.360872  ]
Initial V(x, tMax): 1.0161
Entered BRAT at t=37.20s, starting Phase 2
  [415/500] TIMEOUT    t=  60.0s  θ_err=  -1.24°  effort= 1702.3
Starting simulation from state: [ 4.54060106  4.92753719 -0.10814884 -0.23417772 -0.01256912 -0.49315994]
Initial V(x, tMax): 1.0161
Collision detected at t=8.40s
  [416/500] COLLISION  t=   8.4s  θ_err= +50.24°  effort=  240.8
Starting simulation from state: [ 8.76739233 -4.94868172 -0.31467075  0.10318906 -2.42084608 -0.15746236]
Initial V(x, tMax): 1.0162
Entered BRAT at t=18.30s, starting Phase 2
Docking successful at t=24.00s
  [417/500] DOCKED     t=  24.0s  θ_err=  -1.69°  effort=  682.6
Starting simulation from state: [-8.33666893 -4.8665191   0.67508853  0.40300466  1.56112309 -0.20215405]
Initial V(x, tMax): 1.0162
Entered BRAT at t=8.70s, starting Phase 2
Docking successful at t=28.90s
  [418/500] DOCKED     t=  28.9s  θ_err=  +0.04°  effort=  821.4
Starting simulation from state: [ 4.40088592  3.46325605 -0.12934186 -0.32479799 -1.11791653  0.08133244]
Initial V(x, tMax): 1.0162
Collision detected at t=13.10s
  [419/500] COLLISION  t=  13.1s  θ_err=-107.01°  effort=  373.9
Starting simulation from state: [-10.06476615   1.84006458  -0.65731912  -0.22672285  -1.52612028
  -0.43309175]
Initial V(x, tMax): 1.0161
Entered BRAT at t=42.00s, starting Phase 2
  [420/500] TIMEOUT    t=  60.0s  θ_err=  +6.05°  effort= 1702.3
Starting simulation from state: [-2.61128907 -6.25235497  0.59981441 -0.72872936 -2.0119803   0.04984595]
Initial V(x, tMax): 1.0162
Collision detected at t=21.40s
  [421/500] COLLISION  t=  21.4s  θ_err= -62.64°  effort=  609.0
Starting simulation from state: [-7.55698559 -4.43787211 -0.6044261  -0.0490463  -0.47786365 -0.13311057]
Initial V(x, tMax): 1.0161
Collision detected at t=20.20s
  [422/500] COLLISION  t=  20.2s  θ_err= +50.05°  effort=  575.0
Starting simulation from state: [-11.22448373   2.95450826  -0.18504515   0.44052679   1.02642521
  -0.02247442]
Initial V(x, tMax): 1.0162
Entered BRAT at t=28.60s, starting Phase 2
Docking successful at t=36.00s
  [423/500] DOCKED     t=  36.0s  θ_err=  +0.21°  effort= 1022.5
Starting simulation from state: [-11.75050033  -6.10905029  -0.32790591   0.69021241  -1.96687838
  -0.07698868]
Initial V(x, tMax): 1.0161
Collision detected at t=16.40s
  [424/500] COLLISION  t=  16.4s  θ_err= -66.74°  effort=  467.3
Starting simulation from state: [ 0.38907327 -3.08844742  0.09359338 -0.51158948  1.56536043  0.07017341]
Initial V(x, tMax): 0.8851
Entered BRAT at t=14.60s, starting Phase 2
Docking successful at t=18.60s
  [425/500] DOCKED     t=  18.6s  θ_err=  -1.15°  effort=  529.7
Starting simulation from state: [-4.07109520e+00  1.13789450e+01 -6.62878115e-01 -5.37053209e-04
  2.79690855e+00 -4.11761325e-01]
Initial V(x, tMax): 1.0162
Collision detected at t=14.70s
  [426/500] COLLISION  t=  14.7s  θ_err= -67.01°  effort=  419.2
Starting simulation from state: [-5.68706139 -7.16334144  0.39225033 -0.74573073  1.40512991  0.24800249]
Initial V(x, tMax): 1.0161
Collision detected at t=24.90s
  [427/500] COLLISION  t=  24.9s  θ_err= +10.85°  effort=  708.1
Starting simulation from state: [ 3.81419215 12.14348344 -0.05376641 -0.26672566  2.07371489  0.39361124]
Initial V(x, tMax): 1.0162
Collision detected at t=10.70s
  [428/500] COLLISION  t=  10.7s  θ_err=+124.06°  effort=  305.9
Starting simulation from state: [ 9.04244756 -4.54059778  0.08678933  0.6730002  -0.48031559  0.04716264]
Initial V(x, tMax): 1.0162
Collision detected at t=11.60s
  [429/500] COLLISION  t=  11.6s  θ_err= +27.63°  effort=  331.4
Starting simulation from state: [10.98630074  6.89771952 -0.02151064  0.61446918 -1.25299852  0.13221589]
Initial V(x, tMax): 1.0162
Collision detected at t=16.70s
  [430/500] COLLISION  t=  16.7s  θ_err= +77.93°  effort=  475.8
Starting simulation from state: [12.49959889 -0.7960252  -0.33186267 -0.65593502 -1.65801436 -0.17853805]
Initial V(x, tMax): 1.0162
Entered BRAT at t=35.20s, starting Phase 2
  [431/500] TIMEOUT    t=  60.0s  θ_err= +27.76°  effort= 1702.3
Starting simulation from state: [ 8.63460187  4.2527271  -0.72334864  0.20315281 -1.89780304  0.43623892]
Initial V(x, tMax): 1.0161
Collision detected at t=42.20s
  [432/500] COLLISION  t=  42.2s  θ_err=+100.90°  effort= 1198.1
Starting simulation from state: [ 7.14380324 -8.76263817 -0.57688733  0.14140101  2.8145254  -0.40980652]
Initial V(x, tMax): 1.0162
Entered BRAT at t=25.10s, starting Phase 2
  [433/500] TIMEOUT    t=  60.0s  θ_err= +27.02°  effort= 1702.3
Starting simulation from state: [ 8.35982648 -8.19934656  0.65315693 -0.2290888  -0.55192468 -0.19371378]
Initial V(x, tMax): 1.0162
Collision detected at t=18.50s
  [434/500] COLLISION  t=  18.5s  θ_err= +41.33°  effort=  526.8
Starting simulation from state: [ 7.87372795  6.4524187   0.41908551  0.20749111 -2.62728413 -0.36286379]
Initial V(x, tMax): 1.0162
Collision detected at t=35.70s
  [435/500] COLLISION  t=  35.7s  θ_err= +28.78°  effort= 1014.0
Starting simulation from state: [-9.92213806  9.00978936 -0.39017005  0.01924436  0.62388315  0.10177478]
Initial V(x, tMax): 1.0162
Collision detected at t=43.10s
  [436/500] COLLISION  t=  43.1s  θ_err= -31.65°  effort= 1223.6
Starting simulation from state: [-10.77351668  -5.91605131  -0.49188654  -0.61575697   2.92448355
   0.48807588]
Initial V(x, tMax): 1.0162
Collision detected at t=19.00s
  [437/500] COLLISION  t=  19.0s  θ_err=+107.57°  effort=  541.0
Starting simulation from state: [-0.03597341 -7.1768884  -0.09287753  0.57217412 -0.66130117  0.22458171]
Initial V(x, tMax): 1.0160
Collision detected at t=9.50s
  [438/500] COLLISION  t=   9.5s  θ_err= +50.69°  effort=  271.9
Starting simulation from state: [ 0.34860998 12.62660285  0.49047409  0.1113591   2.01187702  0.25148261]
Initial V(x, tMax): 1.0161
Collision detected at t=14.70s
  [439/500] COLLISION  t=  14.7s  θ_err=  -8.97°  effort=  419.2
Starting simulation from state: [-10.61450519   8.70138458   0.24886482  -0.56060359  -0.89031459
   0.46390062]
Initial V(x, tMax): 1.0162
Collision detected at t=39.00s
  [440/500] COLLISION  t=  39.0s  θ_err= -45.36°  effort= 1107.5
Starting simulation from state: [11.07567431  7.99947468 -0.31837724  0.21438207 -1.19530838  0.05398828]
Initial V(x, tMax): 1.0162
Collision detected at t=12.00s
  [441/500] COLLISION  t=  12.0s  θ_err= +29.10°  effort=  342.7
Starting simulation from state: [-10.08240071  -8.5559635   -0.15004193  -0.22389562   0.19572215
  -0.21796236]
Initial V(x, tMax): 1.0162
Entered BRAT at t=16.30s, starting Phase 2
  [442/500] TIMEOUT    t=  60.0s  θ_err= +25.53°  effort= 1702.3
Starting simulation from state: [  1.73572607 -11.86169747   0.33184304  -0.31217983  -0.59201576
   0.29113882]
Initial V(x, tMax): 1.0161
Collision detected at t=22.10s
  [443/500] COLLISION  t=  22.1s  θ_err=  +2.42°  effort=  628.8
Starting simulation from state: [ 8.50565221 -4.26874826  0.19855321  0.50288197 -1.27488262  0.06822216]
Initial V(x, tMax): 1.0162
Collision detected at t=12.20s
  [444/500] COLLISION  t=  12.2s  θ_err= +32.66°  effort=  348.4
Starting simulation from state: [-11.74961723  -9.30491819   0.33363385  -0.27886329  -0.63310668
   0.01722219]
Initial V(x, tMax): 1.0162
Entered BRAT at t=36.30s, starting Phase 2
  [445/500] TIMEOUT    t=  60.0s  θ_err=  +0.38°  effort= 1702.3
Starting simulation from state: [ 4.40687264 -4.54007221 -0.60694478  0.74874911 -0.41610902  0.19356156]
Initial V(x, tMax): 1.0140
Entered BRAT at t=5.70s, starting Phase 2
Collision detected at t=13.00s
  [446/500] COLLISION  t=  13.0s  θ_err= +48.77°  effort=  371.0
Starting simulation from state: [-2.84125127  6.91119389  0.21513867  0.60030386  2.88860261  0.41035157]
Initial V(x, tMax): 1.0162
Collision detected at t=16.10s
  [447/500] COLLISION  t=  16.1s  θ_err= -52.41°  effort=  458.8
Starting simulation from state: [ 7.20220702 -5.5325263   0.12943395  0.53038165  1.625576   -0.21509617]
Initial V(x, tMax): 1.0162
Collision detected at t=10.30s
  [448/500] COLLISION  t=  10.3s  θ_err=  +1.53°  effort=  294.6
Starting simulation from state: [-10.35949289  -0.1090533    0.34259065  -0.25775631  -0.78144539
   0.27714395]
Initial V(x, tMax): 1.0162
Entered BRAT at t=27.40s, starting Phase 2
Docking successful at t=34.40s
  [449/500] DOCKED     t=  34.4s  θ_err=  +0.54°  effort=  977.2
Starting simulation from state: [  8.75044239 -12.48075347   0.62555103   0.04686977  -1.94466348
   0.09813557]
Initial V(x, tMax): 1.0162
Collision detected at t=18.40s
  [450/500] COLLISION  t=  18.4s  θ_err= -62.52°  effort=  524.0
Starting simulation from state: [ 6.52714761 -6.99150749  0.20658319  0.66307038 -2.08930104  0.21080947]
Initial V(x, tMax): 1.0162
Collision detected at t=10.40s
  [451/500] COLLISION  t=  10.4s  θ_err=+144.83°  effort=  297.4
Starting simulation from state: [-9.21080212  5.76120524 -0.36018526 -0.09821818  0.18179878  0.05149857]
Initial V(x, tMax): 1.0162
Entered BRAT at t=41.40s, starting Phase 2
  [452/500] TIMEOUT    t=  60.0s  θ_err=  +6.79°  effort= 1702.3
Starting simulation from state: [12.25678345 -2.7567012  -0.70242592  0.65818262 -0.2278774   0.1399465 ]
Initial V(x, tMax): 1.0162
Collision detected at t=8.10s
  [453/500] COLLISION  t=   8.1s  θ_err= +14.75°  effort=  232.3
Starting simulation from state: [ 6.80746937e+00 -7.68527207e+00 -4.65330512e-01  3.64212507e-01
  2.21137877e+00 -5.84728587e-03]
Initial V(x, tMax): 1.0162
Entered BRAT at t=9.00s, starting Phase 2
Docking successful at t=16.50s
  [454/500] DOCKED     t=  16.5s  θ_err=  -0.07°  effort=  470.2
Starting simulation from state: [12.08104608 -1.17850539 -0.13469995  0.11793347 -0.13157003  0.44801753]
Initial V(x, tMax): 1.0162
Collision detected at t=30.90s
  [455/500] COLLISION  t=  30.9s  θ_err= -51.91°  effort=  878.0
Starting simulation from state: [-4.86391652  1.99819291  0.34813268  0.06894088 -0.83463407 -0.48444811]
Initial V(x, tMax): 1.0161
Collision detected at t=3.80s
  [456/500] COLLISION  t=   3.8s  θ_err=+116.26°  effort=  110.5
Starting simulation from state: [ 4.01920495 -6.31209966  0.43857966 -0.56761961  0.92735522 -0.10223339]
Initial V(x, tMax): 1.0162
Collision detected at t=22.10s
  [457/500] COLLISION  t=  22.1s  θ_err= -23.84°  effort=  628.8
Starting simulation from state: [ 4.26996106  1.95468854  0.49118499  0.6413961  -1.52415895  0.02830669]
Initial V(x, tMax): 1.0161
Collision detected at t=14.60s
  [458/500] COLLISION  t=  14.6s  θ_err= +23.15°  effort=  416.4
Starting simulation from state: [ -0.67752947 -10.46398884   0.23416133   0.42547454  -2.00896082
   0.45524446]
Initial V(x, tMax): 1.0162
Collision detected at t=11.80s
  [459/500] COLLISION  t=  11.8s  θ_err= +88.99°  effort=  337.1
Starting simulation from state: [ 2.22153973 -8.0694563   0.66060743  0.21974722 -0.49441002  0.47651439]
Initial V(x, tMax): 1.0161
Collision detected at t=11.40s
  [460/500] COLLISION  t=  11.4s  θ_err=+129.62°  effort=  325.7
Starting simulation from state: [ 12.51499161 -12.36934548   0.02525905  -0.37021224   2.50375401
  -0.28308275]
Initial V(x, tMax): 1.0162
Entered BRAT at t=40.70s, starting Phase 2
  [461/500] TIMEOUT    t=  60.0s  θ_err=  +1.91°  effort= 1702.3
Starting simulation from state: [-2.32290725  9.87182403 -0.51432138 -0.18903727  1.45079779 -0.22079286]
Initial V(x, tMax): 1.0162
Collision detected at t=9.60s
  [462/500] COLLISION  t=   9.6s  θ_err= -12.76°  effort=  274.7
Starting simulation from state: [-9.65658339 -6.43551222 -0.09790565  0.26536718  1.09926365 -0.34175917]
Initial V(x, tMax): 1.0162
Collision detected at t=12.10s
  [463/500] COLLISION  t=  12.1s  θ_err= -76.77°  effort=  345.6
Starting simulation from state: [ 6.21547095 -4.8269903  -0.70325371  0.45175351  2.76948434 -0.11393226]
Initial V(x, tMax): 1.0160
Entered BRAT at t=6.30s, starting Phase 2
  [464/500] TIMEOUT    t=  60.0s  θ_err=  +4.83°  effort= 1702.3
Starting simulation from state: [-5.72960134 -8.91920927 -0.02658578  0.10617486 -0.95752359 -0.01887232]
Initial V(x, tMax): 1.0162
Collision detected at t=15.20s
  [465/500] COLLISION  t=  15.2s  θ_err= +39.97°  effort=  433.4
Starting simulation from state: [-9.7098599   0.5548486  -0.18476867 -0.56520019  1.79092134  0.4092586 ]
Initial V(x, tMax): 1.0162
Entered BRAT at t=17.90s, starting Phase 2
Docking successful at t=33.10s
  [466/500] DOCKED     t=  33.1s  θ_err=  -2.23°  effort=  940.4
Starting simulation from state: [-4.52026177 11.66736443 -0.57178698  0.60189282 -2.76682886 -0.20032447]
Initial V(x, tMax): 1.0162
Collision detected at t=20.30s
  [467/500] COLLISION  t=  20.3s  θ_err=  +3.24°  effort=  577.8
Starting simulation from state: [ 4.6069226   1.55589004  0.55329994  0.57022164  1.59626596 -0.22868736]
Initial V(x, tMax): 1.0162
Collision detected at t=13.70s
  [468/500] COLLISION  t=  13.7s  θ_err=  -2.88°  effort=  390.9
Starting simulation from state: [1.23577969e+01 4.03678926e+00 6.19838103e-02 5.49827058e-01
 6.06917806e-01 4.65156226e-04]
Initial V(x, tMax): 1.0162
Collision detected at t=14.10s
  [469/500] COLLISION  t=  14.1s  θ_err=  -0.24°  effort=  402.2
Starting simulation from state: [ 0.66286618  7.96577706  0.70930151  0.37771884 -1.27816376 -0.31275389]
Initial V(x, tMax): 1.0161
Collision detected at t=14.10s
  [470/500] COLLISION  t=  14.1s  θ_err= -90.71°  effort=  402.2
Starting simulation from state: [-4.30142158  9.25334522 -0.03067048 -0.6059273  -2.66361828 -0.07856037]
Initial V(x, tMax): 1.0162
Collision detected at t=6.20s
  [471/500] COLLISION  t=   6.2s  θ_err= +40.72°  effort=  178.4
Starting simulation from state: [-12.7988241    6.35109992  -0.42964246  -0.32039114   0.14768365
   0.3079914 ]
Initial V(x, tMax): 1.0162
Entered BRAT at t=46.60s, starting Phase 2
  [472/500] TIMEOUT    t=  60.0s  θ_err=  +3.70°  effort= 1702.3
Starting simulation from state: [-3.83070153  3.47659675 -0.12449835 -0.65817867 -0.10312819 -0.10976433]
Initial V(x, tMax): 1.0161
Entered BRAT at t=19.60s, starting Phase 2
  [473/500] TIMEOUT    t=  60.0s  θ_err=  +1.87°  effort= 1702.3
Starting simulation from state: [-11.12844344  -0.55334019   0.33785912  -0.585788     0.78669726
   0.11038477]
Initial V(x, tMax): 1.0162
Collision detected at t=25.50s
  [474/500] COLLISION  t=  25.5s  θ_err= +20.62°  effort=  725.1
Starting simulation from state: [ 9.89515648  4.3672281  -0.16701604  0.11024253 -2.33822648  0.047169  ]
Initial V(x, tMax): 1.0162
Collision detected at t=9.70s
  [475/500] COLLISION  t=   9.7s  θ_err= +43.28°  effort=  277.6
Starting simulation from state: [ 2.18787931  4.53080668 -0.05393596  0.4840009  -1.22093133  0.24168933]
Initial V(x, tMax): 1.0162
Collision detected at t=12.80s
  [476/500] COLLISION  t=  12.8s  θ_err= +82.84°  effort=  365.4
Starting simulation from state: [-7.07747811 10.44721429  0.14967354  0.45197426  0.6943788  -0.03047276]
Initial V(x, tMax): 1.0162
Collision detected at t=17.10s
  [477/500] COLLISION  t=  17.1s  θ_err=  -0.79°  effort=  487.2
Starting simulation from state: [ -5.55330637 -10.34874761   0.27436348  -0.16945943   1.32567757
  -0.09552178]
Initial V(x, tMax): 1.0161
Collision detected at t=18.50s
  [478/500] COLLISION  t=  18.5s  θ_err=  +1.66°  effort=  526.8
Starting simulation from state: [ 1.84628152 -2.62482733  0.27261373  0.45707538  2.23666138  0.12831903]
Initial V(x, tMax): 0.8168
Collision detected at t=3.60s
  [479/500] COLLISION  t=   3.6s  θ_err= +48.38°  effort=  104.8
Starting simulation from state: [ 7.71670849  3.9227681   0.49967249  0.13317051 -2.44661322  0.322438  ]
Initial V(x, tMax): 1.0162
Collision detected at t=31.90s
  [480/500] COLLISION  t=  31.9s  θ_err=  +3.68°  effort=  906.4
Starting simulation from state: [12.65474267  3.38129292 -0.40569816 -0.48696253 -2.66172021 -0.06415366]
Initial V(x, tMax): 1.0162
Collision detected at t=21.60s
  [481/500] COLLISION  t=  21.6s  θ_err=  +0.97°  effort=  614.6
Starting simulation from state: [ 9.55765741  7.75750896 -0.53468715 -0.72446177 -0.37910431 -0.27638552]
Initial V(x, tMax): 1.0162
Collision detected at t=6.80s
  [482/500] COLLISION  t=   6.8s  θ_err=-162.22°  effort=  195.4
Starting simulation from state: [10.57330007  5.79095935 -0.51028272  0.32153165  1.15172404 -0.31927564]
Initial V(x, tMax): 1.0162
Collision detected at t=11.20s
  [483/500] COLLISION  t=  11.2s  θ_err= -72.60°  effort=  320.1
Starting simulation from state: [  6.5805018  -11.44965331   0.59141947   0.6799871   -1.24664671
   0.09763561]
Initial V(x, tMax): 1.0162
Collision detected at t=31.80s
  [484/500] COLLISION  t=  31.8s  θ_err= -12.44°  effort=  903.5
Starting simulation from state: [-2.95262089  6.65790064 -0.42417331  0.34742063 -1.12118226 -0.1546526 ]
Initial V(x, tMax): 1.0162
Collision detected at t=12.40s
  [485/500] COLLISION  t=  12.4s  θ_err= -70.43°  effort=  354.1
Starting simulation from state: [-7.83595162  5.16754786  0.17527371  0.41296004  2.19639004 -0.08920164]
Initial V(x, tMax): 1.0162
Collision detected at t=11.70s
  [486/500] COLLISION  t=  11.7s  θ_err=  -1.78°  effort=  334.2
Starting simulation from state: [-7.89027678 -8.69781077  0.35353991  0.66413783  2.19060536 -0.10997072]
Initial V(x, tMax): 1.0162
Collision detected at t=11.70s
  [487/500] COLLISION  t=  11.7s  θ_err=  -3.19°  effort=  334.2
Starting simulation from state: [-4.51093198 -5.21466644  0.03098819  0.07900436  0.62717864 -0.09277643]
Initial V(x, tMax): 1.0160
Entered BRAT at t=8.60s, starting Phase 2
  [488/500] TIMEOUT    t=  60.0s  θ_err= +20.17°  effort= 1702.3
Starting simulation from state: [10.61322904 -5.42178964  0.2511823   0.6295281  -0.53516458  0.30377177]
Initial V(x, tMax): 1.0162
Collision detected at t=14.90s
  [489/500] COLLISION  t=  14.9s  θ_err= +79.01°  effort=  424.9
Starting simulation from state: [ 7.21248518 -3.96228601  0.37806099 -0.61523465  2.15547811 -0.46963894]
Initial V(x, tMax): 1.0162
Entered BRAT at t=18.60s, starting Phase 2
  [490/500] TIMEOUT    t=  60.0s  θ_err= +29.20°  effort= 1702.3
Starting simulation from state: [-2.88604434 -6.37377145 -0.68666345 -0.34048957  2.40950077 -0.1701136 ]
Initial V(x, tMax): 1.0162
Entered BRAT at t=16.40s, starting Phase 2
Docking successful at t=47.90s
  [491/500] DOCKED     t=  47.9s  θ_err=  -1.62°  effort= 1359.6
Starting simulation from state: [-3.90988195  9.74843148 -0.08476644 -0.50377811 -0.82866987  0.41656881]
Initial V(x, tMax): 1.0162
Collision detected at t=7.20s
  [492/500] COLLISION  t=   7.2s  θ_err= +53.34°  effort=  206.8
Starting simulation from state: [-7.04412515  8.40033158 -0.12335756 -0.10260492 -0.62604745 -0.33558824]
Initial V(x, tMax): 1.0162
Collision detected at t=10.00s
  [493/500] COLLISION  t=  10.0s  θ_err= +78.93°  effort=  286.1
Starting simulation from state: [-8.28475819 -3.72014713  0.6695097  -0.01249879  3.11339344  0.26004119]
Initial V(x, tMax): 1.0162
Entered BRAT at t=32.60s, starting Phase 2
  [494/500] TIMEOUT    t=  60.0s  θ_err=  +9.49°  effort= 1702.3
Starting simulation from state: [-3.45356176 11.17387934  0.47065528 -0.41232413  1.58439112 -0.38562173]
Initial V(x, tMax): 1.0162
Collision detected at t=8.90s
  [495/500] COLLISION  t=   8.9s  θ_err= -95.36°  effort=  254.9
Starting simulation from state: [-7.94807176 11.32016333 -0.03514912 -0.42938344 -1.79864225  0.38803324]
Initial V(x, tMax): 1.0162
Collision detected at t=10.00s
  [496/500] COLLISION  t=  10.0s  θ_err= +65.16°  effort=  286.1
Starting simulation from state: [-12.22654728   3.84338602  -0.62884018   0.25180939  -2.83185496
   0.09638356]
Initial V(x, tMax): 1.0162
Entered BRAT at t=45.60s, starting Phase 2
  [497/500] TIMEOUT    t=  60.0s  θ_err=  -8.47°  effort= 1702.3
Starting simulation from state: [ -7.83781171 -12.29736406  -0.39434008   0.19796563   0.46534281
   0.22132357]
Initial V(x, tMax): 1.0162
Collision detected at t=14.20s
  [498/500] COLLISION  t=  14.2s  θ_err=  -0.14°  effort=  405.0
Starting simulation from state: [ 9.54839832  7.11638032 -0.4011997  -0.30261008 -0.5818417   0.24667587]
Initial V(x, tMax): 1.0162
Collision detected at t=7.70s
  [499/500] COLLISION  t=   7.7s  θ_err= +28.45°  effort=  220.9
Starting simulation from state: [-5.07258184 -3.21745599 -0.45645214 -0.01630843 -0.29766639 -0.4165304 ]
Initial V(x, tMax): 1.0162
Collision detected at t=16.70s
  [500/500] COLLISION  t=  16.7s  θ_err= -68.08°  effort=  475.8

Vanilla BRAT: dock=7.8%  fail=75.6%  timeout=16.6%  effort=972.2  time=0.79s

============================================================
Running 500 rollouts for Hybrid Learning
============================================================
  [  1/500] TIMEOUT    t=  60.0s  θ_err=  -2.27°  effort= 1699.4
  [  2/500] TIMEOUT    t=  60.0s  θ_err=  +2.21°  effort= 1699.4
  [  3/500] TIMEOUT    t=  60.0s  θ_err=  -2.17°  effort= 1699.4
  [  4/500] TIMEOUT    t=  60.0s  θ_err=  -2.20°  effort= 1699.4
  [  5/500] TIMEOUT    t=  60.0s  θ_err=  -1.09°  effort= 1699.4
  [  6/500] TIMEOUT    t=  60.0s  θ_err=  -2.25°  effort= 1699.4
  [  7/500] COLLISION  t=  42.1s  θ_err=  +1.39°  effort= 1192.4
  [  8/500] TIMEOUT    t=  60.0s  θ_err=  +2.30°  effort= 1699.4
  [  9/500] TIMEOUT    t=  60.0s  θ_err=  +0.80°  effort= 1699.4
  [ 10/500] TIMEOUT    t=  60.0s  θ_err=  +0.87°  effort= 1699.4
  [ 11/500] TIMEOUT    t=  60.0s  θ_err=  -2.29°  effort= 1699.4
  [ 12/500] TIMEOUT    t=  60.0s  θ_err=  -2.28°  effort= 1699.4
  [ 13/500] TIMEOUT    t=  60.0s  θ_err=  -2.17°  effort= 1699.4
  [ 14/500] TIMEOUT    t=  60.0s  θ_err=  -1.38°  effort= 1699.4
  [ 15/500] TIMEOUT    t=  60.0s  θ_err=  -2.26°  effort= 1699.4
  [ 16/500] COLLISION  t=   8.6s  θ_err= +12.73°  effort=  243.6
  [ 17/500] COLLISION  t=  59.5s  θ_err=  -2.26°  effort= 1685.3
  [ 18/500] TIMEOUT    t=  60.0s  θ_err=  -0.13°  effort= 1699.4
  [ 19/500] TIMEOUT    t=  60.0s  θ_err=  +2.28°  effort= 1699.4
  [ 20/500] COLLISION  t=  12.8s  θ_err= +38.32°  effort=  362.5
  [ 21/500] TIMEOUT    t=  60.0s  θ_err=  -2.28°  effort= 1699.4
  [ 22/500] TIMEOUT    t=  60.0s  θ_err=  -1.22°  effort= 1699.4
  [ 23/500] TIMEOUT    t=  60.0s  θ_err=  +0.72°  effort= 1699.4
  [ 24/500] TIMEOUT    t=  60.0s  θ_err=  -1.64°  effort= 1699.4
  [ 25/500] TIMEOUT    t=  60.0s  θ_err=  -2.30°  effort= 1699.4
  [ 26/500] COLLISION  t=  39.7s  θ_err=  -2.29°  effort= 1124.5
  [ 27/500] TIMEOUT    t=  60.0s  θ_err=  -1.86°  effort= 1699.4
  [ 28/500] COLLISION  t=  10.4s  θ_err= +46.67°  effort=  294.6
  [ 29/500] TIMEOUT    t=  60.0s  θ_err=  -2.26°  effort= 1699.4
  [ 30/500] TIMEOUT    t=  60.0s  θ_err=  -2.24°  effort= 1699.4
  [ 31/500] TIMEOUT    t=  60.0s  θ_err=  +0.35°  effort= 1699.4
  [ 32/500] COLLISION  t=  36.4s  θ_err=  +0.51°  effort= 1031.0
  [ 33/500] TIMEOUT    t=  60.0s  θ_err=  -2.18°  effort= 1699.4
  [ 34/500] COLLISION  t=  54.6s  θ_err=  +0.09°  effort= 1546.5
  [ 35/500] TIMEOUT    t=  60.0s  θ_err=  -1.98°  effort= 1699.4
  [ 36/500] COLLISION  t=  44.9s  θ_err=  -1.71°  effort= 1271.7
  [ 37/500] TIMEOUT    t=  60.0s  θ_err=  -2.25°  effort= 1699.4
  [ 38/500] COLLISION  t=  41.8s  θ_err=  -1.91°  effort= 1183.9
  [ 39/500] TIMEOUT    t=  60.0s  θ_err=  -2.23°  effort= 1699.4
  [ 40/500] TIMEOUT    t=  60.0s  θ_err=  -2.18°  effort= 1699.4
  [ 41/500] TIMEOUT    t=  60.0s  θ_err=  +2.21°  effort= 1699.4
  [ 42/500] TIMEOUT    t=  60.0s  θ_err=  -2.25°  effort= 1699.4
  [ 43/500] TIMEOUT    t=  60.0s  θ_err=  +1.27°  effort= 1699.4
  [ 44/500] COLLISION  t=   9.5s  θ_err=  +1.95°  effort=  269.1
  [ 45/500] TIMEOUT    t=  60.0s  θ_err=  -2.21°  effort= 1699.4
  [ 46/500] COLLISION  t=  36.4s  θ_err=  +0.27°  effort= 1031.0
  [ 47/500] COLLISION  t=  34.7s  θ_err=  +0.92°  effort=  982.8
  [ 48/500] TIMEOUT    t=  60.0s  θ_err=  -1.42°  effort= 1699.4
  [ 49/500] TIMEOUT    t=  60.0s  θ_err=  +2.28°  effort= 1699.4
  [ 50/500] COLLISION  t=   4.3s  θ_err= +64.36°  effort=  121.8
  [ 51/500] TIMEOUT    t=  60.0s  θ_err=  +2.25°  effort= 1699.4
  [ 52/500] TIMEOUT    t=  60.0s  θ_err=  +1.08°  effort= 1699.4
  [ 53/500] TIMEOUT    t=  60.0s  θ_err=  -2.28°  effort= 1699.4
  [ 54/500] TIMEOUT    t=  60.0s  θ_err=  -2.23°  effort= 1699.4
  [ 55/500] TIMEOUT    t=  60.0s  θ_err=  +0.37°  effort= 1699.4
  [ 56/500] COLLISION  t=   4.7s  θ_err=-135.02°  effort=  133.1
  [ 57/500] TIMEOUT    t=  60.0s  θ_err=  -2.24°  effort= 1699.4
  [ 58/500] TIMEOUT    t=  60.0s  θ_err=  -2.29°  effort= 1699.4
  [ 59/500] TIMEOUT    t=  60.0s  θ_err=  +2.20°  effort= 1699.4
  [ 60/500] COLLISION  t=  40.0s  θ_err=  +0.50°  effort= 1133.0
  [ 61/500] COLLISION  t=  17.7s  θ_err=  -1.40°  effort=  501.3
  [ 62/500] COLLISION  t=  42.3s  θ_err=  +0.51°  effort= 1198.1
  [ 63/500] TIMEOUT    t=  60.0s  θ_err=  +2.18°  effort= 1699.4
  [ 64/500] TIMEOUT    t=  60.0s  θ_err=  -2.22°  effort= 1699.4
  [ 65/500] TIMEOUT    t=  60.0s  θ_err=  -2.26°  effort= 1699.4
  [ 66/500] TIMEOUT    t=  60.0s  θ_err=  +0.70°  effort= 1699.4
  [ 67/500] COLLISION  t=  14.3s  θ_err=-102.87°  effort=  405.0
  [ 68/500] TIMEOUT    t=  60.0s  θ_err=  +2.25°  effort= 1699.4
  [ 69/500] TIMEOUT    t=  60.0s  θ_err=  +2.24°  effort= 1699.4
  [ 70/500] TIMEOUT    t=  60.0s  θ_err=  -2.09°  effort= 1699.4
  [ 71/500] TIMEOUT    t=  60.0s  θ_err=  -2.20°  effort= 1699.4
  [ 72/500] COLLISION  t=  42.5s  θ_err=  -1.50°  effort= 1203.8
  [ 73/500] TIMEOUT    t=  60.0s  θ_err=  -2.27°  effort= 1699.4
  [ 74/500] COLLISION  t=  50.6s  θ_err=  -1.16°  effort= 1433.2
  [ 75/500] COLLISION  t=  30.7s  θ_err=  -2.26°  effort=  869.5
  [ 76/500] COLLISION  t=  14.8s  θ_err= -14.98°  effort=  419.2
  [ 77/500] TIMEOUT    t=  60.0s  θ_err=  +2.28°  effort= 1699.4
  [ 78/500] TIMEOUT    t=  60.0s  θ_err=  +2.22°  effort= 1699.4
  [ 79/500] COLLISION  t=  40.7s  θ_err=  +2.26°  effort= 1152.8
  [ 80/500] COLLISION  t=  42.2s  θ_err=  +2.30°  effort= 1195.3
  [ 81/500] TIMEOUT    t=  60.0s  θ_err=  -0.40°  effort= 1699.4
  [ 82/500] COLLISION  t=  59.4s  θ_err=  -2.00°  effort= 1682.4
  [ 83/500] TIMEOUT    t=  60.0s  θ_err=  +2.28°  effort= 1699.4
  [ 84/500] TIMEOUT    t=  60.0s  θ_err=  +2.29°  effort= 1699.4
  [ 85/500] TIMEOUT    t=  60.0s  θ_err=  +2.26°  effort= 1699.4
  [ 86/500] TIMEOUT    t=  60.0s  θ_err=  -2.23°  effort= 1699.4
  [ 87/500] TIMEOUT    t=  60.0s  θ_err=  -2.21°  effort= 1699.4
  [ 88/500] TIMEOUT    t=  60.0s  θ_err=  +1.82°  effort= 1699.4
  [ 89/500] TIMEOUT    t=  60.0s  θ_err=  -0.34°  effort= 1699.4
  [ 90/500] TIMEOUT    t=  60.0s  θ_err=  +2.23°  effort= 1699.4
  [ 91/500] COLLISION  t=  51.3s  θ_err=  +1.86°  effort= 1453.0
  [ 92/500] TIMEOUT    t=  60.0s  θ_err=  -2.21°  effort= 1699.4
  [ 93/500] TIMEOUT    t=  60.0s  θ_err=  -2.26°  effort= 1699.4
  [ 94/500] TIMEOUT    t=  60.0s  θ_err=  +1.38°  effort= 1699.4
  [ 95/500] COLLISION  t=  22.3s  θ_err=  -1.50°  effort=  631.6
  [ 96/500] TIMEOUT    t=  60.0s  θ_err=  +1.14°  effort= 1699.4
  [ 97/500] TIMEOUT    t=  60.0s  θ_err=  -0.28°  effort= 1699.4
  [ 98/500] TIMEOUT    t=  60.0s  θ_err=  +2.29°  effort= 1699.4
  [ 99/500] TIMEOUT    t=  60.0s  θ_err=  +2.30°  effort= 1699.4
  [100/500] TIMEOUT    t=  60.0s  θ_err=  +2.29°  effort= 1699.4
  [101/500] TIMEOUT    t=  60.0s  θ_err=  +1.92°  effort= 1699.4
  [102/500] COLLISION  t=  35.2s  θ_err=  +2.13°  effort=  997.0
  [103/500] TIMEOUT    t=  60.0s  θ_err=  -2.23°  effort= 1699.4
  [104/500] TIMEOUT    t=  60.0s  θ_err=  +0.57°  effort= 1699.4
  [105/500] TIMEOUT    t=  60.0s  θ_err=  +2.21°  effort= 1699.4
  [106/500] TIMEOUT    t=  60.0s  θ_err=  +2.25°  effort= 1699.4
  [107/500] COLLISION  t=  39.7s  θ_err=  -1.64°  effort= 1124.5
  [108/500] TIMEOUT    t=  60.0s  θ_err=  -2.29°  effort= 1699.4
  [109/500] TIMEOUT    t=  60.0s  θ_err=  +0.07°  effort= 1699.4
  [110/500] TIMEOUT    t=  60.0s  θ_err=  -2.20°  effort= 1699.4
  [111/500] TIMEOUT    t=  60.0s  θ_err=  +1.12°  effort= 1699.4
  [112/500] TIMEOUT    t=  60.0s  θ_err=  -2.23°  effort= 1699.4
  [113/500] TIMEOUT    t=  60.0s  θ_err=  -0.66°  effort= 1699.4
  [114/500] TIMEOUT    t=  60.0s  θ_err=  +1.23°  effort= 1699.4
  [115/500] TIMEOUT    t=  60.0s  θ_err=  +2.24°  effort= 1699.4
  [116/500] TIMEOUT    t=  60.0s  θ_err=  -2.23°  effort= 1699.4
  [117/500] COLLISION  t=  26.3s  θ_err=  -2.27°  effort=  744.9
  [118/500] TIMEOUT    t=  60.0s  θ_err=  -1.75°  effort= 1699.4
  [119/500] COLLISION  t=  48.1s  θ_err=  -2.20°  effort= 1362.4
  [120/500] TIMEOUT    t=  60.0s  θ_err=  -2.28°  effort= 1699.4
  [121/500] COLLISION  t=  36.0s  θ_err=  +2.22°  effort= 1019.7
  [122/500] COLLISION  t=  31.6s  θ_err=  +2.28°  effort=  895.0
  [123/500] TIMEOUT    t=  60.0s  θ_err=  -2.18°  effort= 1699.4
  [124/500] TIMEOUT    t=  60.0s  θ_err=  +0.21°  effort= 1699.4
  [125/500] COLLISION  t=  39.6s  θ_err=  -1.70°  effort= 1121.6
  [126/500] TIMEOUT    t=  60.0s  θ_err=  -2.29°  effort= 1699.4
  [127/500] TIMEOUT    t=  60.0s  θ_err=  +1.84°  effort= 1699.4
  [128/500] TIMEOUT    t=  60.0s  θ_err=  +1.08°  effort= 1699.4
  [129/500] TIMEOUT    t=  60.0s  θ_err=  -2.23°  effort= 1699.4
  [130/500] TIMEOUT    t=  60.0s  θ_err=  -1.06°  effort= 1699.4
  [131/500] COLLISION  t=   5.0s  θ_err= +61.48°  effort=  141.6
  [132/500] COLLISION  t=  32.6s  θ_err=  +2.28°  effort=  923.4
  [133/500] TIMEOUT    t=  60.0s  θ_err=  +2.15°  effort= 1699.4
  [134/500] TIMEOUT    t=  60.0s  θ_err=  -2.23°  effort= 1699.4
  [135/500] TIMEOUT    t=  60.0s  θ_err=  -1.93°  effort= 1699.4
  [136/500] TIMEOUT    t=  60.0s  θ_err=  -2.22°  effort= 1699.4
  [137/500] TIMEOUT    t=  60.0s  θ_err=  -2.25°  effort= 1699.4
  [138/500] TIMEOUT    t=  60.0s  θ_err=  -1.04°  effort= 1699.4
  [139/500] TIMEOUT    t=  60.0s  θ_err=  +2.28°  effort= 1699.4
  [140/500] TIMEOUT    t=  60.0s  θ_err=  -2.25°  effort= 1699.4
  [141/500] TIMEOUT    t=  60.0s  θ_err=  +2.27°  effort= 1699.4
  [142/500] TIMEOUT    t=  60.0s  θ_err=  +0.18°  effort= 1699.4
  [143/500] COLLISION  t=   9.4s  θ_err=  +1.43°  effort=  266.2
  [144/500] COLLISION  t=  10.1s  θ_err= -62.23°  effort=  286.1
  [145/500] TIMEOUT    t=  60.0s  θ_err=  -2.25°  effort= 1699.4
  [146/500] TIMEOUT    t=  60.0s  θ_err=  -2.25°  effort= 1699.4
  [147/500] COLLISION  t=  44.1s  θ_err=  -0.56°  effort= 1249.1
  [148/500] TIMEOUT    t=  60.0s  θ_err=  -1.68°  effort= 1699.4
  [149/500] TIMEOUT    t=  60.0s  θ_err=  -2.21°  effort= 1699.4
  [150/500] TIMEOUT    t=  60.0s  θ_err=  -2.24°  effort= 1699.4
  [151/500] COLLISION  t=  32.1s  θ_err=  -1.95°  effort=  909.2
  [152/500] COLLISION  t=  33.1s  θ_err=  -0.42°  effort=  937.5
  [153/500] TIMEOUT    t=  60.0s  θ_err=  +2.28°  effort= 1699.4
  [154/500] TIMEOUT    t=  60.0s  θ_err=  -0.03°  effort= 1699.4
  [155/500] COLLISION  t=  26.9s  θ_err=  -0.71°  effort=  761.9
  [156/500] COLLISION  t=  43.6s  θ_err=  +1.81°  effort= 1234.9
  [157/500] COLLISION  t=  26.2s  θ_err=  +1.17°  effort=  742.1
  [158/500] TIMEOUT    t=  60.0s  θ_err=  -0.36°  effort= 1699.4
  [159/500] TIMEOUT    t=  60.0s  θ_err=  +1.20°  effort= 1699.4
  [160/500] COLLISION  t=  40.1s  θ_err=  -2.27°  effort= 1135.8
  [161/500] TIMEOUT    t=  60.0s  θ_err=  +2.28°  effort= 1699.4
  [162/500] TIMEOUT    t=  60.0s  θ_err=  -0.70°  effort= 1699.4
  [163/500] TIMEOUT    t=  60.0s  θ_err=  +2.25°  effort= 1699.4
  [164/500] TIMEOUT    t=  60.0s  θ_err=  -2.27°  effort= 1699.4
  [165/500] TIMEOUT    t=  60.0s  θ_err=  +2.19°  effort= 1699.4
  [166/500] TIMEOUT    t=  60.0s  θ_err=  -2.27°  effort= 1699.4
  [167/500] TIMEOUT    t=  60.0s  θ_err=  -2.25°  effort= 1699.4
  [168/500] COLLISION  t=  44.8s  θ_err=  -0.16°  effort= 1268.9
  [169/500] TIMEOUT    t=  60.0s  θ_err=  +0.89°  effort= 1699.4
  [170/500] COLLISION  t=   5.7s  θ_err=-156.07°  effort=  161.4
  [171/500] TIMEOUT    t=  60.0s  θ_err=  +2.28°  effort= 1699.4
  [172/500] TIMEOUT    t=  60.0s  θ_err=  -2.25°  effort= 1699.4
  [173/500] TIMEOUT    t=  60.0s  θ_err=  +2.22°  effort= 1699.4
  [174/500] TIMEOUT    t=  60.0s  θ_err=  -2.22°  effort= 1699.4
  [175/500] COLLISION  t=   2.2s  θ_err= +96.98°  effort=   62.3
  [176/500] COLLISION  t=   3.3s  θ_err=-178.63°  effort=   93.5
  [177/500] TIMEOUT    t=  60.0s  θ_err=  -2.20°  effort= 1699.4
  [178/500] TIMEOUT    t=  60.0s  θ_err=  -0.80°  effort= 1699.4
  [179/500] TIMEOUT    t=  60.0s  θ_err=  +1.21°  effort= 1699.4
  [180/500] TIMEOUT    t=  60.0s  θ_err=  +0.15°  effort= 1699.4
  [181/500] TIMEOUT    t=  60.0s  θ_err=  +1.49°  effort= 1699.4
  [182/500] TIMEOUT    t=  60.0s  θ_err=  -1.09°  effort= 1699.4
  [183/500] TIMEOUT    t=  60.0s  θ_err=  -2.25°  effort= 1699.4
  [184/500] TIMEOUT    t=  60.0s  θ_err=  -2.22°  effort= 1699.4
  [185/500] TIMEOUT    t=  60.0s  θ_err=  +0.30°  effort= 1699.4
  [186/500] TIMEOUT    t=  60.0s  θ_err=  -2.26°  effort= 1699.4
  [187/500] TIMEOUT    t=  60.0s  θ_err=  +2.23°  effort= 1699.4
  [188/500] COLLISION  t=   8.5s  θ_err=  +3.56°  effort=  240.8
  [189/500] TIMEOUT    t=  60.0s  θ_err=  +2.27°  effort= 1699.4
  [190/500] COLLISION  t=  43.7s  θ_err=  -2.31°  effort= 1237.8
  [191/500] TIMEOUT    t=  60.0s  θ_err=  +1.24°  effort= 1699.4
  [192/500] COLLISION  t=  36.3s  θ_err=  -0.29°  effort= 1028.2
  [193/500] TIMEOUT    t=  60.0s  θ_err=  +2.25°  effort= 1699.4
  [194/500] TIMEOUT    t=  60.0s  θ_err=  -2.18°  effort= 1699.4
  [195/500] COLLISION  t=  33.9s  θ_err=  -2.25°  effort=  960.2
  [196/500] TIMEOUT    t=  60.0s  θ_err=  +0.47°  effort= 1699.4
  [197/500] TIMEOUT    t=  60.0s  θ_err=  -2.25°  effort= 1699.4
  [198/500] TIMEOUT    t=  60.0s  θ_err=  -2.26°  effort= 1699.4
  [199/500] TIMEOUT    t=  60.0s  θ_err=  -2.31°  effort= 1699.4
  [200/500] COLLISION  t=   4.5s  θ_err=-129.11°  effort=  127.5
  [201/500] TIMEOUT    t=  60.0s  θ_err=  +1.07°  effort= 1699.4
  [202/500] TIMEOUT    t=  60.0s  θ_err=  -1.91°  effort= 1699.4
  [203/500] COLLISION  t=  50.1s  θ_err=  -2.29°  effort= 1419.0
  [204/500] TIMEOUT    t=  60.0s  θ_err=  +2.26°  effort= 1699.4
  [205/500] COLLISION  t=  39.7s  θ_err=  -2.30°  effort= 1124.5
  [206/500] TIMEOUT    t=  60.0s  θ_err=  -1.05°  effort= 1699.4
  [207/500] COLLISION  t=  42.6s  θ_err=  -1.80°  effort= 1206.6
  [208/500] COLLISION  t=   5.1s  θ_err=-156.55°  effort=  144.5
  [209/500] COLLISION  t=  39.6s  θ_err=  +0.68°  effort= 1121.6
  [210/500] TIMEOUT    t=  60.0s  θ_err=  +0.47°  effort= 1699.4
  [211/500] TIMEOUT    t=  60.0s  θ_err=  +2.28°  effort= 1699.4
  [212/500] COLLISION  t=  31.9s  θ_err=  +0.25°  effort=  903.5
  [213/500] TIMEOUT    t=  60.0s  θ_err=  +1.36°  effort= 1699.4
  [214/500] COLLISION  t=   3.2s  θ_err= -68.21°  effort=   90.6
  [215/500] TIMEOUT    t=  60.0s  θ_err=  -2.26°  effort= 1699.4
  [216/500] COLLISION  t=   2.0s  θ_err=-170.63°  effort=   56.6
  [217/500] TIMEOUT    t=  60.0s  θ_err=  -2.23°  effort= 1699.4
  [218/500] TIMEOUT    t=  60.0s  θ_err=  -0.19°  effort= 1699.4
  [219/500] TIMEOUT    t=  60.0s  θ_err=  +2.29°  effort= 1699.4
  [220/500] COLLISION  t=  38.7s  θ_err=  +0.87°  effort= 1096.1
  [221/500] TIMEOUT    t=  60.0s  θ_err=  +0.62°  effort= 1699.4
  [222/500] COLLISION  t=  20.7s  θ_err=  +0.63°  effort=  586.3
  [223/500] TIMEOUT    t=  60.0s  θ_err=  -2.28°  effort= 1699.4
  [224/500] TIMEOUT    t=  60.0s  θ_err=  +2.28°  effort= 1699.4
  [225/500] TIMEOUT    t=  60.0s  θ_err=  +2.30°  effort= 1699.4
  [226/500] TIMEOUT    t=  60.0s  θ_err=  +1.32°  effort= 1699.4
  [227/500] TIMEOUT    t=  60.0s  θ_err=  +0.98°  effort= 1699.4
  [228/500] TIMEOUT    t=  60.0s  θ_err=  +1.74°  effort= 1699.4
  [229/500] TIMEOUT    t=  60.0s  θ_err=  -2.29°  effort= 1699.4
  [230/500] TIMEOUT    t=  60.0s  θ_err=  -1.56°  effort= 1699.4
  [231/500] TIMEOUT    t=  60.0s  θ_err=  -1.84°  effort= 1699.4
  [232/500] TIMEOUT    t=  60.0s  θ_err=  -0.92°  effort= 1699.4
  [233/500] COLLISION  t=  45.5s  θ_err=  +1.95°  effort= 1288.7
  [234/500] COLLISION  t=  40.1s  θ_err=  -1.61°  effort= 1135.8
  [235/500] COLLISION  t=  39.4s  θ_err=  +0.70°  effort= 1116.0
  [236/500] COLLISION  t=  15.8s  θ_err=  -4.68°  effort=  447.5
  [237/500] COLLISION  t=  27.2s  θ_err=  -1.38°  effort=  770.4
  [238/500] TIMEOUT    t=  60.0s  θ_err=  -2.27°  effort= 1699.4
  [239/500] COLLISION  t=   4.8s  θ_err=  +8.43°  effort=  136.0
  [240/500] COLLISION  t=  31.2s  θ_err=  +0.35°  effort=  883.7
  [241/500] TIMEOUT    t=  60.0s  θ_err=  -2.28°  effort= 1699.4
  [242/500] COLLISION  t=  14.5s  θ_err=-132.02°  effort=  410.7
  [243/500] TIMEOUT    t=  60.0s  θ_err=  -2.24°  effort= 1699.4
  [244/500] TIMEOUT    t=  60.0s  θ_err=  -1.56°  effort= 1699.4
  [245/500] TIMEOUT    t=  60.0s  θ_err=  -1.37°  effort= 1699.4
  [246/500] TIMEOUT    t=  60.0s  θ_err=  -2.26°  effort= 1699.4
  [247/500] TIMEOUT    t=  60.0s  θ_err=  -1.27°  effort= 1699.4
  [248/500] TIMEOUT    t=  60.0s  θ_err=  -2.29°  effort= 1699.4
  [249/500] TIMEOUT    t=  60.0s  θ_err=  +2.24°  effort= 1699.4
  [250/500] COLLISION  t=  45.9s  θ_err=  -2.27°  effort= 1300.1
  [251/500] TIMEOUT    t=  60.0s  θ_err=  +0.04°  effort= 1699.4
  [252/500] COLLISION  t=  56.0s  θ_err=  +2.23°  effort= 1586.1
  [253/500] TIMEOUT    t=  60.0s  θ_err=  +1.03°  effort= 1699.4
  [254/500] TIMEOUT    t=  60.0s  θ_err=  -0.95°  effort= 1699.4
  [255/500] TIMEOUT    t=  60.0s  θ_err=  -0.73°  effort= 1699.4
  [256/500] TIMEOUT    t=  60.0s  θ_err=  -2.26°  effort= 1699.4
  [257/500] TIMEOUT    t=  60.0s  θ_err=  -2.26°  effort= 1699.4
  [258/500] TIMEOUT    t=  60.0s  θ_err=  +0.82°  effort= 1699.4
  [259/500] COLLISION  t=  44.6s  θ_err=  -2.25°  effort= 1263.3
  [260/500] TIMEOUT    t=  60.0s  θ_err=  +2.23°  effort= 1699.4
  [261/500] TIMEOUT    t=  60.0s  θ_err=  -2.17°  effort= 1699.4
  [262/500] TIMEOUT    t=  60.0s  θ_err=  +1.70°  effort= 1699.4
  [263/500] TIMEOUT    t=  60.0s  θ_err=  +1.39°  effort= 1699.4
  [264/500] TIMEOUT    t=  60.0s  θ_err=  +2.29°  effort= 1699.4
  [265/500] COLLISION  t=  39.4s  θ_err=  -2.28°  effort= 1116.0
  [266/500] COLLISION  t=  19.3s  θ_err= -82.30°  effort=  546.7
  [267/500] TIMEOUT    t=  60.0s  θ_err=  -2.23°  effort= 1699.4
  [268/500] COLLISION  t=  42.3s  θ_err=  -2.30°  effort= 1198.1
  [269/500] COLLISION  t=  27.3s  θ_err=  -1.04°  effort=  773.2
  [270/500] TIMEOUT    t=  60.0s  θ_err=  +2.14°  effort= 1699.4
  [271/500] TIMEOUT    t=  60.0s  θ_err=  -2.19°  effort= 1699.4
  [272/500] COLLISION  t=  32.0s  θ_err=  -1.33°  effort=  906.4
  [273/500] COLLISION  t=  40.0s  θ_err=  -2.29°  effort= 1133.0
  [274/500] TIMEOUT    t=  60.0s  θ_err=  +0.23°  effort= 1699.4
  [275/500] TIMEOUT    t=  60.0s  θ_err=  +2.20°  effort= 1699.4
  [276/500] COLLISION  t=  20.2s  θ_err=  -1.53°  effort=  572.1
  [277/500] COLLISION  t=  53.5s  θ_err=  -1.68°  effort= 1515.3
  [278/500] COLLISION  t=  40.4s  θ_err=  +2.23°  effort= 1144.3
  [279/500] TIMEOUT    t=  60.0s  θ_err=  -0.68°  effort= 1699.4
  [280/500] TIMEOUT    t=  60.0s  θ_err=  +2.27°  effort= 1699.4
  [281/500] TIMEOUT    t=  60.0s  θ_err=  -2.27°  effort= 1699.4
  [282/500] TIMEOUT    t=  60.0s  θ_err=  +2.25°  effort= 1699.4
  [283/500] TIMEOUT    t=  60.0s  θ_err=  +1.11°  effort= 1699.4
  [284/500] TIMEOUT    t=  60.0s  θ_err=  -2.28°  effort= 1699.4
  [285/500] TIMEOUT    t=  60.0s  θ_err=  +1.50°  effort= 1699.4
  [286/500] TIMEOUT    t=  60.0s  θ_err=  +2.01°  effort= 1699.4
  [287/500] TIMEOUT    t=  60.0s  θ_err=  -2.20°  effort= 1699.4
  [288/500] COLLISION  t=  35.3s  θ_err=  -2.23°  effort=  999.8
  [289/500] TIMEOUT    t=  60.0s  θ_err=  -2.27°  effort= 1699.4
  [290/500] COLLISION  t=  34.1s  θ_err=  +1.45°  effort=  965.8
  [291/500] TIMEOUT    t=  60.0s  θ_err=  -2.19°  effort= 1699.4
  [292/500] TIMEOUT    t=  60.0s  θ_err=  -0.43°  effort= 1699.4
  [293/500] TIMEOUT    t=  60.0s  θ_err=  +0.99°  effort= 1699.4
  [294/500] TIMEOUT    t=  60.0s  θ_err=  -2.23°  effort= 1699.4
  [295/500] COLLISION  t=  33.6s  θ_err=  +2.21°  effort=  951.7
  [296/500] COLLISION  t=   3.6s  θ_err=+172.27°  effort=  102.0
  [297/500] TIMEOUT    t=  60.0s  θ_err=  +1.86°  effort= 1699.4
  [298/500] TIMEOUT    t=  60.0s  θ_err=  -2.26°  effort= 1699.4
  [299/500] TIMEOUT    t=  60.0s  θ_err=  -2.27°  effort= 1699.4
  [300/500] TIMEOUT    t=  60.0s  θ_err=  +0.45°  effort= 1699.4
  [301/500] COLLISION  t=  12.7s  θ_err=-168.42°  effort=  359.7
  [302/500] COLLISION  t=  17.4s  θ_err=  +1.55°  effort=  492.8
  [303/500] TIMEOUT    t=  60.0s  θ_err=  -2.27°  effort= 1699.4
  [304/500] TIMEOUT    t=  60.0s  θ_err=  +0.16°  effort= 1699.4
  [305/500] TIMEOUT    t=  60.0s  θ_err=  -0.03°  effort= 1699.4
  [306/500] TIMEOUT    t=  60.0s  θ_err=  -2.27°  effort= 1699.4
  [307/500] TIMEOUT    t=  60.0s  θ_err=  -2.27°  effort= 1699.4
  [308/500] COLLISION  t=  42.3s  θ_err=  -0.03°  effort= 1198.1
  [309/500] TIMEOUT    t=  60.0s  θ_err=  +2.26°  effort= 1699.4
  [310/500] TIMEOUT    t=  60.0s  θ_err=  -0.05°  effort= 1699.4
  [311/500] TIMEOUT    t=  60.0s  θ_err=  +1.79°  effort= 1699.4
  [312/500] TIMEOUT    t=  60.0s  θ_err=  +1.02°  effort= 1699.4
  [313/500] TIMEOUT    t=  60.0s  θ_err=  -1.00°  effort= 1699.4
  [314/500] TIMEOUT    t=  60.0s  θ_err=  -2.28°  effort= 1699.4
  [315/500] TIMEOUT    t=  60.0s  θ_err=  -2.22°  effort= 1699.4
  [316/500] TIMEOUT    t=  60.0s  θ_err=  +2.28°  effort= 1699.4
  [317/500] TIMEOUT    t=  60.0s  θ_err=  -2.27°  effort= 1699.4
  [318/500] TIMEOUT    t=  60.0s  θ_err=  +0.70°  effort= 1699.4
  [319/500] TIMEOUT    t=  60.0s  θ_err=  +0.03°  effort= 1699.4
  [320/500] TIMEOUT    t=  60.0s  θ_err=  -2.27°  effort= 1699.4
  [321/500] TIMEOUT    t=  60.0s  θ_err=  +2.20°  effort= 1699.4
  [322/500] TIMEOUT    t=  60.0s  θ_err=  -2.28°  effort= 1699.4
  [323/500] TIMEOUT    t=  60.0s  θ_err=  -2.27°  effort= 1699.4
  [324/500] TIMEOUT    t=  60.0s  θ_err=  +2.28°  effort= 1699.4
  [325/500] TIMEOUT    t=  60.0s  θ_err=  +0.29°  effort= 1699.4
  [326/500] TIMEOUT    t=  60.0s  θ_err=  -2.26°  effort= 1699.4
  [327/500] COLLISION  t=  37.6s  θ_err=  -2.23°  effort= 1065.0
  [328/500] COLLISION  t=  43.1s  θ_err=  -2.20°  effort= 1220.8
  [329/500] TIMEOUT    t=  60.0s  θ_err=  -1.85°  effort= 1699.4
  [330/500] TIMEOUT    t=  60.0s  θ_err=  +2.26°  effort= 1699.4
  [331/500] TIMEOUT    t=  60.0s  θ_err=  -2.18°  effort= 1699.4
  [332/500] TIMEOUT    t=  60.0s  θ_err=  -2.18°  effort= 1699.4
  [333/500] COLLISION  t=  13.3s  θ_err= -72.58°  effort=  376.7
  [334/500] COLLISION  t=  41.8s  θ_err=  -2.27°  effort= 1183.9
  [335/500] TIMEOUT    t=  60.0s  θ_err=  +0.57°  effort= 1699.4
  [336/500] COLLISION  t=  12.0s  θ_err= +36.77°  effort=  339.9
  [337/500] TIMEOUT    t=  60.0s  θ_err=  +2.30°  effort= 1699.4
  [338/500] TIMEOUT    t=  60.0s  θ_err=  -1.53°  effort= 1699.4
  [339/500] COLLISION  t=  31.3s  θ_err=  -1.77°  effort=  886.5
  [340/500] TIMEOUT    t=  60.0s  θ_err=  +1.42°  effort= 1699.4
  [341/500] TIMEOUT    t=  60.0s  θ_err=  +2.24°  effort= 1699.4
  [342/500] COLLISION  t=  37.7s  θ_err=  -2.27°  effort= 1067.8
  [343/500] TIMEOUT    t=  60.0s  θ_err=  -2.30°  effort= 1699.4
  [344/500] TIMEOUT    t=  60.0s  θ_err=  +1.49°  effort= 1699.4
  [345/500] TIMEOUT    t=  60.0s  θ_err=  -2.27°  effort= 1699.4
  [346/500] TIMEOUT    t=  60.0s  θ_err=  -2.25°  effort= 1699.4
  [347/500] COLLISION  t=  48.5s  θ_err=  +2.20°  effort= 1373.7
  [348/500] TIMEOUT    t=  60.0s  θ_err=  -1.38°  effort= 1699.4
  [349/500] COLLISION  t=  25.9s  θ_err=  -0.64°  effort=  733.6
  [350/500] TIMEOUT    t=  60.0s  θ_err=  +0.81°  effort= 1699.4
  [351/500] COLLISION  t=   9.3s  θ_err= -14.77°  effort=  263.4
  [352/500] COLLISION  t=   5.6s  θ_err=+105.72°  effort=  158.6
  [353/500] TIMEOUT    t=  60.0s  θ_err=  -2.25°  effort= 1699.4
  [354/500] TIMEOUT    t=  60.0s  θ_err=  -2.19°  effort= 1699.4
  [355/500] TIMEOUT    t=  60.0s  θ_err=  +2.28°  effort= 1699.4
  [356/500] TIMEOUT    t=  60.0s  θ_err=  -1.30°  effort= 1699.4
  [357/500] COLLISION  t=   7.3s  θ_err=-130.78°  effort=  206.8
  [358/500] COLLISION  t=  47.4s  θ_err=  -1.58°  effort= 1342.6
  [359/500] TIMEOUT    t=  60.0s  θ_err=  -2.27°  effort= 1699.4
  [360/500] TIMEOUT    t=  60.0s  θ_err=  +2.19°  effort= 1699.4
  [361/500] TIMEOUT    t=  60.0s  θ_err=  -2.27°  effort= 1699.4
  [362/500] TIMEOUT    t=  60.0s  θ_err=  -2.21°  effort= 1699.4
  [363/500] COLLISION  t=  13.9s  θ_err=  -1.65°  effort=  393.7
  [364/500] COLLISION  t=  32.8s  θ_err=  +2.28°  effort=  929.0
  [365/500] TIMEOUT    t=  60.0s  θ_err=  -2.22°  effort= 1699.4
  [366/500] COLLISION  t=   6.4s  θ_err= -40.68°  effort=  181.3
  [367/500] TIMEOUT    t=  60.0s  θ_err=  -2.22°  effort= 1699.4
  [368/500] TIMEOUT    t=  60.0s  θ_err=  +1.73°  effort= 1699.4
  [369/500] TIMEOUT    t=  60.0s  θ_err=  +2.25°  effort= 1699.4
  [370/500] COLLISION  t=  41.2s  θ_err=  -2.25°  effort= 1166.9
  [371/500] TIMEOUT    t=  60.0s  θ_err=  +0.79°  effort= 1699.4
  [372/500] TIMEOUT    t=  60.0s  θ_err=  +2.26°  effort= 1699.4
  [373/500] TIMEOUT    t=  60.0s  θ_err=  +2.28°  effort= 1699.4
  [374/500] COLLISION  t=  15.8s  θ_err= -35.19°  effort=  447.5
  [375/500] COLLISION  t=  21.5s  θ_err=  -1.80°  effort=  609.0
  [376/500] TIMEOUT    t=  60.0s  θ_err=  +2.31°  effort= 1699.4
  [377/500] COLLISION  t=  38.2s  θ_err=  -0.73°  effort= 1082.0
  [378/500] TIMEOUT    t=  60.0s  θ_err=  -2.18°  effort= 1699.4
  [379/500] TIMEOUT    t=  60.0s  θ_err=  -2.29°  effort= 1699.4
  [380/500] COLLISION  t=  25.4s  θ_err=  +2.02°  effort=  719.4
  [381/500] TIMEOUT    t=  60.0s  θ_err=  +2.29°  effort= 1699.4
  [382/500] TIMEOUT    t=  60.0s  θ_err=  +2.25°  effort= 1699.4
  [383/500] TIMEOUT    t=  60.0s  θ_err=  -2.19°  effort= 1699.4
  [384/500] COLLISION  t=  30.8s  θ_err=  -2.10°  effort=  872.4
  [385/500] TIMEOUT    t=  60.0s  θ_err=  -2.28°  effort= 1699.4
  [386/500] TIMEOUT    t=  60.0s  θ_err=  +2.28°  effort= 1699.4
  [387/500] TIMEOUT    t=  60.0s  θ_err=  +2.30°  effort= 1699.4
  [388/500] TIMEOUT    t=  60.0s  θ_err=  -2.28°  effort= 1699.4
  [389/500] COLLISION  t=  44.4s  θ_err=  -0.28°  effort= 1257.6
  [390/500] TIMEOUT    t=  60.0s  θ_err=  -2.28°  effort= 1699.4
  [391/500] TIMEOUT    t=  60.0s  θ_err=  +1.64°  effort= 1699.4
  [392/500] TIMEOUT    t=  60.0s  θ_err=  +2.30°  effort= 1699.4
  [393/500] TIMEOUT    t=  60.0s  θ_err=  -2.30°  effort= 1699.4
  [394/500] TIMEOUT    t=  60.0s  θ_err=  -2.20°  effort= 1699.4
  [395/500] COLLISION  t=  44.0s  θ_err=  -0.94°  effort= 1246.3
  [396/500] TIMEOUT    t=  60.0s  θ_err=  +0.43°  effort= 1699.4
  [397/500] COLLISION  t=  45.0s  θ_err=  +1.47°  effort= 1274.6
  [398/500] COLLISION  t=  42.1s  θ_err=  +2.28°  effort= 1192.4
  [399/500] TIMEOUT    t=  60.0s  θ_err=  -0.93°  effort= 1699.4
  [400/500] TIMEOUT    t=  60.0s  θ_err=  +1.94°  effort= 1699.4
  [401/500] COLLISION  t=   3.9s  θ_err=-135.71°  effort=  110.5
  [402/500] COLLISION  t=  47.4s  θ_err=  -2.18°  effort= 1342.6
  [403/500] TIMEOUT    t=  60.0s  θ_err=  -2.08°  effort= 1699.4
  [404/500] COLLISION  t=  40.5s  θ_err=  -2.21°  effort= 1147.1
  [405/500] TIMEOUT    t=  60.0s  θ_err=  -2.26°  effort= 1699.4
  [406/500] COLLISION  t=  34.0s  θ_err=  +2.22°  effort=  963.0
  [407/500] TIMEOUT    t=  60.0s  θ_err=  +2.18°  effort= 1699.4
  [408/500] COLLISION  t=  43.1s  θ_err=  -2.27°  effort= 1220.8
  [409/500] COLLISION  t=  10.6s  θ_err=  +1.70°  effort=  300.2
  [410/500] COLLISION  t=   2.7s  θ_err= -84.29°  effort=   76.5
  [411/500] TIMEOUT    t=  60.0s  θ_err=  +1.66°  effort= 1699.4
  [412/500] COLLISION  t=  57.4s  θ_err=  +0.06°  effort= 1625.8
  [413/500] TIMEOUT    t=  60.0s  θ_err=  -2.30°  effort= 1699.4
  [414/500] COLLISION  t=   7.3s  θ_err= +32.17°  effort=  206.8
  [415/500] TIMEOUT    t=  60.0s  θ_err=  -2.28°  effort= 1699.4
  [416/500] TIMEOUT    t=  60.0s  θ_err=  -2.25°  effort= 1699.4
  [417/500] COLLISION  t=  43.4s  θ_err=  -2.26°  effort= 1229.3
  [418/500] COLLISION  t=  18.9s  θ_err=  -2.22°  effort=  535.3
  [419/500] COLLISION  t=  26.5s  θ_err=  -2.30°  effort=  750.6
  [420/500] TIMEOUT    t=  60.0s  θ_err=  +2.30°  effort= 1699.4
  [421/500] TIMEOUT    t=  60.0s  θ_err=  -2.21°  effort= 1699.4
  [422/500] TIMEOUT    t=  60.0s  θ_err=  -2.29°  effort= 1699.4
  [423/500] TIMEOUT    t=  60.0s  θ_err=  -2.28°  effort= 1699.4
  [424/500] TIMEOUT    t=  60.0s  θ_err=  +2.10°  effort= 1699.4
  [425/500] TIMEOUT    t=  60.0s  θ_err=  +2.28°  effort= 1699.4
  [426/500] TIMEOUT    t=  60.0s  θ_err=  -1.77°  effort= 1699.4
  [427/500] TIMEOUT    t=  60.0s  θ_err=  -2.30°  effort= 1699.4
  [428/500] TIMEOUT    t=  60.0s  θ_err=  -1.90°  effort= 1699.4
  [429/500] COLLISION  t=  41.4s  θ_err=  -1.65°  effort= 1172.6
  [430/500] TIMEOUT    t=  60.0s  θ_err=  -2.28°  effort= 1699.4
  [431/500] TIMEOUT    t=  60.0s  θ_err=  -2.27°  effort= 1699.4
  [432/500] TIMEOUT    t=  60.0s  θ_err=  +2.30°  effort= 1699.4
  [433/500] COLLISION  t=  36.7s  θ_err=  +0.74°  effort= 1039.5
  [434/500] TIMEOUT    t=  60.0s  θ_err=  +2.28°  effort= 1699.4
  [435/500] TIMEOUT    t=  60.0s  θ_err=  -0.21°  effort= 1699.4
  [436/500] TIMEOUT    t=  60.0s  θ_err=  -0.01°  effort= 1699.4
  [437/500] TIMEOUT    t=  60.0s  θ_err=  -2.05°  effort= 1699.4
  [438/500] COLLISION  t=   7.3s  θ_err= -24.26°  effort=  206.8
  [439/500] TIMEOUT    t=  60.0s  θ_err=  +2.20°  effort= 1699.4
  [440/500] TIMEOUT    t=  60.0s  θ_err=  -2.26°  effort= 1699.4
  [441/500] COLLISION  t=  27.1s  θ_err=  -0.32°  effort=  767.6
  [442/500] TIMEOUT    t=  60.0s  θ_err=  -0.81°  effort= 1699.4
  [443/500] COLLISION  t=  36.1s  θ_err=  -0.37°  effort= 1022.5
  [444/500] COLLISION  t=  41.7s  θ_err=  -2.26°  effort= 1181.1
  [445/500] COLLISION  t=  33.4s  θ_err=  +0.10°  effort=  946.0
  [446/500] COLLISION  t=   4.8s  θ_err= -45.24°  effort=  136.0
  [447/500] TIMEOUT    t=  60.0s  θ_err=  -2.23°  effort= 1699.4
  [448/500] COLLISION  t=  38.0s  θ_err=  -2.27°  effort= 1076.3
  [449/500] COLLISION  t=  55.8s  θ_err=  -0.47°  effort= 1580.5
  [450/500] TIMEOUT    t=  60.0s  θ_err=  +1.92°  effort= 1699.4
  [451/500] COLLISION  t=  38.4s  θ_err=  +0.14°  effort= 1087.6
  [452/500] TIMEOUT    t=  60.0s  θ_err=  -2.17°  effort= 1699.4
  [453/500] COLLISION  t=  33.6s  θ_err=  -2.21°  effort=  951.7
  [454/500] COLLISION  t=  32.9s  θ_err=  +2.22°  effort=  931.9
  [455/500] COLLISION  t=  47.1s  θ_err=  +2.07°  effort= 1334.1
  [456/500] COLLISION  t=   4.5s  θ_err=+122.80°  effort=  127.5
  [457/500] COLLISION  t=  39.9s  θ_err=  -2.26°  effort= 1130.1
  [458/500] TIMEOUT    t=  60.0s  θ_err=  -2.25°  effort= 1699.4
  [459/500] TIMEOUT    t=  60.0s  θ_err=  -2.26°  effort= 1699.4
  [460/500] COLLISION  t=  39.5s  θ_err=  +2.30°  effort= 1118.8
  [461/500] TIMEOUT    t=  60.0s  θ_err=  -2.19°  effort= 1699.4
  [462/500] TIMEOUT    t=  60.0s  θ_err=  +2.28°  effort= 1699.4
  [463/500] TIMEOUT    t=  60.0s  θ_err=  -2.21°  effort= 1699.4
  [464/500] TIMEOUT    t=  60.0s  θ_err=  +2.29°  effort= 1699.4
  [465/500] COLLISION  t=  55.0s  θ_err=  +1.18°  effort= 1557.8
  [466/500] TIMEOUT    t=  60.0s  θ_err=  +2.28°  effort= 1699.4
  [467/500] TIMEOUT    t=  60.0s  θ_err=  +1.38°  effort= 1699.4
  [468/500] TIMEOUT    t=  60.0s  θ_err=  -2.30°  effort= 1699.4
  [469/500] TIMEOUT    t=  60.0s  θ_err=  -2.27°  effort= 1699.4
  [470/500] TIMEOUT    t=  60.0s  θ_err=  -1.84°  effort= 1699.4
  [471/500] TIMEOUT    t=  60.0s  θ_err=  -1.10°  effort= 1699.4
  [472/500] TIMEOUT    t=  60.0s  θ_err=  -2.14°  effort= 1699.4
  [473/500] TIMEOUT    t=  60.0s  θ_err=  -0.23°  effort= 1699.4
  [474/500] TIMEOUT    t=  60.0s  θ_err=  -1.30°  effort= 1699.4
  [475/500] TIMEOUT    t=  60.0s  θ_err=  -1.79°  effort= 1699.4
  [476/500] COLLISION  t=  15.9s  θ_err=  -1.47°  effort=  450.4
  [477/500] TIMEOUT    t=  60.0s  θ_err=  -2.18°  effort= 1699.4
  [478/500] COLLISION  t=  35.5s  θ_err=  +0.38°  effort= 1005.5
  [479/500] COLLISION  t=   3.2s  θ_err= +48.89°  effort=   90.6
  [480/500] TIMEOUT    t=  60.0s  θ_err=  +0.21°  effort= 1699.4
  [481/500] TIMEOUT    t=  60.0s  θ_err=  +0.53°  effort= 1699.4
  [482/500] TIMEOUT    t=  60.0s  θ_err=  -0.84°  effort= 1699.4
  [483/500] COLLISION  t=  20.7s  θ_err=  -1.88°  effort=  586.3
  [484/500] TIMEOUT    t=  60.0s  θ_err=  +0.80°  effort= 1699.4
  [485/500] TIMEOUT    t=  60.0s  θ_err=  -0.48°  effort= 1699.4
  [486/500] TIMEOUT    t=  60.0s  θ_err=  -2.25°  effort= 1699.4
  [487/500] COLLISION  t=  19.6s  θ_err=  +1.69°  effort=  555.2
  [488/500] TIMEOUT    t=  60.0s  θ_err=  -2.25°  effort= 1699.4
  [489/500] COLLISION  t=  37.8s  θ_err=  -1.45°  effort= 1070.6
  [490/500] COLLISION  t=  42.2s  θ_err=  -1.02°  effort= 1195.3
  [491/500] TIMEOUT    t=  60.0s  θ_err=  -2.27°  effort= 1699.4
  [492/500] COLLISION  t=  23.3s  θ_err=  -1.42°  effort=  659.9
  [493/500] TIMEOUT    t=  60.0s  θ_err=  -2.19°  effort= 1699.4
  [494/500] TIMEOUT    t=  60.0s  θ_err=  +1.43°  effort= 1699.4
  [495/500] COLLISION  t=  16.9s  θ_err= -23.93°  effort=  478.7
  [496/500] TIMEOUT    t=  60.0s  θ_err=  -2.21°  effort= 1699.4
  [497/500] TIMEOUT    t=  60.0s  θ_err=  -2.23°  effort= 1699.4
  [498/500] TIMEOUT    t=  60.0s  θ_err=  -2.24°  effort= 1699.4
  [499/500] COLLISION  t=  12.8s  θ_err=  -1.47°  effort=  362.5
  [500/500] TIMEOUT    t=  60.0s  θ_err=  -1.95°  effort= 1699.4

Hybrid Learning: dock=0.0%  fail=31.6%  timeout=68.4%  effort=0.0  time=3.24s

-------------------------------------------------------------------------------------------------------
CONTROLLER COMPARISON
-------------------------------------------------------------------------------------------------------
Controller               Dock%   Fail%   Time%      Effort (dock)       Time (s)  Clip(tot)  Clip(runs)
-------------------------------------------------------------------------------------------------------
Grid-Based HJ            99.8%    0.0%    0.2% 760.3 +/- 180.9 (499)  5.54 +/- 1.52          0           0
BRAT                     78.6%   21.4%    0.0% 692.7 +/- 168.4 (393)  1.35 +/- 0.77          0           0
Vanilla BRAT              7.8%   75.6%   16.6% 972.2 +/- 324.3 (39)  0.79 +/- 0.55         11           3
Hybrid Learning           0.0%   31.6%   68.4%            N/A (0)  3.24 +/- 1.17          0           0
-------------------------------------------------------------------------------------------------------


No common-success ICs across all controllers; skipping docking-time optimality comparison.
  BRAT: 107 collision IC(s) saved to ./outputs/4way_comparison/collision_ics_brat.npy
  Vanilla BRAT: 378 collision IC(s) saved to ./outputs/4way_comparison/collision_ics_vanilla_brat.npy
  Hybrid Learning: 158 collision IC(s) saved to ./outputs/4way_comparison/collision_ics_hybrid_learning.npy

------------------------------------------------------------
COLLISION SUMMARY
------------------------------------------------------------

Grid-Based HJ: no collisions

BRAT  (107 collision(s)):
  rollout   1  IC=[  +4.47,   +7.97, +0.72, +0.20, -1.78, +0.05]  t_coll=19.5s
  rollout   4  IC=[  +3.00,   +3.72, -0.35, +0.38, -1.34, +0.21]  t_coll=8.9s
  rollout  15  IC=[  +3.40,  +12.33, -0.12, -0.66, -2.65, -0.29]  t_coll=15.1s
  rollout  17  IC=[  -4.34,   +4.57, +0.73, +0.69, +1.07, +0.39]  t_coll=22.9s
  rollout  27  IC=[  +2.44,   +6.36, +0.52, +0.02, -2.36, -0.27]  t_coll=12.4s
  rollout  40  IC=[ +10.32,   +6.04, +0.17, +0.51, +1.13, +0.22]  t_coll=20.1s
  rollout  43  IC=[  +6.56,   +9.10, -0.17, -0.24, -3.07, -0.23]  t_coll=13.8s
  rollout  49  IC=[  -0.54,   +6.13, -0.13, -0.59, -1.87, -0.49]  t_coll=7.1s
  rollout  55  IC=[  +2.55,   +6.64, +0.27, -0.42, -1.29, +0.00]  t_coll=5.5s
  rollout  66  IC=[  +4.13,   +6.56, -0.63, +0.48, +1.66, -0.45]  t_coll=14.7s
  rollout  70  IC=[  -5.66,   +6.16, +0.73, +0.33, +0.71, +0.06]  t_coll=12.1s
  rollout  75  IC=[  +8.13,  +12.50, +0.31, -0.67, -2.63, -0.49]  t_coll=18.3s
  rollout  81  IC=[ +12.19,   +6.58, -0.42, +0.47, -1.95, -0.35]  t_coll=20.3s
  rollout  83  IC=[  -7.22,   +6.83, +0.06, +0.71, -2.04, -0.15]  t_coll=18.5s
  rollout  86  IC=[  -1.20,   +7.21, +0.46, +0.13, -1.05, +0.27]  t_coll=10.3s
  rollout  94  IC=[  -3.58,   +7.64, +0.60, -0.51, +1.02, -0.32]  t_coll=11.4s
  rollout  97  IC=[  -0.31,   +3.93, +0.46, +0.13, -0.85, -0.14]  t_coll=6.3s
  rollout  99  IC=[  +1.15,  +10.27, -0.12, +0.45, -2.38, -0.36]  t_coll=18.1s
  rollout 102  IC=[  +5.88,   +7.79, +0.05, -0.20, -0.14, -0.41]  t_coll=15.1s
  rollout 107  IC=[  -1.19,   +5.12, +0.47, +0.75, +2.93, +0.41]  t_coll=17.2s
  rollout 111  IC=[  +3.95,   +7.03, +0.29, +0.37, -0.95, +0.16]  t_coll=20.0s
  rollout 113  IC=[  +5.27,   +0.80, +0.61, +0.57, -0.04, +0.07]  t_coll=15.7s
  rollout 116  IC=[  +9.99,   +2.76, -0.48, +0.44, -1.48, +0.33]  t_coll=16.1s
  rollout 119  IC=[  +9.37,   +2.99, +0.42, +0.49, -1.56, -0.31]  t_coll=19.7s
  rollout 122  IC=[  -1.58,  +12.28, -0.01, +0.16, -1.62, +0.35]  t_coll=16.5s
  rollout 130  IC=[  -0.24,   +6.07, -0.03, -0.50, -1.70, -0.50]  t_coll=9.1s
  rollout 135  IC=[  +1.01,   +9.82, -0.34, +0.07, -1.23, +0.08]  t_coll=12.4s
  rollout 142  IC=[  +4.73,   +5.78, -0.56, -0.05, +2.52, -0.25]  t_coll=6.6s
  rollout 149  IC=[  -8.46,   +6.30, +0.02, +0.74, +0.09, -0.29]  t_coll=21.8s
  rollout 152  IC=[ +12.79,   +7.18, -0.60, +0.72, -1.74, +0.46]  t_coll=21.4s
  rollout 157  IC=[  -9.83,  +12.79, -0.36, -0.15, +0.27, +0.19]  t_coll=22.1s
  rollout 161  IC=[  +1.96,  +10.85, +0.36, +0.14, -2.04, -0.24]  t_coll=21.0s
  rollout 162  IC=[  +0.33,  +10.00, -0.20, +0.74, -0.76, +0.47]  t_coll=23.8s
  rollout 169  IC=[  +2.14,   +6.99, -0.57, -0.32, -2.65, +0.14]  t_coll=11.6s
  rollout 174  IC=[  +2.48,   +3.85, -0.35, -0.08, -2.88, -0.11]  t_coll=7.5s
  rollout 182  IC=[  +1.22,  +10.43, -0.11, +0.60, +0.37, -0.18]  t_coll=20.7s
  rollout 186  IC=[  +5.46,   +8.58, +0.22, +0.07, -2.13, +0.04]  t_coll=16.1s
  rollout 187  IC=[  +5.86,   +9.41, -0.07, -0.62, +1.94, +0.12]  t_coll=12.1s
  rollout 199  IC=[  +0.76,   +6.26, +0.13, -0.47, +0.75, -0.42]  t_coll=6.4s
  rollout 203  IC=[  +7.16,   +4.00, -0.65, -0.52, -2.02, -0.21]  t_coll=8.7s
  rollout 207  IC=[  -4.76,   +5.87, +0.66, -0.42, -2.82, +0.21]  t_coll=4.6s
  rollout 209  IC=[  -7.26,  +12.64, +0.07, +0.52, +1.72, -0.42]  t_coll=21.1s
  rollout 213  IC=[  +0.52,   +3.93, -0.70, -0.04, +0.57, -0.13]  t_coll=2.2s
  rollout 216  IC=[  -1.98,   +9.60, +0.35, -0.02, +2.23, -0.03]  t_coll=11.6s
  rollout 217  IC=[  +2.91,   -6.36, +0.75, +0.71, +2.94, +0.49]  t_coll=18.8s
  rollout 220  IC=[  -1.86,   +7.93, -0.10, +0.56, -2.62, -0.15]  t_coll=17.3s
  rollout 221  IC=[  +0.46,   +7.96, -0.33, +0.42, +1.45, -0.01]  t_coll=15.4s
  rollout 235  IC=[  +5.15,  +10.71, -0.59, -0.61, +0.23, -0.19]  t_coll=9.4s
  rollout 236  IC=[  -0.59,   +7.04, -0.28, +0.50, -0.82, -0.20]  t_coll=15.7s
  rollout 238  IC=[  +2.97,   +5.57, -0.43, -0.19, +2.87, -0.35]  t_coll=8.1s
  rollout 243  IC=[ -12.14,   +9.55, +0.70, +0.27, -2.39, -0.40]  t_coll=19.3s
  rollout 245  IC=[  +1.72,   +9.24, +0.66, +0.17, +0.86, -0.31]  t_coll=20.3s
  rollout 260  IC=[  +6.34,   -1.08, -0.62, +0.50, -2.21, -0.03]  t_coll=8.8s
  rollout 265  IC=[  +7.73,  +12.76, +0.09, -0.03, +1.32, +0.41]  t_coll=22.3s
  rollout 268  IC=[  +5.83,  +11.99, -0.21, +0.17, +3.01, +0.13]  t_coll=23.5s
  rollout 269  IC=[  +3.18,   +9.20, -0.10, +0.62, -2.44, -0.28]  t_coll=19.3s
  rollout 275  IC=[  +8.64,  +12.08, -0.62, -0.09, -2.57, +0.31]  t_coll=20.5s
  rollout 284  IC=[  +0.71,  +12.46, -0.13, +0.05, -0.15, +0.48]  t_coll=16.2s
  rollout 285  IC=[  -1.77,  +11.73, +0.19, +0.41, -1.70, +0.41]  t_coll=20.7s
  rollout 300  IC=[  +1.23,   +6.27, -0.01, +0.31, -0.46, -0.35]  t_coll=12.1s
  rollout 301  IC=[  +5.52,  +10.25, -0.51, -0.05, +2.46, +0.07]  t_coll=12.7s
  rollout 306  IC=[  +3.13,   +5.11, +0.56, +0.28, -2.15, -0.19]  t_coll=14.3s
  rollout 311  IC=[  +6.33,   +0.81, +0.22, +0.59, +3.08, +0.44]  t_coll=16.3s
  rollout 313  IC=[  +9.45,   +8.78, +0.20, +0.00, -1.86, -0.38]  t_coll=17.9s
  rollout 315  IC=[  +2.70,  +11.95, +0.64, -0.75, -2.97, -0.37]  t_coll=15.1s
  rollout 320  IC=[  -6.20,   +1.25, +0.18, +0.02, -1.52, -0.12]  t_coll=6.6s
  rollout 321  IC=[  +5.90,   +7.95, -0.12, +0.73, -0.57, -0.49]  t_coll=21.5s
  rollout 324  IC=[  +3.93,   +6.48, +0.22, -0.39, -0.64, -0.23]  t_coll=12.0s
  rollout 328  IC=[  +5.14,   +4.16, -0.67, +0.24, +0.39, +0.50]  t_coll=6.7s
  rollout 330  IC=[  +8.02,   +7.17, +0.67, +0.57, -1.91, +0.14]  t_coll=22.0s
  rollout 332  IC=[  -0.40,   +4.89, +0.13, +0.27, +1.03, -0.35]  t_coll=8.4s
  rollout 336  IC=[  +0.10,   +8.06, +0.32, +0.75, +1.64, +0.10]  t_coll=20.7s
  rollout 338  IC=[  +8.58,   +7.24, -0.20, +0.73, -1.23, -0.39]  t_coll=22.0s
  rollout 343  IC=[  -7.19,   +3.59, +0.39, +0.66, -0.29, -0.18]  t_coll=17.1s
  rollout 348  IC=[  +5.19,   +9.50, +0.17, +0.47, +1.58, -0.27]  t_coll=18.0s
  rollout 350  IC=[  +3.19,   +4.24, -0.58, +0.10, +0.02, -0.01]  t_coll=11.2s
  rollout 351  IC=[  +0.45,   +3.93, +0.45, -0.08, -2.65, -0.16]  t_coll=5.3s
  rollout 356  IC=[  -1.80,   +8.74, +0.42, -0.70, -0.68, -0.17]  t_coll=10.9s
  rollout 359  IC=[ +12.88,   +9.47, +0.04, +0.11, -3.09, +0.31]  t_coll=20.1s
  rollout 362  IC=[  +0.98,   +5.42, +0.55, +0.55, -0.25, +0.05]  t_coll=21.3s
  rollout 372  IC=[  -6.34,  +12.44, +0.25, +0.36, -2.66, -0.29]  t_coll=18.2s
  rollout 373  IC=[  +7.01,  +12.76, -0.56, -0.45, +2.15, -0.43]  t_coll=17.7s
  rollout 378  IC=[  -0.27,   +5.58, -0.56, +0.12, -0.06, +0.23]  t_coll=8.1s
  rollout 379  IC=[  +5.57,  +12.10, +0.18, -0.24, +2.23, -0.16]  t_coll=17.7s
  rollout 380  IC=[  -1.38,   +5.26, -0.07, +0.53, +2.35, -0.09]  t_coll=13.2s
  rollout 389  IC=[  +6.95,   -2.58, -0.30, +0.64, -2.35, +0.03]  t_coll=7.9s
  rollout 392  IC=[  +6.25,  +11.07, +0.34, -0.48, -0.74, +0.19]  t_coll=16.7s
  rollout 409  IC=[  -0.29,   +4.25, -0.72, -0.20, +0.97, -0.38]  t_coll=2.8s
  rollout 415  IC=[  +4.54,   +4.93, -0.11, -0.23, -0.01, -0.49]  t_coll=11.0s
  rollout 422  IC=[ -11.22,   +2.95, -0.19, +0.44, +1.03, -0.02]  t_coll=16.7s
  rollout 427  IC=[  +3.81,  +12.14, -0.05, -0.27, +2.07, +0.39]  t_coll=19.7s
  rollout 429  IC=[ +10.99,   +6.90, -0.02, +0.61, -1.25, +0.13]  t_coll=24.2s
  rollout 431  IC=[  +8.63,   +4.25, -0.72, +0.20, -1.90, +0.44]  t_coll=15.0s
  rollout 434  IC=[  +7.87,   +6.45, +0.42, +0.21, -2.63, -0.36]  t_coll=18.4s
  rollout 438  IC=[  +0.35,  +12.63, +0.49, +0.11, +2.01, +0.25]  t_coll=20.1s
  rollout 440  IC=[ +11.08,   +8.00, -0.32, +0.21, -1.20, +0.05]  t_coll=19.6s
  rollout 446  IC=[  -2.84,   +6.91, +0.22, +0.60, +2.89, +0.41]  t_coll=17.2s
  rollout 455  IC=[  -4.86,   +2.00, +0.35, +0.07, -0.83, -0.48]  t_coll=7.7s
  rollout 457  IC=[  +4.27,   +1.95, +0.49, +0.64, -1.52, +0.03]  t_coll=18.5s
  rollout 467  IC=[  +4.61,   +1.56, +0.55, +0.57, +1.60, -0.23]  t_coll=16.0s
  rollout 469  IC=[  +0.66,   +7.97, +0.71, +0.38, -1.28, -0.31]  t_coll=19.4s
  rollout 474  IC=[  +9.90,   +4.37, -0.17, +0.11, -2.34, +0.05]  t_coll=13.9s
  rollout 475  IC=[  +2.19,   +4.53, -0.05, +0.48, -1.22, +0.24]  t_coll=18.0s
  rollout 481  IC=[  +9.56,   +7.76, -0.53, -0.72, -0.38, -0.28]  t_coll=12.5s
  rollout 482  IC=[ +10.57,   +5.79, -0.51, +0.32, +1.15, -0.32]  t_coll=18.2s
  rollout 494  IC=[  -3.45,  +11.17, +0.47, -0.41, +1.58, -0.39]  t_coll=10.4s
  rollout 498  IC=[  +9.55,   +7.12, -0.40, -0.30, -0.58, +0.25]  t_coll=13.7s

Vanilla BRAT  (378 collision(s)):
  rollout   0  IC=[ -10.46,   +6.79, -0.38, -0.54, -1.06, -0.42]  t_coll=37.5s
  rollout   1  IC=[  +4.47,   +7.97, +0.72, +0.20, -1.78, +0.05]  t_coll=37.6s
  rollout   2  IC=[  +1.18,   -6.91, -0.58, -0.00, -2.19, +0.03]  t_coll=17.7s
  rollout   3  IC=[  -2.94,   +4.90, -0.19, +0.67, +1.74, +0.11]  t_coll=15.6s
  rollout   6  IC=[  +1.09,  -11.65, +0.49, +0.32, -2.86, -0.42]  t_coll=13.5s
  rollout   7  IC=[ -12.73,  +12.85, +0.15, -0.48, -0.85, +0.36]  t_coll=46.9s
  rollout   8  IC=[  -1.29,  +12.26, -0.55, +0.32, +2.64, +0.44]  t_coll=16.8s
  rollout  10  IC=[  +9.34,   -8.25, +0.34, +0.70, +2.50, +0.33]  t_coll=37.8s
  rollout  12  IC=[  -9.61,   -8.27, +0.75, -0.35, +2.37, -0.34]  t_coll=29.7s
  rollout  15  IC=[  +3.40,  +12.33, -0.12, -0.66, -2.65, -0.29]  t_coll=8.2s
  rollout  16  IC=[  -5.52,   -3.08, +0.50, -0.63, +2.02, +0.32]  t_coll=17.4s
  rollout  17  IC=[  -4.34,   +4.57, +0.73, +0.69, +1.07, +0.39]  t_coll=16.2s
  rollout  18  IC=[  -3.96,   +3.42, -0.47, -0.23, +3.05, +0.25]  t_coll=24.6s
  rollout  19  IC=[  +8.66,   -9.31, -0.73, +0.54, +1.33, +0.36]  t_coll=14.8s
  rollout  21  IC=[  +2.18,   -6.06, -0.67, +0.62, -1.24, -0.17]  t_coll=6.7s
  rollout  22  IC=[ -11.53,  -12.24, -0.56, -0.60, -2.12, -0.35]  t_coll=22.9s
  rollout  23  IC=[  -4.88,   +1.55, -0.23, -0.23, +0.71, -0.43]  t_coll=38.1s
  rollout  25  IC=[  +2.74,  -11.04, +0.09, -0.17, -1.84, -0.12]  t_coll=17.6s
  rollout  26  IC=[  -8.23,   -0.35, -0.66, -0.69, +1.05, -0.43]  t_coll=27.1s
  rollout  27  IC=[  +2.44,   +6.36, +0.52, +0.02, -2.36, -0.27]  t_coll=8.6s
  rollout  28  IC=[  -5.91,   +8.66, +0.39, -0.36, +2.33, -0.26]  t_coll=7.1s
  rollout  29  IC=[ -11.69,   +0.54, -0.03, +0.60, -0.98, +0.35]  t_coll=13.4s
  rollout  30  IC=[ -10.87,  -10.24, +0.43, +0.55, -0.85, -0.40]  t_coll=10.0s
  rollout  31  IC=[  +9.32,  -10.14, -0.58, -0.11, -2.97, -0.38]  t_coll=33.5s
  rollout  32  IC=[ -12.54,   -2.30, -0.04, -0.63, -1.79, +0.26]  t_coll=16.4s
  rollout  33  IC=[  -7.87,   -1.44, -0.25, -0.41, -1.16, -0.35]  t_coll=14.3s
  rollout  34  IC=[  +4.27,   -6.96, +0.37, -0.66, -0.06, -0.02]  t_coll=22.5s
  rollout  35  IC=[  +2.48,  -10.60, +0.66, +0.68, +0.15, +0.16]  t_coll=38.9s
  rollout  36  IC=[  +8.87,  -10.63, -0.11, -0.60, -0.97, +0.19]  t_coll=38.3s
  rollout  37  IC=[  -2.15,   -9.03, +0.36, -0.06, -2.34, -0.10]  t_coll=15.0s
  rollout  38  IC=[  -7.70,   +2.52, +0.66, -0.12, +1.91, +0.30]  t_coll=4.7s
  rollout  39  IC=[  -5.55,   +2.65, +0.09, -0.24, +0.82, -0.13]  t_coll=5.4s
  rollout  40  IC=[ +10.32,   +6.04, +0.17, +0.51, +1.13, +0.22]  t_coll=14.0s
  rollout  41  IC=[  +7.15,   +5.83, -0.23, -0.40, -1.88, +0.36]  t_coll=6.4s
  rollout  42  IC=[  +6.03,   +1.11, -0.45, +0.05, -1.23, +0.32]  t_coll=3.8s
  rollout  43  IC=[  +6.56,   +9.10, -0.17, -0.24, -3.07, -0.23]  t_coll=8.4s
  rollout  44  IC=[  +8.26,   -9.02, +0.33, +0.74, -2.43, +0.01]  t_coll=36.7s
  rollout  45  IC=[  +2.66,   -3.48, +0.74, -0.59, -1.96, -0.07]  t_coll=25.1s
  rollout  46  IC=[  -6.44,   -0.53, +0.58, -0.25, +2.66, -0.31]  t_coll=12.0s
  rollout  47  IC=[  +7.65,   -9.86, -0.72, -0.60, +2.11, +0.17]  t_coll=23.6s
  rollout  48  IC=[  +4.49,   -9.90, +0.40, -0.09, -1.35, +0.30]  t_coll=17.9s
  rollout  49  IC=[  -0.54,   +6.13, -0.13, -0.59, -1.87, -0.49]  t_coll=3.3s
  rollout  50  IC=[  -7.03,   +7.35, -0.56, +0.58, +1.66, -0.00]  t_coll=16.6s
  rollout  51  IC=[  +9.22,   -8.86, +0.64, +0.19, +2.26, -0.37]  t_coll=19.3s
  rollout  52  IC=[  +8.28,   +2.79, +0.50, +0.50, -0.70, +0.42]  t_coll=32.5s
  rollout  53  IC=[ -11.08,   -7.07, -0.35, +0.75, -2.38, -0.16]  t_coll=16.1s
  rollout  54  IC=[ +12.73,  +12.02, +0.60, -0.46, -2.58, -0.40]  t_coll=45.9s
  rollout  55  IC=[  +2.55,   +6.64, +0.27, -0.42, -1.29, +0.00]  t_coll=4.6s
  rollout  56  IC=[ -11.15,   +1.06, +0.27, -0.00, -0.51, +0.18]  t_coll=14.7s
  rollout  58  IC=[ -11.50,   -7.40, -0.57, -0.30, -3.09, +0.16]  t_coll=19.5s
  rollout  59  IC=[  +8.41,   -9.51, -0.43, +0.47, -1.27, -0.01]  t_coll=11.7s
  rollout  60  IC=[ -10.48,   +5.76, +0.57, -0.22, -1.83, +0.42]  t_coll=7.5s
  rollout  61  IC=[  +8.59,   +2.06, +0.07, -0.60, -0.29, +0.32]  t_coll=20.4s
  rollout  63  IC=[ -11.97,   -4.51, -0.05, -0.14, +0.38, +0.24]  t_coll=13.7s
  rollout  66  IC=[  +4.13,   +6.56, -0.63, +0.48, +1.66, -0.45]  t_coll=14.3s
  rollout  68  IC=[  -3.00,   -6.86, -0.73, -0.10, -1.50, -0.15]  t_coll=14.3s
  rollout  69  IC=[ +11.56,  -10.68, -0.42, +0.69, +0.00, -0.25]  t_coll=9.5s
  rollout  71  IC=[  +8.29,   +2.90, +0.40, -0.69, +1.44, -0.46]  t_coll=27.4s
  rollout  73  IC=[  -8.19,   -7.93, -0.06, -0.45, +1.77, -0.19]  t_coll=19.9s
  rollout  74  IC=[  -3.82,   -2.41, +0.16, -0.04, -0.03, +0.37]  t_coll=9.9s
  rollout  75  IC=[  +8.13,  +12.50, +0.31, -0.67, -2.63, -0.49]  t_coll=42.2s
  rollout  76  IC=[  -7.89,   +3.77, -0.32, +0.41, +1.86, -0.07]  t_coll=13.4s
  rollout  77  IC=[  -5.35,   +6.35, +0.14, -0.27, -2.57, -0.44]  t_coll=5.9s
  rollout  78  IC=[  -9.35,   -6.91, +0.56, -0.37, +2.72, -0.07]  t_coll=28.0s
  rollout  79  IC=[  +5.14,   -6.33, +0.69, -0.36, +3.03, -0.23]  t_coll=16.2s
  rollout  81  IC=[ +12.19,   +6.58, -0.42, +0.47, -1.95, -0.35]  t_coll=14.2s
  rollout  82  IC=[  -8.41,   +8.71, -0.14, -0.11, +2.59, -0.20]  t_coll=11.6s
  rollout  83  IC=[  -7.22,   +6.83, +0.06, +0.71, -2.04, -0.15]  t_coll=17.8s
  rollout  84  IC=[  -9.59,   -5.65, -0.56, +0.49, +2.60, +0.04]  t_coll=18.0s
  rollout  86  IC=[  -1.20,   +7.21, +0.46, +0.13, -1.05, +0.27]  t_coll=9.8s
  rollout  87  IC=[  -1.51,  -12.10, -0.21, -0.70, +0.27, -0.19]  t_coll=26.2s
  rollout  90  IC=[  -3.36,   -8.85, -0.52, +0.54, -1.41, +0.13]  t_coll=10.3s
  rollout  91  IC=[  +8.42,   -6.48, +0.21, -0.07, -0.16, -0.19]  t_coll=12.9s
  rollout  92  IC=[  -5.19,   +1.50, -0.11, +0.57, +0.89, -0.48]  t_coll=7.4s
  rollout  93  IC=[  -5.95,   +6.67, -0.74, +0.52, -1.87, -0.08]  t_coll=17.7s
  rollout  94  IC=[  -3.58,   +7.64, +0.60, -0.51, +1.02, -0.32]  t_coll=5.3s
  rollout  95  IC=[  +6.76,   +1.54, +0.72, -0.31, +2.71, +0.32]  t_coll=27.4s
  rollout  96  IC=[  -2.15,   -7.17, -0.15, -0.25, +2.77, -0.04]  t_coll=17.1s
  rollout  97  IC=[  -0.31,   +3.93, +0.46, +0.13, -0.85, -0.14]  t_coll=37.1s
  rollout  99  IC=[  +1.15,  +10.27, -0.12, +0.45, -2.38, -0.36]  t_coll=17.1s
  rollout 100  IC=[ -11.81,   +2.52, -0.36, +0.69, -2.95, -0.11]  t_coll=17.0s
  rollout 102  IC=[  +5.88,   +7.79, +0.05, -0.20, -0.14, -0.41]  t_coll=8.3s
  rollout 104  IC=[  +6.83,   +0.58, -0.51, -0.29, +0.35, -0.29]  t_coll=14.9s
  rollout 106  IC=[  +3.68,   -7.21, +0.15, +0.32, -0.82, -0.42]  t_coll=13.9s
  rollout 107  IC=[  -1.19,   +5.12, +0.47, +0.75, +2.93, +0.41]  t_coll=17.0s
  rollout 108  IC=[  -5.99,   +2.36, +0.30, +0.72, -1.39, -0.00]  t_coll=14.6s
  rollout 110  IC=[  -0.29,  -11.44, -0.07, +0.68, +1.45, -0.39]  t_coll=9.7s
  rollout 111  IC=[  +3.95,   +7.03, +0.29, +0.37, -0.95, +0.16]  t_coll=12.8s
  rollout 112  IC=[  -8.78,   +8.30, -0.40, +0.36, -1.27, +0.43]  t_coll=15.1s
  rollout 116  IC=[  +9.99,   +2.76, -0.48, +0.44, -1.48, +0.33]  t_coll=8.1s
  rollout 117  IC=[  -8.31,   +6.42, -0.31, -0.66, -1.69, -0.31]  t_coll=30.8s
  rollout 119  IC=[  +9.37,   +2.99, +0.42, +0.49, -1.56, -0.31]  t_coll=31.7s
  rollout 120  IC=[  -5.64,  -12.77, +0.54, +0.48, +2.26, -0.22]  t_coll=14.5s
  rollout 121  IC=[  -5.46,  -12.84, +0.18, -0.22, +1.43, +0.33]  t_coll=21.7s
  rollout 122  IC=[  -1.58,  +12.28, -0.01, +0.16, -1.62, +0.35]  t_coll=14.8s
  rollout 123  IC=[  -8.11,   -1.02, +0.06, +0.19, -2.57, +0.22]  t_coll=22.2s
  rollout 124  IC=[  -0.93,   -3.23, -0.53, -0.46, -1.05, +0.45]  t_coll=16.5s
  rollout 126  IC=[ -10.82,   +8.18, -0.46, -0.29, -2.92, -0.49]  t_coll=40.0s
  rollout 127  IC=[  +3.38,   -3.15, -0.14, -0.49, +2.18, +0.44]  t_coll=14.7s
  rollout 130  IC=[  -0.24,   +6.07, -0.03, -0.50, -1.70, -0.50]  t_coll=3.6s
  rollout 131  IC=[  -3.40,  -10.07, +0.34, +0.23, +0.62, +0.42]  t_coll=14.5s
  rollout 132  IC=[  -1.37,   -3.95, +0.29, -0.17, +2.28, +0.28]  t_coll=22.7s
  rollout 133  IC=[  -6.46,   +6.21, -0.58, +0.48, +2.49, +0.24]  t_coll=15.6s
  rollout 134  IC=[  +3.70,   -8.71, +0.17, -0.65, +0.96, -0.29]  t_coll=22.8s
  rollout 135  IC=[  +1.01,   +9.82, -0.34, +0.07, -1.23, +0.08]  t_coll=11.9s
  rollout 136  IC=[ -10.23,   +9.46, -0.50, +0.02, -0.15, -0.43]  t_coll=39.2s
  rollout 137  IC=[  +9.17,   +4.32, -0.43, -0.32, -0.32, -0.07]  t_coll=31.1s
  rollout 138  IC=[ +10.08,   -8.58, +0.04, -0.56, +0.53, +0.38]  t_coll=32.1s
  rollout 139  IC=[  -6.66,   -5.57, -0.27, +0.57, +2.46, -0.30]  t_coll=10.9s
  rollout 142  IC=[  +4.73,   +5.78, -0.56, -0.05, +2.52, -0.25]  t_coll=7.4s
  rollout 143  IC=[  -5.83,   -7.40, +0.70, +0.73, -3.06, +0.26]  t_coll=6.7s
  rollout 144  IC=[ +10.36,   -6.71, -0.00, +0.43, +2.03, -0.22]  t_coll=12.0s
  rollout 146  IC=[  +8.36,   -7.53, +0.19, +0.58, -2.52, +0.33]  t_coll=12.1s
  rollout 147  IC=[  +4.36,  -12.95, +0.68, +0.00, +2.80, -0.17]  t_coll=16.9s
  rollout 148  IC=[  -9.04,   -6.48, -0.31, +0.12, +0.63, +0.27]  t_coll=14.2s
  rollout 149  IC=[  -8.46,   +6.30, +0.02, +0.74, +0.09, -0.29]  t_coll=17.8s
  rollout 150  IC=[  +1.53,   -8.61, +0.15, -0.48, -2.55, +0.22]  t_coll=20.3s
  rollout 156  IC=[  +4.85,   +0.83, -0.16, +0.12, +1.06, +0.22]  t_coll=3.8s
  rollout 157  IC=[  -9.83,  +12.79, -0.36, -0.15, +0.27, +0.19]  t_coll=45.4s
  rollout 158  IC=[  -9.11,  +11.07, -0.72, -0.25, -0.24, +0.44]  t_coll=42.8s
  rollout 159  IC=[  -2.43,   -8.02, -0.22, +0.17, -0.21, +0.28]  t_coll=11.9s
  rollout 160  IC=[  +8.93,  -12.17, -0.71, -0.10, -0.06, +0.26]  t_coll=33.8s
  rollout 161  IC=[  +1.96,  +10.85, +0.36, +0.14, -2.04, -0.24]  t_coll=13.7s
  rollout 162  IC=[  +0.33,  +10.00, -0.20, +0.74, -0.76, +0.47]  t_coll=21.1s
  rollout 163  IC=[  +5.50,  -10.29, -0.19, -0.44, +1.42, -0.10]  t_coll=22.1s
  rollout 165  IC=[  +5.45,  -11.24, -0.22, -0.35, -1.92, +0.06]  t_coll=20.4s
  rollout 166  IC=[  -5.54,   +4.89, +0.34, -0.72, +0.83, +0.45]  t_coll=3.7s
  rollout 168  IC=[ -10.27,   -7.70, -0.09, -0.74, +1.08, +0.33]  t_coll=47.6s
  rollout 169  IC=[  +2.14,   +6.99, -0.57, -0.32, -2.65, +0.14]  t_coll=5.8s
  rollout 170  IC=[  +9.45,  +12.99, -0.14, +0.64, -0.32, +0.23]  t_coll=56.7s
  rollout 171  IC=[  -6.90,  +11.54, -0.50, +0.07, +0.68, -0.31]  t_coll=14.6s
  rollout 172  IC=[  -1.00,   +6.27, -0.58, +0.59, +1.84, -0.34]  t_coll=15.6s
  rollout 173  IC=[ -12.79,   -0.04, -0.58, +0.32, -2.55, -0.49]  t_coll=57.9s
  rollout 174  IC=[  +2.48,   +3.85, -0.35, -0.08, -2.88, -0.11]  t_coll=17.8s
  rollout 175  IC=[  -1.65,   -2.49, +0.06, +0.54, -2.30, +0.16]  t_coll=4.7s
  rollout 176  IC=[  -3.19,  +12.62, -0.57, +0.22, -1.81, +0.19]  t_coll=15.9s
  rollout 178  IC=[ -11.26,   -7.04, -0.73, +0.01, +2.71, -0.37]  t_coll=21.7s
  rollout 180  IC=[  +6.64,   +1.73, +0.50, -0.01, +0.46, -0.47]  t_coll=24.7s
  rollout 182  IC=[  +1.22,  +10.43, -0.11, +0.60, +0.37, -0.18]  t_coll=19.2s
  rollout 184  IC=[  -8.97,   +3.14, +0.14, +0.71, +0.09, +0.30]  t_coll=13.6s
  rollout 185  IC=[ +11.00,  +11.69, +0.57, -0.63, -2.04, +0.41]  t_coll=42.7s
  rollout 186  IC=[  +5.46,   +8.58, +0.22, +0.07, -2.13, +0.04]  t_coll=10.9s
  rollout 187  IC=[  +5.86,   +9.41, -0.07, -0.62, +1.94, +0.12]  t_coll=6.5s
  rollout 188  IC=[  -3.84,  +11.67, +0.15, -0.31, -0.03, -0.17]  t_coll=10.0s
  rollout 189  IC=[  +4.96,  -11.25, +0.32, +0.69, -3.07, -0.39]  t_coll=9.9s
  rollout 190  IC=[ -12.08,   +3.56, -0.33, -0.66, -1.96, -0.23]  t_coll=25.8s
  rollout 191  IC=[  -1.34,  -11.81, -0.37, -0.09, +2.56, +0.23]  t_coll=18.2s
  rollout 192  IC=[  +1.51,   -5.88, -0.49, -0.70, +2.30, -0.01]  t_coll=21.9s
  rollout 193  IC=[ -11.72,   +5.56, +0.39, +0.56, +2.42, -0.23]  t_coll=13.9s
  rollout 194  IC=[ -10.01,   -6.45, +0.67, -0.70, -0.89, -0.02]  t_coll=30.3s
  rollout 195  IC=[ +10.56,   -8.57, +0.01, +0.62, -1.44, +0.41]  t_coll=12.1s
  rollout 196  IC=[  +2.19,  -10.39, -0.42, -0.22, -0.60, -0.17]  t_coll=19.0s
  rollout 199  IC=[  +0.76,   +6.26, +0.13, -0.47, +0.75, -0.42]  t_coll=4.1s
  rollout 200  IC=[  -4.31,  +11.19, +0.40, -0.34, +2.17, +0.39]  t_coll=9.4s
  rollout 201  IC=[  +1.54,   -1.27, +0.42, -0.57, +2.88, +0.40]  t_coll=28.7s
  rollout 202  IC=[  +6.99,  -10.80, +0.54, +0.50, -0.15, +0.32]  t_coll=30.5s
  rollout 203  IC=[  +7.16,   +4.00, -0.65, -0.52, -2.02, -0.21]  t_coll=4.3s
  rollout 204  IC=[  +6.33,   -8.66, -0.54, -0.38, -2.16, +0.02]  t_coll=18.6s
  rollout 205  IC=[ -12.25,   -4.39, +0.67, +0.56, -0.32, +0.18]  t_coll=8.3s
  rollout 207  IC=[  -4.76,   +5.87, +0.66, -0.42, -2.82, +0.21]  t_coll=3.7s
  rollout 208  IC=[  +2.27,   -9.28, +0.64, -0.13, -0.73, +0.35]  t_coll=16.1s
  rollout 209  IC=[  -7.26,  +12.64, +0.07, +0.52, +1.72, -0.42]  t_coll=19.7s
  rollout 211  IC=[  +1.11,  -12.63, -0.16, +0.34, -2.10, +0.25]  t_coll=16.0s
  rollout 212  IC=[ -10.21,   -7.15, -0.68, -0.26, +2.47, -0.39]  t_coll=20.2s
  rollout 213  IC=[  +0.52,   +3.93, -0.70, -0.04, +0.57, -0.13]  t_coll=23.2s
  rollout 214  IC=[  -5.60,   +1.90, +0.13, +0.73, -1.33, +0.12]  t_coll=18.9s
  rollout 216  IC=[  -1.98,   +9.60, +0.35, -0.02, +2.23, -0.03]  t_coll=10.9s
  rollout 217  IC=[  +2.91,   -6.36, +0.75, +0.71, +2.94, +0.49]  t_coll=15.4s
  rollout 219  IC=[  +0.06,   -1.98, -0.32, +0.32, +2.99, -0.27]  t_coll=10.3s
  rollout 220  IC=[  -1.86,   +7.93, -0.10, +0.56, -2.62, -0.15]  t_coll=16.5s
  rollout 221  IC=[  +0.46,   +7.96, -0.33, +0.42, +1.45, -0.01]  t_coll=14.7s
  rollout 223  IC=[  +5.99,  -12.26, +0.38, -0.20, +2.67, +0.39]  t_coll=20.4s
  rollout 225  IC=[  +9.92,   +1.05, -0.63, +0.25, +0.52, -0.25]  t_coll=6.7s
  rollout 226  IC=[  -8.12,   +9.00, -0.23, -0.21, +2.08, -0.15]  t_coll=37.7s
  rollout 228  IC=[  +1.51,   -5.27, -0.02, -0.69, +2.77, +0.44]  t_coll=20.7s
  rollout 230  IC=[ +10.78,   -6.58, -0.17, +0.64, -2.34, -0.05]  t_coll=10.6s
  rollout 231  IC=[  +0.63,  -12.30, +0.57, -0.56, -1.82, -0.19]  t_coll=25.6s
  rollout 232  IC=[  -6.49,   -7.17, +0.20, -0.12, -0.21, -0.12]  t_coll=15.6s
  rollout 233  IC=[  -3.06,   -5.10, +0.23, -0.02, +2.68, +0.00]  t_coll=12.2s
  rollout 234  IC=[  -6.21,   -6.89, +0.17, -0.15, +2.39, -0.07]  t_coll=14.7s
  rollout 235  IC=[  +5.15,  +10.71, -0.59, -0.61, +0.23, -0.19]  t_coll=7.4s
  rollout 236  IC=[  -0.59,   +7.04, -0.28, +0.50, -0.82, -0.20]  t_coll=14.7s
  rollout 237  IC=[  -1.49,   -8.17, +0.55, +0.42, -1.59, +0.14]  t_coll=15.6s
  rollout 238  IC=[  +2.97,   +5.57, -0.43, -0.19, +2.87, -0.35]  t_coll=6.0s
  rollout 239  IC=[ +11.17,   -7.50, -0.53, -0.32, -1.82, +0.34]  t_coll=35.8s
  rollout 240  IC=[  +1.94,   -5.56, -0.60, -0.73, +1.11, -0.41]  t_coll=22.3s
  rollout 241  IC=[  +2.55,  -10.09, -0.42, +0.68, +0.84, -0.43]  t_coll=9.0s
  rollout 242  IC=[  -5.23,  +10.75, -0.68, -0.22, +2.67, +0.41]  t_coll=41.3s
  rollout 244  IC=[  +8.52,  +12.35, -0.08, +0.59, -0.37, +0.10]  t_coll=52.9s
  rollout 245  IC=[  +1.72,   +9.24, +0.66, +0.17, +0.86, -0.31]  t_coll=12.5s
  rollout 246  IC=[  -0.25,   -8.85, -0.61, +0.32, +1.37, -0.24]  t_coll=12.2s
  rollout 247  IC=[  +1.46,  -11.85, +0.40, -0.37, -0.05, +0.02]  t_coll=21.5s
  rollout 248  IC=[  +7.54,   -2.63, -0.57, -0.68, -2.15, -0.32]  t_coll=23.0s
  rollout 250  IC=[ +11.87,   -8.65, +0.25, -0.42, +0.22, -0.28]  t_coll=20.2s
  rollout 252  IC=[  -8.52,   +0.50, +0.68, -0.69, +0.99, +0.37]  t_coll=14.6s
  rollout 253  IC=[  -1.80,   -2.71, +0.50, -0.04, -2.79, -0.01]  t_coll=16.1s
  rollout 254  IC=[ +12.93,   -6.06, -0.07, +0.47, +1.97, -0.47]  t_coll=13.2s
  rollout 255  IC=[ -11.48,  -10.93, -0.28, +0.10, +1.69, +0.06]  t_coll=15.8s
  rollout 256  IC=[  -5.57,   +2.78, +0.32, -0.30, +2.99, +0.24]  t_coll=4.5s
  rollout 258  IC=[  -4.51,   -8.39, +0.65, +0.08, +2.62, +0.44]  t_coll=13.0s
  rollout 260  IC=[  +6.34,   -1.08, -0.62, +0.50, -2.21, -0.03]  t_coll=3.4s
  rollout 263  IC=[  +9.50,   -6.05, -0.15, -0.15, -0.49, -0.14]  t_coll=21.3s
  rollout 264  IC=[  +3.10,   -3.80, +0.32, -0.61, -0.33, -0.18]  t_coll=18.1s
  rollout 265  IC=[  +7.73,  +12.76, +0.09, -0.03, +1.32, +0.41]  t_coll=13.3s
  rollout 266  IC=[ +12.89,  -12.52, +0.06, +0.18, +1.27, +0.49]  t_coll=14.6s
  rollout 267  IC=[  -5.49,   -5.78, +0.31, -0.40, -3.11, +0.24]  t_coll=16.8s
  rollout 268  IC=[  +5.83,  +11.99, -0.21, +0.17, +3.01, +0.13]  t_coll=15.0s
  rollout 269  IC=[  +3.18,   +9.20, -0.10, +0.62, -2.44, -0.28]  t_coll=18.6s
  rollout 271  IC=[  -2.76,  -11.21, -0.49, -0.36, -2.57, +0.08]  t_coll=21.1s
  rollout 273  IC=[  -7.51,   +8.44, +0.11, -0.29, +0.38, +0.35]  t_coll=8.3s
  rollout 274  IC=[  -8.41,   -9.80, +0.21, +0.15, +1.20, +0.30]  t_coll=16.1s
  rollout 276  IC=[  -6.48,   -8.46, -0.35, +0.07, +2.98, +0.07]  t_coll=12.9s
  rollout 278  IC=[  +9.56,   +9.64, +0.75, +0.46, -1.45, -0.04]  t_coll=49.7s
  rollout 279  IC=[ -11.82,   +5.16, +0.44, -0.57, +1.18, -0.02]  t_coll=29.9s
  rollout 280  IC=[ -12.36,   -3.82, -0.08, +0.22, +0.81, -0.40]  t_coll=24.0s
  rollout 281  IC=[  -8.33,   +8.89, +0.11, +0.22, -3.13, -0.36]  t_coll=12.7s
  rollout 282  IC=[ -11.67,  -12.69, +0.70, -0.68, -1.42, +0.03]  t_coll=53.2s
  rollout 283  IC=[  +7.64,  -10.84, -0.30, -0.04, -1.20, +0.41]  t_coll=15.6s
  rollout 284  IC=[  +0.71,  +12.46, -0.13, +0.05, -0.15, +0.48]  t_coll=13.9s
  rollout 285  IC=[  -1.77,  +11.73, +0.19, +0.41, -1.70, +0.41]  t_coll=17.5s
  rollout 286  IC=[  +9.51,   -0.82, +0.53, +0.57, -1.65, -0.38]  t_coll=27.5s
  rollout 287  IC=[  +5.74,   +1.44, -0.22, -0.01, +2.14, -0.46]  t_coll=4.7s
  rollout 288  IC=[  +6.13,   +4.03, -0.50, -0.75, +0.07, -0.14]  t_coll=3.8s
  rollout 289  IC=[  +1.15,  -11.33, -0.26, -0.34, +2.88, +0.02]  t_coll=21.6s
  rollout 291  IC=[  -4.01,   -1.67, +0.50, -0.45, +0.64, -0.32]  t_coll=16.7s
  rollout 292  IC=[  +5.74,   -9.85, +0.67, -0.23, +2.78, -0.03]  t_coll=16.9s
  rollout 293  IC=[  -2.46,   -8.81, -0.04, -0.69, +0.19, +0.23]  t_coll=24.4s
  rollout 295  IC=[  -2.96,   -0.95, -0.05, -0.02, -2.53, +0.15]  t_coll=19.9s
  rollout 296  IC=[  -1.25,   +4.52, -0.62, +0.70, +0.99, -0.24]  t_coll=15.8s
  rollout 297  IC=[  +1.74,   -6.56, -0.35, -0.56, -2.21, -0.14]  t_coll=19.0s
  rollout 300  IC=[  +1.23,   +6.27, -0.01, +0.31, -0.46, -0.35]  t_coll=11.1s
  rollout 301  IC=[  +5.52,  +10.25, -0.51, -0.05, +2.46, +0.07]  t_coll=11.3s
  rollout 302  IC=[  -0.87,   +6.11, -0.58, +0.37, +1.17, +0.01]  t_coll=11.9s
  rollout 303  IC=[ +12.63,  +10.01, +0.16, -0.32, -0.79, +0.32]  t_coll=39.1s
  rollout 304  IC=[  -0.36,   -7.60, -0.35, -0.21, +0.41, +0.01]  t_coll=15.7s
  rollout 306  IC=[  +3.13,   +5.11, +0.56, +0.28, -2.15, -0.19]  t_coll=10.9s
  rollout 307  IC=[  -2.94,   -4.16, +0.30, -0.29, +1.66, -0.46]  t_coll=13.8s
  rollout 311  IC=[  +6.33,   +0.81, +0.22, +0.59, +3.08, +0.44]  t_coll=10.1s
  rollout 312  IC=[  -7.07,   -6.95, -0.05, +0.60, +2.31, -0.02]  t_coll=9.0s
  rollout 313  IC=[  +9.45,   +8.78, +0.20, +0.00, -1.86, -0.38]  t_coll=13.0s
  rollout 314  IC=[  +3.56,   -1.56, -0.11, -0.31, +1.58, -0.41]  t_coll=26.6s
  rollout 315  IC=[  +2.70,  +11.95, +0.64, -0.75, -2.97, -0.37]  t_coll=47.1s
  rollout 316  IC=[  -8.59,  +11.31, -0.06, +0.06, +1.82, -0.17]  t_coll=13.2s
  rollout 318  IC=[  -9.08,  -10.82, -0.03, +0.54, +1.75, +0.33]  t_coll=10.8s
  rollout 319  IC=[  -5.00,   -2.04, -0.04, +0.05, +2.01, +0.35]  t_coll=23.8s
  rollout 320  IC=[  -6.20,   +1.25, +0.18, +0.02, -1.52, -0.12]  t_coll=6.1s
  rollout 321  IC=[  +5.90,   +7.95, -0.12, +0.73, -0.57, -0.49]  t_coll=19.5s
  rollout 323  IC=[ -10.35,   +9.32, -0.70, -0.03, +1.36, -0.22]  t_coll=44.6s
  rollout 324  IC=[  +3.93,   +6.48, +0.22, -0.39, -0.64, -0.23]  t_coll=6.1s
  rollout 325  IC=[ -12.64,   +5.70, +0.40, -0.59, -0.50, +0.14]  t_coll=34.6s
  rollout 326  IC=[  +4.15,  -10.44, +0.50, +0.22, -0.73, +0.45]  t_coll=12.5s
  rollout 328  IC=[  +5.14,   +4.16, -0.67, +0.24, +0.39, +0.50]  t_coll=14.2s
  rollout 329  IC=[ +10.15,  -11.26, +0.50, +0.41, +3.06, +0.08]  t_coll=37.2s
  rollout 330  IC=[  +8.02,   +7.17, +0.67, +0.57, -1.91, +0.14]  t_coll=18.3s
  rollout 331  IC=[  -6.46,   +6.63, +0.57, +0.16, -3.09, -0.11]  t_coll=9.6s
  rollout 332  IC=[  -0.40,   +4.89, +0.13, +0.27, +1.03, -0.35]  t_coll=21.7s
  rollout 333  IC=[  +5.34,   -8.79, -0.30, +0.65, -2.48, +0.17]  t_coll=8.1s
  rollout 334  IC=[  +8.79,   -1.30, -0.60, -0.39, -2.81, -0.31]  t_coll=12.8s
  rollout 335  IC=[  +0.69,  -11.68, -0.06, +0.61, +0.70, +0.39]  t_coll=12.7s
  rollout 336  IC=[  +0.10,   +8.06, +0.32, +0.75, +1.64, +0.10]  t_coll=19.7s
  rollout 337  IC=[  -8.59,   -8.15, +0.06, -0.17, +1.05, -0.20]  t_coll=17.9s
  rollout 338  IC=[  +8.58,   +7.24, -0.20, +0.73, -1.23, -0.39]  t_coll=43.6s
  rollout 339  IC=[  +6.94,  +10.38, +0.64, +0.47, -0.65, +0.03]  t_coll=17.6s
  rollout 340  IC=[  +0.28,   -2.22, +0.38, -0.75, +0.30, -0.23]  t_coll=20.4s
  rollout 341  IC=[  +5.08,   -5.95, -0.45, +0.09, -1.66, +0.05]  t_coll=13.6s
  rollout 342  IC=[  +0.32,   -2.01, -0.35, -0.54, -0.72, -0.22]  t_coll=32.3s
  rollout 345  IC=[  -5.53,   -8.95, -0.05, -0.49, +0.02, +0.45]  t_coll=24.1s
  rollout 347  IC=[  +7.29,  -10.28, -0.69, -0.40, -0.89, +0.28]  t_coll=40.2s
  rollout 348  IC=[  +5.19,   +9.50, +0.17, +0.47, +1.58, -0.27]  t_coll=16.9s
  rollout 349  IC=[  -6.33,  -10.07, -0.25, +0.27, +0.89, -0.09]  t_coll=15.7s
  rollout 350  IC=[  +3.19,   +4.24, -0.58, +0.10, +0.02, -0.01]  t_coll=24.7s
  rollout 352  IC=[ +12.65,   -0.95, +0.20, +0.27, -1.58, -0.03]  t_coll=24.0s
  rollout 353  IC=[  +7.40,   -9.10, +0.21, -0.46, +0.43, +0.45]  t_coll=23.6s
  rollout 354  IC=[ -11.61,   -2.68, +0.11, +0.30, +1.70, +0.07]  t_coll=29.3s
  rollout 356  IC=[  -1.80,   +8.74, +0.42, -0.70, -0.68, -0.17]  t_coll=5.3s
  rollout 359  IC=[ +12.88,   +9.47, +0.04, +0.11, -3.09, +0.31]  t_coll=14.2s
  rollout 360  IC=[ +11.95,   +1.62, +0.66, -0.40, +1.15, -0.13]  t_coll=35.7s
  rollout 361  IC=[ -11.80,  -11.93, -0.00, +0.13, +0.42, +0.11]  t_coll=15.4s
  rollout 362  IC=[  +0.98,   +5.42, +0.55, +0.55, -0.25, +0.05]  t_coll=14.0s
  rollout 363  IC=[  +1.65,  -10.72, +0.30, -0.44, +1.30, +0.22]  t_coll=21.9s
  rollout 365  IC=[  -7.79,   -1.61, +0.70, +0.40, -0.38, +0.08]  t_coll=14.4s
  rollout 367  IC=[ +10.38,   -1.84, -0.57, +0.66, +2.85, -0.43]  t_coll=7.4s
  rollout 368  IC=[  -9.18,   +8.66, -0.04, -0.74, +2.64, -0.10]  t_coll=36.9s
  rollout 369  IC=[  +1.16,   -4.96, -0.35, +0.49, -1.46, +0.32]  t_coll=12.2s
  rollout 370  IC=[  +7.77,   +1.89, +0.13, +0.13, +0.48, -0.24]  t_coll=22.2s
  rollout 372  IC=[  -6.34,  +12.44, +0.25, +0.36, -2.66, -0.29]  t_coll=17.3s
  rollout 373  IC=[  +7.01,  +12.76, -0.56, -0.45, +2.15, -0.43]  t_coll=10.0s
  rollout 374  IC=[  -6.99,   +7.29, -0.33, +0.14, -2.09, +0.12]  t_coll=12.4s
  rollout 376  IC=[  -4.46,  -12.15, -0.03, -0.12, -0.43, -0.11]  t_coll=19.0s
  rollout 377  IC=[  -6.50,   +6.24, +0.51, -0.21, -1.75, -0.48]  t_coll=5.5s
  rollout 378  IC=[  -0.27,   +5.58, -0.56, +0.12, -0.06, +0.23]  t_coll=7.5s
  rollout 379  IC=[  +5.57,  +12.10, +0.18, -0.24, +2.23, -0.16]  t_coll=11.1s
  rollout 380  IC=[  -1.38,   +5.26, -0.07, +0.53, +2.35, -0.09]  t_coll=13.5s
  rollout 381  IC=[  -2.94,   -6.07, -0.56, +0.38, -0.11, +0.37]  t_coll=30.0s
  rollout 382  IC=[  +9.96,  -10.86, +0.08, +0.03, +0.18, +0.09]  t_coll=17.3s
  rollout 383  IC=[  +3.32,   -4.71, -0.13, +0.14, -2.83, +0.46]  t_coll=27.5s
  rollout 384  IC=[  -8.99,  +11.83, +0.14, +0.09, +1.97, +0.33]  t_coll=13.8s
  rollout 387  IC=[  -6.85,   -7.87, -0.03, -0.09, -0.38, +0.01]  t_coll=16.1s
  rollout 389  IC=[  +6.95,   -2.58, -0.30, +0.64, -2.35, +0.03]  t_coll=5.9s
  rollout 390  IC=[  -2.94,   -7.92, -0.66, +0.24, -2.12, +0.38]  t_coll=11.9s
  rollout 391  IC=[ -11.18,   -6.60, -0.24, +0.65, -0.86, +0.26]  t_coll=15.0s
  rollout 392  IC=[  +6.25,  +11.07, +0.34, -0.48, -0.74, +0.19]  t_coll=45.6s
  rollout 393  IC=[  -7.69,   -9.20, -0.58, +0.49, +2.41, -0.22]  t_coll=16.5s
  rollout 395  IC=[  -6.43,  -10.23, -0.42, +0.71, -2.04, -0.48]  t_coll=12.7s
  rollout 398  IC=[ +10.55,   -9.50, -0.21, +0.42, -2.09, +0.17]  t_coll=10.7s
  rollout 400  IC=[  +3.94,   +4.87, -0.05, -0.51, -2.18, +0.28]  t_coll=3.3s
  rollout 401  IC=[  +0.17,  -10.12, +0.10, -0.18, +0.83, -0.29]  t_coll=18.3s
  rollout 402  IC=[ +10.23,   +1.41, -0.12, +0.71, +0.28, +0.02]  t_coll=10.8s
  rollout 403  IC=[  -4.90,  -11.65, +0.14, +0.17, -1.11, +0.28]  t_coll=16.2s
  rollout 404  IC=[  -9.28,   +4.61, +0.43, +0.10, -2.02, +0.12]  t_coll=7.3s
  rollout 405  IC=[  +4.72,  -12.75, -0.71, +0.64, +0.88, +0.32]  t_coll=12.3s
  rollout 408  IC=[  -6.45,   -2.68, +0.56, -0.09, -3.10, -0.33]  t_coll=12.2s
  rollout 409  IC=[  -0.29,   +4.25, -0.72, -0.20, +0.97, -0.38]  t_coll=20.7s
  rollout 412  IC=[ -10.91,   +9.51, -0.44, +0.02, -0.43, -0.48]  t_coll=39.7s
  rollout 413  IC=[  +5.34,   -3.87, -0.53, +0.65, -2.00, -0.43]  t_coll=6.4s
  rollout 415  IC=[  +4.54,   +4.93, -0.11, -0.23, -0.01, -0.49]  t_coll=8.4s
  rollout 418  IC=[  +4.40,   +3.46, -0.13, -0.32, -1.12, +0.08]  t_coll=13.1s
  rollout 420  IC=[  -2.61,   -6.25, +0.60, -0.73, -2.01, +0.05]  t_coll=21.4s
  rollout 421  IC=[  -7.56,   -4.44, -0.60, -0.05, -0.48, -0.13]  t_coll=20.2s
  rollout 423  IC=[ -11.75,   -6.11, -0.33, +0.69, -1.97, -0.08]  t_coll=16.4s
  rollout 425  IC=[  -4.07,  +11.38, -0.66, -0.00, +2.80, -0.41]  t_coll=14.7s
  rollout 426  IC=[  -5.69,   -7.16, +0.39, -0.75, +1.41, +0.25]  t_coll=24.9s
  rollout 427  IC=[  +3.81,  +12.14, -0.05, -0.27, +2.07, +0.39]  t_coll=10.7s
  rollout 428  IC=[  +9.04,   -4.54, +0.09, +0.67, -0.48, +0.05]  t_coll=11.6s
  rollout 429  IC=[ +10.99,   +6.90, -0.02, +0.61, -1.25, +0.13]  t_coll=16.7s
  rollout 431  IC=[  +8.63,   +4.25, -0.72, +0.20, -1.90, +0.44]  t_coll=42.2s
  rollout 433  IC=[  +8.36,   -8.20, +0.65, -0.23, -0.55, -0.19]  t_coll=18.5s
  rollout 434  IC=[  +7.87,   +6.45, +0.42, +0.21, -2.63, -0.36]  t_coll=35.7s
  rollout 435  IC=[  -9.92,   +9.01, -0.39, +0.02, +0.62, +0.10]  t_coll=43.1s
  rollout 436  IC=[ -10.77,   -5.92, -0.49, -0.62, +2.92, +0.49]  t_coll=19.0s
  rollout 437  IC=[  -0.04,   -7.18, -0.09, +0.57, -0.66, +0.22]  t_coll=9.5s
  rollout 438  IC=[  +0.35,  +12.63, +0.49, +0.11, +2.01, +0.25]  t_coll=14.7s
  rollout 439  IC=[ -10.61,   +8.70, +0.25, -0.56, -0.89, +0.46]  t_coll=39.0s
  rollout 440  IC=[ +11.08,   +8.00, -0.32, +0.21, -1.20, +0.05]  t_coll=12.0s
  rollout 442  IC=[  +1.74,  -11.86, +0.33, -0.31, -0.59, +0.29]  t_coll=22.1s
  rollout 443  IC=[  +8.51,   -4.27, +0.20, +0.50, -1.27, +0.07]  t_coll=12.2s
  rollout 445  IC=[  +4.41,   -4.54, -0.61, +0.75, -0.42, +0.19]  t_coll=13.0s
  rollout 446  IC=[  -2.84,   +6.91, +0.22, +0.60, +2.89, +0.41]  t_coll=16.1s
  rollout 447  IC=[  +7.20,   -5.53, +0.13, +0.53, +1.63, -0.22]  t_coll=10.3s
  rollout 449  IC=[  +8.75,  -12.48, +0.63, +0.05, -1.94, +0.10]  t_coll=18.4s
  rollout 450  IC=[  +6.53,   -6.99, +0.21, +0.66, -2.09, +0.21]  t_coll=10.4s
  rollout 452  IC=[ +12.26,   -2.76, -0.70, +0.66, -0.23, +0.14]  t_coll=8.1s
  rollout 454  IC=[ +12.08,   -1.18, -0.13, +0.12, -0.13, +0.45]  t_coll=30.9s
  rollout 455  IC=[  -4.86,   +2.00, +0.35, +0.07, -0.83, -0.48]  t_coll=3.8s
  rollout 456  IC=[  +4.02,   -6.31, +0.44, -0.57, +0.93, -0.10]  t_coll=22.1s
  rollout 457  IC=[  +4.27,   +1.95, +0.49, +0.64, -1.52, +0.03]  t_coll=14.6s
  rollout 458  IC=[  -0.68,  -10.46, +0.23, +0.43, -2.01, +0.46]  t_coll=11.8s
  rollout 459  IC=[  +2.22,   -8.07, +0.66, +0.22, -0.49, +0.48]  t_coll=11.4s
  rollout 461  IC=[  -2.32,   +9.87, -0.51, -0.19, +1.45, -0.22]  t_coll=9.6s
  rollout 462  IC=[  -9.66,   -6.44, -0.10, +0.27, +1.10, -0.34]  t_coll=12.1s
  rollout 464  IC=[  -5.73,   -8.92, -0.03, +0.11, -0.96, -0.02]  t_coll=15.2s
  rollout 466  IC=[  -4.52,  +11.67, -0.57, +0.60, -2.77, -0.20]  t_coll=20.3s
  rollout 467  IC=[  +4.61,   +1.56, +0.55, +0.57, +1.60, -0.23]  t_coll=13.7s
  rollout 468  IC=[ +12.36,   +4.04, +0.06, +0.55, +0.61, +0.00]  t_coll=14.1s
  rollout 469  IC=[  +0.66,   +7.97, +0.71, +0.38, -1.28, -0.31]  t_coll=14.1s
  rollout 470  IC=[  -4.30,   +9.25, -0.03, -0.61, -2.66, -0.08]  t_coll=6.2s
  rollout 473  IC=[ -11.13,   -0.55, +0.34, -0.59, +0.79, +0.11]  t_coll=25.5s
  rollout 474  IC=[  +9.90,   +4.37, -0.17, +0.11, -2.34, +0.05]  t_coll=9.7s
  rollout 475  IC=[  +2.19,   +4.53, -0.05, +0.48, -1.22, +0.24]  t_coll=12.8s
  rollout 476  IC=[  -7.08,  +10.45, +0.15, +0.45, +0.69, -0.03]  t_coll=17.1s
  rollout 477  IC=[  -5.55,  -10.35, +0.27, -0.17, +1.33, -0.10]  t_coll=18.5s
  rollout 478  IC=[  +1.85,   -2.62, +0.27, +0.46, +2.24, +0.13]  t_coll=3.6s
  rollout 479  IC=[  +7.72,   +3.92, +0.50, +0.13, -2.45, +0.32]  t_coll=31.9s
  rollout 480  IC=[ +12.65,   +3.38, -0.41, -0.49, -2.66, -0.06]  t_coll=21.6s
  rollout 481  IC=[  +9.56,   +7.76, -0.53, -0.72, -0.38, -0.28]  t_coll=6.8s
  rollout 482  IC=[ +10.57,   +5.79, -0.51, +0.32, +1.15, -0.32]  t_coll=11.2s
  rollout 483  IC=[  +6.58,  -11.45, +0.59, +0.68, -1.25, +0.10]  t_coll=31.8s
  rollout 484  IC=[  -2.95,   +6.66, -0.42, +0.35, -1.12, -0.15]  t_coll=12.4s
  rollout 485  IC=[  -7.84,   +5.17, +0.18, +0.41, +2.20, -0.09]  t_coll=11.7s
  rollout 486  IC=[  -7.89,   -8.70, +0.35, +0.66, +2.19, -0.11]  t_coll=11.7s
  rollout 488  IC=[ +10.61,   -5.42, +0.25, +0.63, -0.54, +0.30]  t_coll=14.9s
  rollout 491  IC=[  -3.91,   +9.75, -0.08, -0.50, -0.83, +0.42]  t_coll=7.2s
  rollout 492  IC=[  -7.04,   +8.40, -0.12, -0.10, -0.63, -0.34]  t_coll=10.0s
  rollout 494  IC=[  -3.45,  +11.17, +0.47, -0.41, +1.58, -0.39]  t_coll=8.9s
  rollout 495  IC=[  -7.95,  +11.32, -0.04, -0.43, -1.80, +0.39]  t_coll=10.0s
  rollout 497  IC=[  -7.84,  -12.30, -0.39, +0.20, +0.47, +0.22]  t_coll=14.2s
  rollout 498  IC=[  +9.55,   +7.12, -0.40, -0.30, -0.58, +0.25]  t_coll=7.7s
  rollout 499  IC=[  -5.07,   -3.22, -0.46, -0.02, -0.30, -0.42]  t_coll=16.7s

Hybrid Learning  (158 collision(s)):
  rollout   6  IC=[  +1.09,  -11.65, +0.49, +0.32, -2.86, -0.42]  t_coll=42.1s
  rollout  15  IC=[  +3.40,  +12.33, -0.12, -0.66, -2.65, -0.29]  t_coll=8.6s
  rollout  16  IC=[  -5.52,   -3.08, +0.50, -0.63, +2.02, +0.32]  t_coll=59.5s
  rollout  19  IC=[  +8.66,   -9.31, -0.73, +0.54, +1.33, +0.36]  t_coll=12.8s
  rollout  25  IC=[  +2.74,  -11.04, +0.09, -0.17, -1.84, -0.12]  t_coll=39.7s
  rollout  27  IC=[  +2.44,   +6.36, +0.52, +0.02, -2.36, -0.27]  t_coll=10.4s
  rollout  31  IC=[  +9.32,  -10.14, -0.58, -0.11, -2.97, -0.38]  t_coll=36.4s
  rollout  33  IC=[  -7.87,   -1.44, -0.25, -0.41, -1.16, -0.35]  t_coll=54.6s
  rollout  35  IC=[  +2.48,  -10.60, +0.66, +0.68, +0.15, +0.16]  t_coll=44.9s
  rollout  37  IC=[  -2.15,   -9.03, +0.36, -0.06, -2.34, -0.10]  t_coll=41.8s
  rollout  43  IC=[  +6.56,   +9.10, -0.17, -0.24, -3.07, -0.23]  t_coll=9.5s
  rollout  45  IC=[  +2.66,   -3.48, +0.74, -0.59, -1.96, -0.07]  t_coll=36.4s
  rollout  46  IC=[  -6.44,   -0.53, +0.58, -0.25, +2.66, -0.31]  t_coll=34.7s
  rollout  49  IC=[  -0.54,   +6.13, -0.13, -0.59, -1.87, -0.49]  t_coll=4.3s
  rollout  55  IC=[  +2.55,   +6.64, +0.27, -0.42, -1.29, +0.00]  t_coll=4.7s
  rollout  59  IC=[  +8.41,   -9.51, -0.43, +0.47, -1.27, -0.01]  t_coll=40.0s
  rollout  60  IC=[ -10.48,   +5.76, +0.57, -0.22, -1.83, +0.42]  t_coll=17.7s
  rollout  61  IC=[  +8.59,   +2.06, +0.07, -0.60, -0.29, +0.32]  t_coll=42.3s
  rollout  66  IC=[  +4.13,   +6.56, -0.63, +0.48, +1.66, -0.45]  t_coll=14.3s
  rollout  71  IC=[  +8.29,   +2.90, +0.40, -0.69, +1.44, -0.46]  t_coll=42.5s
  rollout  73  IC=[  -8.19,   -7.93, -0.06, -0.45, +1.77, -0.19]  t_coll=50.6s
  rollout  74  IC=[  -3.82,   -2.41, +0.16, -0.04, -0.03, +0.37]  t_coll=30.7s
  rollout  75  IC=[  +8.13,  +12.50, +0.31, -0.67, -2.63, -0.49]  t_coll=14.8s
  rollout  78  IC=[  -9.35,   -6.91, +0.56, -0.37, +2.72, -0.07]  t_coll=40.7s
  rollout  79  IC=[  +5.14,   -6.33, +0.69, -0.36, +3.03, -0.23]  t_coll=42.2s
  rollout  81  IC=[ +12.19,   +6.58, -0.42, +0.47, -1.95, -0.35]  t_coll=59.4s
  rollout  90  IC=[  -3.36,   -8.85, -0.52, +0.54, -1.41, +0.13]  t_coll=51.3s
  rollout  94  IC=[  -3.58,   +7.64, +0.60, -0.51, +1.02, -0.32]  t_coll=22.3s
  rollout 101  IC=[  -3.40,   -6.14, -0.20, +0.46, -2.44, -0.29]  t_coll=35.2s
  rollout 106  IC=[  +3.68,   -7.21, +0.15, +0.32, -0.82, -0.42]  t_coll=39.7s
  rollout 116  IC=[  +9.99,   +2.76, -0.48, +0.44, -1.48, +0.33]  t_coll=26.3s
  rollout 118  IC=[  -3.22,   -1.89, -0.52, -0.27, -0.58, +0.04]  t_coll=48.1s
  rollout 120  IC=[  -5.64,  -12.77, +0.54, +0.48, +2.26, -0.22]  t_coll=36.0s
  rollout 121  IC=[  -5.46,  -12.84, +0.18, -0.22, +1.43, +0.33]  t_coll=31.6s
  rollout 124  IC=[  -0.93,   -3.23, -0.53, -0.46, -1.05, +0.45]  t_coll=39.6s
  rollout 130  IC=[  -0.24,   +6.07, -0.03, -0.50, -1.70, -0.50]  t_coll=5.0s
  rollout 131  IC=[  -3.40,  -10.07, +0.34, +0.23, +0.62, +0.42]  t_coll=32.6s
  rollout 142  IC=[  +4.73,   +5.78, -0.56, -0.05, +2.52, -0.25]  t_coll=9.4s
  rollout 143  IC=[  -5.83,   -7.40, +0.70, +0.73, -3.06, +0.26]  t_coll=10.1s
  rollout 146  IC=[  +8.36,   -7.53, +0.19, +0.58, -2.52, +0.33]  t_coll=44.1s
  rollout 150  IC=[  +1.53,   -8.61, +0.15, -0.48, -2.55, +0.22]  t_coll=32.1s
  rollout 151  IC=[  +2.89,   -4.87, +0.17, -0.06, -0.19, -0.09]  t_coll=33.1s
  rollout 154  IC=[  +1.99,   -1.70, -0.33, -0.11, +1.82, +0.10]  t_coll=26.9s
  rollout 155  IC=[  +9.45,   +0.85, +0.06, -0.17, +0.49, -0.04]  t_coll=43.6s
  rollout 156  IC=[  +4.85,   +0.83, -0.16, +0.12, +1.06, +0.22]  t_coll=26.2s
  rollout 159  IC=[  -2.43,   -8.02, -0.22, +0.17, -0.21, +0.28]  t_coll=40.1s
  rollout 167  IC=[  +7.89,   -2.00, -0.24, -0.59, +3.10, -0.47]  t_coll=44.8s
  rollout 169  IC=[  +2.14,   +6.99, -0.57, -0.32, -2.65, +0.14]  t_coll=5.7s
  rollout 174  IC=[  +2.48,   +3.85, -0.35, -0.08, -2.88, -0.11]  t_coll=2.2s
  rollout 175  IC=[  -1.65,   -2.49, +0.06, +0.54, -2.30, +0.16]  t_coll=3.3s
  rollout 187  IC=[  +5.86,   +9.41, -0.07, -0.62, +1.94, +0.12]  t_coll=8.5s
  rollout 189  IC=[  +4.96,  -11.25, +0.32, +0.69, -3.07, -0.39]  t_coll=43.7s
  rollout 191  IC=[  -1.34,  -11.81, -0.37, -0.09, +2.56, +0.23]  t_coll=36.3s
  rollout 194  IC=[ -10.01,   -6.45, +0.67, -0.70, -0.89, -0.02]  t_coll=33.9s
  rollout 199  IC=[  +0.76,   +6.26, +0.13, -0.47, +0.75, -0.42]  t_coll=4.5s
  rollout 202  IC=[  +6.99,  -10.80, +0.54, +0.50, -0.15, +0.32]  t_coll=50.1s
  rollout 204  IC=[  +6.33,   -8.66, -0.54, -0.38, -2.16, +0.02]  t_coll=39.7s
  rollout 206  IC=[  +8.51,   -0.71, -0.00, +0.07, -0.24, -0.02]  t_coll=42.6s
  rollout 207  IC=[  -4.76,   +5.87, +0.66, -0.42, -2.82, +0.21]  t_coll=5.1s
  rollout 208  IC=[  +2.27,   -9.28, +0.64, -0.13, -0.73, +0.35]  t_coll=39.6s
  rollout 211  IC=[  +1.11,  -12.63, -0.16, +0.34, -2.10, +0.25]  t_coll=31.9s
  rollout 213  IC=[  +0.52,   +3.93, -0.70, -0.04, +0.57, -0.13]  t_coll=3.2s
  rollout 215  IC=[  -2.40,   +3.96, +0.08, -0.10, -2.02, +0.26]  t_coll=2.0s
  rollout 219  IC=[  +0.06,   -1.98, -0.32, +0.32, +2.99, -0.27]  t_coll=38.7s
  rollout 221  IC=[  +0.46,   +7.96, -0.33, +0.42, +1.45, -0.01]  t_coll=20.7s
  rollout 232  IC=[  -6.49,   -7.17, +0.20, -0.12, -0.21, -0.12]  t_coll=45.5s
  rollout 233  IC=[  -3.06,   -5.10, +0.23, -0.02, +2.68, +0.00]  t_coll=40.1s
  rollout 234  IC=[  -6.21,   -6.89, +0.17, -0.15, +2.39, -0.07]  t_coll=39.4s
  rollout 235  IC=[  +5.15,  +10.71, -0.59, -0.61, +0.23, -0.19]  t_coll=15.8s
  rollout 236  IC=[  -0.59,   +7.04, -0.28, +0.50, -0.82, -0.20]  t_coll=27.2s
  rollout 238  IC=[  +2.97,   +5.57, -0.43, -0.19, +2.87, -0.35]  t_coll=4.8s
  rollout 239  IC=[ +11.17,   -7.50, -0.53, -0.32, -1.82, +0.34]  t_coll=31.2s
  rollout 241  IC=[  +2.55,  -10.09, -0.42, +0.68, +0.84, -0.43]  t_coll=14.5s
  rollout 249  IC=[  -8.01,   -8.00, +0.74, +0.09, +1.23, -0.08]  t_coll=45.9s
  rollout 251  IC=[ -12.91,   -3.80, +0.49, -0.50, +1.75, -0.09]  t_coll=56.0s
  rollout 258  IC=[  -4.51,   -8.39, +0.65, +0.08, +2.62, +0.44]  t_coll=44.6s
  rollout 264  IC=[  +3.10,   -3.80, +0.32, -0.61, -0.33, -0.18]  t_coll=39.4s
  rollout 265  IC=[  +7.73,  +12.76, +0.09, -0.03, +1.32, +0.41]  t_coll=19.3s
  rollout 267  IC=[  -5.49,   -5.78, +0.31, -0.40, -3.11, +0.24]  t_coll=42.3s
  rollout 268  IC=[  +5.83,  +11.99, -0.21, +0.17, +3.01, +0.13]  t_coll=27.3s
  rollout 271  IC=[  -2.76,  -11.21, -0.49, -0.36, -2.57, +0.08]  t_coll=32.0s
  rollout 272  IC=[  -5.12,   +2.11, +0.24, -0.69, +0.83, -0.06]  t_coll=40.0s
  rollout 275  IC=[  +8.64,  +12.08, -0.62, -0.09, -2.57, +0.31]  t_coll=20.2s
  rollout 276  IC=[  -6.48,   -8.46, -0.35, +0.07, +2.98, +0.07]  t_coll=53.5s
  rollout 277  IC=[  +8.08,   -6.10, -0.64, -0.14, +2.07, -0.17]  t_coll=40.4s
  rollout 287  IC=[  +5.74,   +1.44, -0.22, -0.01, +2.14, -0.46]  t_coll=35.3s
  rollout 289  IC=[  +1.15,  -11.33, -0.26, -0.34, +2.88, +0.02]  t_coll=34.1s
  rollout 294  IC=[ -10.10,  -11.48, +0.02, -0.21, -3.12, -0.28]  t_coll=33.6s
  rollout 295  IC=[  -2.96,   -0.95, -0.05, -0.02, -2.53, +0.15]  t_coll=3.6s
  rollout 300  IC=[  +1.23,   +6.27, -0.01, +0.31, -0.46, -0.35]  t_coll=12.7s
  rollout 301  IC=[  +5.52,  +10.25, -0.51, -0.05, +2.46, +0.07]  t_coll=17.4s
  rollout 307  IC=[  -2.94,   -4.16, +0.30, -0.29, +1.66, -0.46]  t_coll=42.3s
  rollout 326  IC=[  +4.15,  -10.44, +0.50, +0.22, -0.73, +0.45]  t_coll=37.6s
  rollout 327  IC=[ +11.29,   +1.20, -0.74, -0.45, +1.23, -0.21]  t_coll=43.1s
  rollout 332  IC=[  -0.40,   +4.89, +0.13, +0.27, +1.03, -0.35]  t_coll=13.3s
  rollout 333  IC=[  +5.34,   -8.79, -0.30, +0.65, -2.48, +0.17]  t_coll=41.8s
  rollout 335  IC=[  +0.69,  -11.68, -0.06, +0.61, +0.70, +0.39]  t_coll=12.0s
  rollout 338  IC=[  +8.58,   +7.24, -0.20, +0.73, -1.23, -0.39]  t_coll=31.3s
  rollout 341  IC=[  +5.08,   -5.95, -0.45, +0.09, -1.66, +0.05]  t_coll=37.7s
  rollout 346  IC=[  +7.13,   +0.26, +0.02, +0.26, +1.92, -0.11]  t_coll=48.5s
  rollout 348  IC=[  +5.19,   +9.50, +0.17, +0.47, +1.58, -0.27]  t_coll=25.9s
  rollout 350  IC=[  +3.19,   +4.24, -0.58, +0.10, +0.02, -0.01]  t_coll=9.3s
  rollout 351  IC=[  +0.45,   +3.93, +0.45, -0.08, -2.65, -0.16]  t_coll=5.6s
  rollout 356  IC=[  -1.80,   +8.74, +0.42, -0.70, -0.68, -0.17]  t_coll=7.3s
  rollout 357  IC=[ +11.45,   -1.89, +0.01, +0.20, +2.07, +0.20]  t_coll=47.4s
  rollout 362  IC=[  +0.98,   +5.42, +0.55, +0.55, -0.25, +0.05]  t_coll=13.9s
  rollout 363  IC=[  +1.65,  -10.72, +0.30, -0.44, +1.30, +0.22]  t_coll=32.8s
  rollout 365  IC=[  -7.79,   -1.61, +0.70, +0.40, -0.38, +0.08]  t_coll=6.4s
  rollout 369  IC=[  +1.16,   -4.96, -0.35, +0.49, -1.46, +0.32]  t_coll=41.2s
  rollout 373  IC=[  +7.01,  +12.76, -0.56, -0.45, +2.15, -0.43]  t_coll=15.8s
  rollout 374  IC=[  -6.99,   +7.29, -0.33, +0.14, -2.09, +0.12]  t_coll=21.5s
  rollout 376  IC=[  -4.46,  -12.15, -0.03, -0.12, -0.43, -0.11]  t_coll=38.2s
  rollout 379  IC=[  +5.57,  +12.10, +0.18, -0.24, +2.23, -0.16]  t_coll=25.4s
  rollout 383  IC=[  +3.32,   -4.71, -0.13, +0.14, -2.83, +0.46]  t_coll=30.8s
  rollout 388  IC=[  +5.91,   -0.94, +0.51, -0.02, -2.74, -0.18]  t_coll=44.4s
  rollout 394  IC=[  +7.76,   -0.39, +0.02, +0.33, +1.01, -0.25]  t_coll=44.0s
  rollout 396  IC=[  +5.77,   +1.73, +0.31, -0.67, +0.73, +0.25]  t_coll=45.0s
  rollout 397  IC=[  +8.98,   +1.52, +0.26, -0.57, +2.62, -0.09]  t_coll=42.1s
  rollout 400  IC=[  +3.94,   +4.87, -0.05, -0.51, -2.18, +0.28]  t_coll=3.9s
  rollout 401  IC=[  +0.17,  -10.12, +0.10, -0.18, +0.83, -0.29]  t_coll=47.4s
  rollout 403  IC=[  -4.90,  -11.65, +0.14, +0.17, -1.11, +0.28]  t_coll=40.5s
  rollout 405  IC=[  +4.72,  -12.75, -0.71, +0.64, +0.88, +0.32]  t_coll=34.0s
  rollout 407  IC=[ +11.23,   +1.14, -0.58, -0.08, +0.59, +0.19]  t_coll=43.1s
  rollout 408  IC=[  -6.45,   -2.68, +0.56, -0.09, -3.10, -0.33]  t_coll=10.6s
  rollout 409  IC=[  -0.29,   +4.25, -0.72, -0.20, +0.97, -0.38]  t_coll=2.7s
  rollout 411  IC=[  -9.05,   -3.64, +0.23, -0.37, -0.77, +0.05]  t_coll=57.4s
  rollout 413  IC=[  +5.34,   -3.87, -0.53, +0.65, -2.00, -0.43]  t_coll=7.3s
  rollout 416  IC=[  +8.77,   -4.95, -0.31, +0.10, -2.42, -0.16]  t_coll=43.4s
  rollout 417  IC=[  -8.34,   -4.87, +0.68, +0.40, +1.56, -0.20]  t_coll=18.9s
  rollout 418  IC=[  +4.40,   +3.46, -0.13, -0.32, -1.12, +0.08]  t_coll=26.5s
  rollout 428  IC=[  +9.04,   -4.54, +0.09, +0.67, -0.48, +0.05]  t_coll=41.4s
  rollout 432  IC=[  +7.14,   -8.76, -0.58, +0.14, +2.81, -0.41]  t_coll=36.7s
  rollout 437  IC=[  -0.04,   -7.18, -0.09, +0.57, -0.66, +0.22]  t_coll=7.3s
  rollout 440  IC=[ +11.08,   +8.00, -0.32, +0.21, -1.20, +0.05]  t_coll=27.1s
  rollout 442  IC=[  +1.74,  -11.86, +0.33, -0.31, -0.59, +0.29]  t_coll=36.1s
  rollout 443  IC=[  +8.51,   -4.27, +0.20, +0.50, -1.27, +0.07]  t_coll=41.7s
  rollout 444  IC=[ -11.75,   -9.30, +0.33, -0.28, -0.63, +0.02]  t_coll=33.4s
  rollout 445  IC=[  +4.41,   -4.54, -0.61, +0.75, -0.42, +0.19]  t_coll=4.8s
  rollout 447  IC=[  +7.20,   -5.53, +0.13, +0.53, +1.63, -0.22]  t_coll=38.0s
  rollout 448  IC=[ -10.36,   -0.11, +0.34, -0.26, -0.78, +0.28]  t_coll=55.8s
  rollout 450  IC=[  +6.53,   -6.99, +0.21, +0.66, -2.09, +0.21]  t_coll=38.4s
  rollout 452  IC=[ +12.26,   -2.76, -0.70, +0.66, -0.23, +0.14]  t_coll=33.6s
  rollout 453  IC=[  +6.81,   -7.69, -0.47, +0.36, +2.21, -0.01]  t_coll=32.9s
  rollout 454  IC=[ +12.08,   -1.18, -0.13, +0.12, -0.13, +0.45]  t_coll=47.1s
  rollout 455  IC=[  -4.86,   +2.00, +0.35, +0.07, -0.83, -0.48]  t_coll=4.5s
  rollout 456  IC=[  +4.02,   -6.31, +0.44, -0.57, +0.93, -0.10]  t_coll=39.9s
  rollout 459  IC=[  +2.22,   -8.07, +0.66, +0.22, -0.49, +0.48]  t_coll=39.5s
  rollout 464  IC=[  -5.73,   -8.92, -0.03, +0.11, -0.96, -0.02]  t_coll=55.0s
  rollout 475  IC=[  +2.19,   +4.53, -0.05, +0.48, -1.22, +0.24]  t_coll=15.9s
  rollout 477  IC=[  -5.55,  -10.35, +0.27, -0.17, +1.33, -0.10]  t_coll=35.5s
  rollout 478  IC=[  +1.85,   -2.62, +0.27, +0.46, +2.24, +0.13]  t_coll=3.2s
  rollout 482  IC=[ +10.57,   +5.79, -0.51, +0.32, +1.15, -0.32]  t_coll=20.7s
  rollout 486  IC=[  -7.89,   -8.70, +0.35, +0.66, +2.19, -0.11]  t_coll=19.6s
  rollout 488  IC=[ +10.61,   -5.42, +0.25, +0.63, -0.54, +0.30]  t_coll=37.8s
  rollout 489  IC=[  +7.21,   -3.96, +0.38, -0.62, +2.16, -0.47]  t_coll=42.2s
  rollout 491  IC=[  -3.91,   +9.75, -0.08, -0.50, -0.83, +0.42]  t_coll=23.3s
  rollout 494  IC=[  -3.45,  +11.17, +0.47, -0.41, +1.58, -0.39]  t_coll=16.9s
  rollout 498  IC=[  +9.55,   +7.12, -0.40, -0.30, -0.58, +0.25]  t_coll=12.8s
------------------------------------------------------------
Results saved to ./outputs/4way_comparison/comparison_results.json
Metrics plot saved to ./outputs/4way_comparison/metrics_comparison.png
Skipping docking-time histogram: no common-success ICs or grid-based controller not present.
Figure saved to ./outputs/4way_comparison/trajectory_comparison.png
Figure saved to ./outputs/4way_comparison/simulation_data_comparison.png

All outputs saved to ./outputs/4way_comparison
Done.
COMPARE_DONE
